 Isource: Independent current source
     device             i.xdut.i0
         dc                 4e-05
          m                     1
      acmag                     0
      pulse         -
        sin         -
        exp         -
        pwl         -
       sffm         -
         am         -
    trnoise         -
   trrandom         -
          v             -0.734523
          p           2.93809e-05
    current                 4e-05

 Vsource: Independent voltage source
     device               vinn_dc                  vinp                   vss
         dc                   0.6                   0.6                     0
      acmag                     1                     0                     0
      pulse         -         -         -
        sin         -         -         -
        exp         -         -         -
        pwl         -         -         -
       sffm         -         -         -
         am         -         -         -
    trnoise         -         -         -
   trrandom         -         -         -
    portnum                     0                     0                     0
         z0                     0                     0                     0
        pwr                     0                     0                     0
       freq                     0                     0                     0
      phase                     0                     0                     0
          i                     0           2.17959e-11           0.000523604
          p                     0           1.30775e-11                     0

 Vsource: Independent voltage source
     device                   vdd
         dc                   1.2
      acmag                     0
      pulse         -
        sin         -
        exp         -
        pwl         -
       sffm         -
         am         -
    trnoise         -
   trrandom         -
    portnum                     0
         z0                     0
        pwr                     0
       freq                     0
      phase                     0
          i          -0.000523604
          p          -0.000628325

 PSP103VA: A simulator independent device loaded with OSDI
     device n.xdut.xm13.nsg13_lv_ n.xdut.xm18.nsg13_lv_ n.xdut.xm12.nsg13_lv_
      model xdut.xm13:sg13g2_lv_n xdut.xm18:sg13g2_lv_n xdut.xm12:sg13g2_lv_n
   _mfactor                     1                     1                     1
          m                     1                     1                     1
          l               4.5e-07               4.5e-07               4.5e-07
          w                 3e-06                 3e-06                 3e-06
         sa                     0                     0                     0
         sb                     0                     0                     0
         sd                     0                     0                     0
        sca                     0                     0                     0
        scb                     0                     0                     0
        scc                     0                     0                     0
         sc                     0                     0                     0
         nf                     1                     1                     1
      ngcon                     2                     2                     2
        xgw                 1e-07                 1e-07                 1e-07
        nrs                     0                     0                     0
        nrd                     0                     0                     0
         jw                 1e-06                 1e-06                 1e-06
     delvto                     0                     0                     0
     factuo                     1                     1                     1
 delvtoedge                     0                     0                     0
 factuoedge                     1                     1                     1
   absource                 1e-12                 1e-12                 1e-12
   lssource                 1e-06                 1e-06                 1e-06
   lgsource                 1e-06                 1e-06                 1e-06
    abdrain                 1e-12                 1e-12                 1e-12
    lsdrain                 1e-06                 1e-06                 1e-06
    lgdrain                 1e-06                 1e-06                 1e-06
         as              1.02e-12              1.02e-12              1.02e-12
         ps              6.68e-06              6.68e-06              6.68e-06
         ad              1.02e-12              1.02e-12              1.02e-12
         pd              6.68e-06              6.68e-06              6.68e-06
       mult                    16                    16                    16
      trise                     0                     0                     0
        dta                     0                     0                     0
    ifactor                     1                     1                     1
    cfactor                     1                     1                     1
      ctype                     1                     1                     1
      sdint                     1                     1                     1
        ise          -4.21907e-05          -4.21907e-05          -4.21907e-05
        ige           3.63902e-12           5.81546e-12           3.63903e-12
        ide           4.21907e-05           4.21907e-05           4.21907e-05
        ibe          -2.14084e-14          -4.29373e-15          -2.14083e-14
        ids           4.21907e-05           4.21907e-05           4.21907e-05
        idb           1.71147e-14           4.29373e-15           1.71146e-14
        isb           4.29373e-15                     0           4.29373e-15
        igs           1.98899e-12           3.02011e-12           1.98899e-12
        igd           1.65003e-12           2.79535e-12           1.65003e-12
        igb           4.04807e-22           7.01442e-22           4.04808e-22
     idedge                     0                     0                     0
       igcs           1.68959e-12           2.69912e-12            1.6896e-12
       igcd           1.62727e-12           2.59177e-12           1.62727e-12
       iavl           1.11845e-36          4.54284e-111           1.11775e-36
      igisl                     0                     0                     0
      igidl                     0                     0                     0
        ijs          -4.29373e-15                     0          -4.29373e-15
     ijsbot          -3.13441e-17                     0          -3.13441e-17
     ijsgat          -3.73039e-15                     0          -3.73039e-15
     ijssti          -5.31995e-16                     0          -5.31995e-16
        ijd          -1.71147e-14          -4.29373e-15          -1.71146e-14
     ijdbot          -1.04112e-16          -3.13441e-17          -1.04112e-16
     ijdgat          -1.51829e-14          -3.73039e-15          -1.51828e-14
     ijdsti          -1.82769e-15          -5.31995e-16          -1.82768e-15
        vds              0.253321             0.0615501              0.253319
        vgs              0.305221              0.314869              0.305221
        vsb             0.0615501                     0               0.06155
        vto              0.288102              0.288102              0.288102
        vts              0.295394              0.288101              0.295393
        vth              0.295393              0.288101              0.295393
        vgt            0.00982784             0.0267681            0.00982793
       vdss              0.120646              0.124871              0.120646
       vsat              0.132675            -0.0633205              0.132673
         gm           0.000928959           0.000845883           0.000928959
        gmb           0.000120346           0.000116916           0.000120346
        gds           5.38055e-05           0.000292739           5.38056e-05
        gjs           5.77484e-14           9.08847e-14           5.77484e-14
        gjd           4.72169e-14           5.77484e-14            4.7217e-14
        cdd            9.9436e-17           1.14076e-14           9.94377e-17
        cdg           1.80807e-14            3.1343e-14           1.80808e-14
        cds          -2.03802e-14          -2.42104e-14          -2.03802e-14
        cdb           2.39892e-15            4.2751e-15           2.39892e-15
        cgd            1.2924e-16           1.49003e-14           1.29242e-16
        cgg           6.99314e-14           9.17017e-14           6.99315e-14
        cgs           5.07199e-14           6.02005e-14             5.072e-14
        cgb           1.90823e-14           1.66008e-14           1.90823e-14
        csd           -4.4384e-17          -5.08514e-15          -4.43848e-17
        csg           3.16023e-14           4.19818e-14           3.16024e-14
        css           3.57544e-14           4.26299e-14           3.57544e-14
        csb           4.19646e-15           5.73324e-15           4.19646e-15
        cbd           1.45803e-17           1.59245e-15           1.45806e-17
        cbg           2.02484e-14           1.83769e-14           2.02484e-14
        cbs           5.41472e-15           6.63982e-15           5.41473e-15
        cbb           2.56777e-14           2.66092e-14           2.56777e-14
      cgsol           2.98083e-14           2.98287e-14           2.98083e-14
      cgdol           2.91953e-14           2.96947e-14           2.91954e-14
        cjs           1.87688e-14           1.92978e-14           1.87688e-14
     cjsbot           1.58454e-14            1.6311e-14           1.58454e-14
     cjsgat           1.44293e-15           1.47101e-15           1.44293e-15
     cjssti            1.4805e-15           1.51578e-15            1.4805e-15
        cjd           1.71086e-14           1.87688e-14           1.71086e-14
     cjdbot           1.43928e-14           1.58454e-14           1.43928e-14
     cjdgat            1.3469e-15           1.44293e-15            1.3469e-15
     cjdsti           1.36886e-15            1.4805e-15           1.36886e-15
       weff              3.02e-06              3.02e-06              3.02e-06
       leff           3.91154e-07           3.91154e-07           3.91154e-07
          u               17.2651               2.88954               17.2651
       rout               18585.5               3416.01               18585.4
     vearly              0.784133              0.144124              0.784131
       beff              0.873635              0.117764              0.873619
        fug           1.14669e+09            8.9024e+08           1.14669e+09
         rg              0.603009              0.603009              0.603009
        sfl           6.82225e-18           6.40981e-18           6.82225e-18
    sqrtsff           8.89134e-08           9.46482e-08           8.89135e-08
    sqrtsfw           3.51042e-09            4.3663e-09           3.51042e-09
        sid           1.06344e-23           1.36411e-23           1.06343e-23
        sig           2.76593e-37           4.26636e-37           2.76594e-37
      cigid              0.525343              0.349123              0.525343
      fknee                641529                469891                641530
       sigs           6.37349e-31           9.67758e-31            6.3735e-31
       sigd           5.28733e-31           8.95737e-31           5.28734e-31
      siavl           3.58393e-55           1.4557e-129           3.58169e-55
        ssi           1.37588e-33                     0           1.37587e-33
        sdi            5.4842e-33           1.37588e-33           5.48417e-33
    sfledge                     0                     0                     0
    sidedge                     0                     0                     0
     lp_vfb             -0.912605             -0.912605             -0.912605
   lp_stvfb           0.000755275           0.000755275           0.000755275
  lp_st2vfb                     0                     0                     0
     lp_tox            2.2404e-09            2.2404e-09            2.2404e-09
  lp_epsrox                   3.9                   3.9                   3.9
    lp_neff           2.24686e+23           2.24686e+23           2.24686e+23
lp_facneffa                     1                     1                     1
 lp_gfacnud                     1                     1                     1
  lp_vsbnud                     0                     0                     0
 lp_dvsbnud                     1                     1                     1
   lp_vnsub                     0                     0                     0
    lp_nslp                  0.05                  0.05                  0.05
   lp_dnsub            4.4409e-16            4.4409e-16            4.4409e-16
   lp_dphib           -0.00433896           -0.00433896           -0.00433896
 lp_delvtac                     0                     0                     0
      lp_np            4.6457e+26            4.6457e+26            4.6457e+26
   lp_toxov            2.2404e-09            2.2404e-09            2.2404e-09
  lp_toxovd            2.2404e-09            2.2404e-09            2.2404e-09
     lp_nov            3.5714e+25            3.5714e+25            3.5714e+25
    lp_novd            3.5714e+25            3.5714e+25            3.5714e+25
      lp_ct             0.0928549             0.0928549             0.0928549
     lp_ctg                     0                     0                     0
     lp_ctb                     0                     0                     0
    lp_stct                     1                     1                     1
      lp_cf           3.47267e-06           3.47267e-06           3.47267e-06
    lp_cfac           3.47267e-06           3.47267e-06           3.47267e-06
     lp_cfd                     0                     0                     0
     lp_cfb                0.6952                0.6952                0.6952
    lp_psce                     0                     0                     0
   lp_psceb                     0                     0                     0
   lp_psced                     0                     0                     0
    lp_betn              0.334216              0.334216              0.334216
   lp_stbet               2.32878               2.32878               2.32878
     lp_mue              0.785522              0.785522              0.785522
   lp_stmue               0.98971               0.98971               0.98971
   lp_themu               1.79921               1.79921               1.79921
 lp_stthemu             4.441e-15             4.441e-15             4.441e-15
      lp_cs              0.720215              0.720215              0.720215
    lp_stcs                2.9406                2.9406                2.9406
   lp_thecs                1.1822                1.1822                1.1822
 lp_stthecs                     0                     0                     0
    lp_xcor             0.0365095             0.0365095             0.0365095
  lp_stxcor                     2                     2                     2
    lp_feta                     1                     1                     1
      lp_rs               30.9934               30.9934               30.9934
    lp_strs              -0.49693              -0.49693              -0.49693
     lp_rsb             -0.099725             -0.099725             -0.099725
     lp_rsg              0.074518              0.074518              0.074518
  lp_thesat               1.32686               1.32686               1.32686
lp_thesatac               1.32686               1.32686               1.32686
lp_stthesat               2.53259               2.53259               2.53259
 lp_thesatb               0.08213               0.08213               0.08213
 lp_thesatg                0.1146                0.1146                0.1146
      lp_ax               3.75879               3.75879               3.75879
    lp_axac               3.75879               3.75879               3.75879
     lp_alp             0.0227515             0.0227515             0.0227515
   lp_alpac             0.0227515             0.0227515             0.0227515
    lp_alp1             0.0230308             0.0230308             0.0230308
    lp_alp2               3.24486               3.24486               3.24486
      lp_vp               0.32224               0.32224               0.32224
      lp_a1               6.94904               6.94904               6.94904
      lp_a2                 17.75                 17.75                 17.75
    lp_sta2              0.068723              0.068723              0.068723
      lp_a3              0.617478              0.617478              0.617478
      lp_a4               0.04649               0.04649               0.04649
     lp_gco                    10                    10                    10
   lp_iginv                220549                220549                220549
    lp_igov               268.954               268.954               268.954
   lp_igovd               268.954               268.954               268.954
    lp_stig                2.9949                2.9949                2.9949
     lp_gc2                0.8413                0.8413                0.8413
     lp_gc3               -0.4698               -0.4698               -0.4698
   lp_gc2ov                0.8413                0.8413                0.8413
   lp_gc3ov               -0.4698               -0.4698               -0.4698
    lp_chib                   3.1                   3.1                   3.1
   lp_agidl           0.000112138           0.000112138           0.000112138
  lp_agidld           0.000112138           0.000112138           0.000112138
   lp_bgidl                 19.92                 19.92                 19.92
  lp_bgidld                 19.92                 19.92                 19.92
 lp_stbgidl                     0                     0                     0
lp_stbgidld                     0                     0                     0
   lp_cgidl               0.06641               0.06641               0.06641
  lp_cgidld               0.06641               0.06641               0.06641
     lp_cox           1.75103e-14           1.75103e-14           1.75103e-14
    lp_cgov           1.36503e-15           1.36503e-15           1.36503e-15
   lp_cgovd           1.36503e-15           1.36503e-15           1.36503e-15
lp_fcgovacc                     0                     0                     0
lp_fcgovacc                     0                     0                     0
lp_cgovaccg                     1                     1                     1
   lp_cgbov           1.93747e-28           1.93747e-28           1.93747e-28
    lp_cinr                     0                     0                     0
   lp_cinrd                     0                     0                     0
 lp_dvfbinr                     0                     0                     0
lp_fcinrdep                   0.3                   0.3                   0.3
lp_fcinracc                   0.5                   0.5                   0.5
   lp_axinr                   0.5                   0.5                   0.5
     lp_cfr              5.98e-16              5.98e-16              5.98e-16
    lp_cfrd              5.98e-16              5.98e-16              5.98e-16
     lp_fnt                     1                     1                     1
  lp_fntexc                     0                     0                     0
     lp_nfa           4.66371e+25           4.66371e+25           4.66371e+25
     lp_nfb           6.28279e+08           6.28279e+08           6.28279e+08
     lp_nfc                     0                     0                     0
      lp_ef                     1                     1                     1
 lp_vfbedge                     0                     0                     0
lp_stvfbedg                0.0005                0.0005                0.0005
lp_dphibedg                     0                     0                     0
lp_neffedge                 5e+23                 5e+23                 5e+23
  lp_ctedge                     0                     0                     0
lp_betnedge                     0                     0                     0
lp_stbetedg                     1                     1                     1
lp_psceedge                     0                     0                     0
lp_pscebedg                     0                     0                     0
lp_pscededg                     0                     0                     0
  lp_cfedge                     0                     0                     0
 lp_cfdedge                     0                     0                     0
 lp_cfbedge                     0                     0                     0
 lp_fntedge                     1                     1                     1
 lp_nfaedge           1.02262e+25           1.02262e+25           1.02262e+25
 lp_nfbedge           3.83481e+09           3.83481e+09           3.83481e+09
 lp_nfcedge                     0                     0                     0
  lp_efedge                     1                     1                     1
      lp_rg               9.64815               9.64815               9.64815
     lp_rse                     0                     0                     0
     lp_rde                     0                     0                     0
   lp_rbulk                     0                     0                     0
   lp_rwell                     0                     0                     0
   lp_rjuns                     0                     0                     0
   lp_rjund                     0                     0                     0
         tk                300.15                300.15                300.15
    cjosbot           1.60092e-14           1.60092e-14           1.60092e-14
    cjossti           1.48773e-15           1.48773e-15           1.48773e-15
    cjosgat           1.44379e-15           1.44379e-15           1.44379e-15
    vbisbot              0.697746              0.697746              0.697746
    vbissti              0.779354              0.779354              0.779354
    vbisgat               2.01486               2.01486               2.01486
  idsatsbot           2.70575e-18           2.70575e-18           2.70575e-18
  idsatssti           3.67316e-19           3.67316e-19           3.67316e-19
  idsatsgat                     0                     0                     0
   cjosbotd           1.60092e-14           1.60092e-14           1.60092e-14
   cjosstid           1.48773e-15           1.48773e-15           1.48773e-15
   cjosgatd           1.44379e-15           1.44379e-15           1.44379e-15
   vbisbotd              0.697746              0.697746              0.697746
   vbisstid              0.779354              0.779354              0.779354
   vbisgatd               2.01486               2.01486               2.01486
 idsatsbotd           2.70575e-18           2.70575e-18           2.70575e-18
 idsatsstid           3.67316e-19           3.67316e-19           3.67316e-19
 idsatsgatd                     0                     0                     0

 PSP103VA: A simulator independent device loaded with OSDI
     device n.xdut.xm14.nsg13_lv_ n.xdut.xm17.nsg13_lv_ n.xdut.xm16.nsg13_lv_
      model xdut.xm14:sg13g2_lv_n xdut.xm17:sg13g2_lv_n xdut.xm16:sg13g2_lv_n
   _mfactor                     1                     1                     1
          m                     1                     1                     1
          l               4.5e-07               4.5e-07               4.5e-07
          w                 3e-06                 3e-06                 3e-06
         sa                     0                     0                     0
         sb                     0                     0                     0
         sd                     0                     0                     0
        sca                     0                     0                     0
        scb                     0                     0                     0
        scc                     0                     0                     0
         sc                     0                     0                     0
         nf                     1                     1                     1
      ngcon                     2                     2                     2
        xgw                 1e-07                 1e-07                 1e-07
        nrs                     0                     0                     0
        nrd                     0                     0                     0
         jw                 1e-06                 1e-06                 1e-06
     delvto                     0                     0                     0
     factuo                     1                     1                     1
 delvtoedge                     0                     0                     0
 factuoedge                     1                     1                     1
   absource                 1e-12                 1e-12                 1e-12
   lssource                 1e-06                 1e-06                 1e-06
   lgsource                 1e-06                 1e-06                 1e-06
    abdrain                 1e-12                 1e-12                 1e-12
    lsdrain                 1e-06                 1e-06                 1e-06
    lgdrain                 1e-06                 1e-06                 1e-06
         as              1.02e-12              1.02e-12              1.02e-12
         ps              6.68e-06              6.68e-06              6.68e-06
         ad              1.02e-12              1.02e-12              1.02e-12
         pd              6.68e-06              6.68e-06              6.68e-06
       mult                     4                    16                    16
      trise                     0                     0                     0
        dta                     0                     0                     0
    ifactor                     1                     1                     1
    cfactor                     1                     1                     1
      ctype                     1                     1                     1
      sdint                     1                     1                     1
        ise          -4.19762e-05          -4.21907e-05          -2.57469e-05
        ige           2.76029e-12           5.81546e-12           1.24944e-13
        ide           4.19762e-05           4.21907e-05           2.57469e-05
        ibe           -4.8864e-15          -4.29373e-15          -4.41043e-14
        ids           4.19762e-05           4.21907e-05           2.57469e-05
        idb            4.8864e-15           4.29373e-15           3.78531e-14
        isb                     0                     0           6.25115e-15
        igs            1.5032e-12           3.02011e-12            8.9925e-13
        igd           1.25709e-12           2.79535e-12          -7.74306e-13
        igb            3.2274e-22           7.01442e-22           1.61893e-22
     idedge                     0                     0                     0
       igcs           1.38751e-12           2.69912e-12           6.68544e-13
       igcd           1.25709e-12           2.59177e-12           6.57919e-13
       iavl           1.48708e-27          4.54277e-111            3.2619e-16
      igisl                     0                     0                     0
      igidl          3.52705e-125                     0           3.82299e-32
        ijs                     0                     0          -6.25115e-15
     ijsbot                     0                     0          -4.38688e-17
     ijsgat                     0                     0          -5.45059e-15
     ijssti                     0                     0          -7.56697e-16
        ijd           -4.8864e-15          -4.29373e-15           -3.7527e-14
     ijdbot          -2.90478e-17          -3.13441e-17           -1.9688e-16
     ijdgat          -4.34826e-15          -3.73039e-15          -3.39635e-14
     ijdsti          -5.09093e-16          -5.31995e-16          -3.36659e-15
        vds              0.366771               0.06155              0.672601
        vgs              0.366771              0.314869              0.269848
        vsb                     0                     0              0.096923
        vto              0.288102              0.288102              0.288102
        vts                0.2881              0.288101              0.299487
        vth              0.288099              0.288101              0.299485
        vgt             0.0786714             0.0267681             -0.029637
       vdss              0.142397              0.124871              0.114503
       vsat              0.224374            -0.0633206              0.558098
         gm           0.000627464           0.000845883           0.000646091
        gmb           8.24505e-05           0.000116916           7.78152e-05
        gds           3.15563e-05            0.00029274            2.1357e-05
        gjs           2.27212e-14           9.08847e-14           5.36459e-14
        gjd           1.16228e-14           5.77484e-14           4.31047e-14
        cdd           5.32106e-17           1.14077e-14           1.48573e-17
        cdg           8.39697e-15            3.1343e-14           8.68675e-15
        cds          -9.46355e-15          -2.42104e-14          -9.82309e-15
        cdb           1.11979e-15           4.27511e-15            1.1512e-15
        cgd           6.66728e-17           1.49003e-14           1.98087e-17
        cgg           2.61209e-14           9.17017e-14           4.76416e-14
        cgs           2.23812e-14           6.02005e-14           2.56542e-14
        cgb           3.67298e-15           1.66008e-14           2.19676e-14
        csd          -2.11942e-17          -5.08515e-15          -7.37869e-18
        csg           1.35603e-14           4.19818e-14           1.63711e-14
        css           1.53509e-14           4.26299e-14           1.85341e-14
        csb           1.81177e-15           5.73324e-15           2.17038e-15
        cbd             7.732e-18           1.59246e-15           2.42726e-18
        cbg           4.16358e-15           1.83769e-14           2.25838e-14
        cbs           2.43323e-15           6.63982e-15           2.70295e-15
        cbb           6.60454e-15           2.66092e-14           2.52892e-14
      cgsol           7.48367e-15           2.98287e-14           2.97316e-14
      cgdol           7.26309e-15           2.96947e-14           2.77988e-14
        cjs           4.82446e-15           1.92978e-14           1.84925e-14
     cjsbot           4.07776e-15            1.6311e-14           1.56026e-14
     cjsgat           3.67753e-16           1.47101e-15           1.42785e-15
     cjssti           3.78946e-16           1.51578e-15           1.46202e-15
        cjd           4.20978e-15           1.87688e-14           1.52168e-14
     cjdbot           3.53965e-15           1.58454e-14           1.27595e-14
     cjdgat            3.3248e-16           1.44293e-15           1.21789e-15
     cjdsti           3.37645e-16            1.4805e-15           1.23939e-15
       weff              3.02e-06              3.02e-06              3.02e-06
       leff           3.91154e-07           3.91154e-07           3.91154e-07
          u                19.884               2.88954                30.252
       rout               31689.4                  3416               46823.2
     vearly                1.3302              0.144123               1.20555
       beff             0.0135644              0.117764             0.0586254
        fug            2.4436e+09           8.90239e+08           9.77718e+08
         rg               2.41204              0.603009              0.603009
        sfl           1.42607e-17           6.40981e-18           2.01304e-18
    sqrtsff           1.90319e-07           9.46482e-08           6.94437e-08
    sqrtsfw           4.49501e-09            4.3663e-09           4.15968e-09
        sid           7.95499e-24           1.36411e-23           7.22282e-24
        sig           8.79781e-38           4.26636e-37           9.45314e-38
      cigid               0.48981              0.349123              0.542494
      fknee           1.79268e+06                469891                278705
       sigs           4.81682e-31           9.67759e-31           2.88154e-31
       sigd           4.02821e-31           8.95737e-31           6.69762e-31
      siavl           4.76516e-46          1.45568e-129           1.04524e-34
        ssi                     0                     0           2.00311e-33
        sdi           1.56579e-33           1.37587e-33           1.20251e-32
    sfledge                     0                     0                     0
    sidedge                     0                     0                     0
     lp_vfb             -0.912605             -0.912605             -0.912605
   lp_stvfb           0.000755275           0.000755275           0.000755275
  lp_st2vfb                     0                     0                     0
     lp_tox            2.2404e-09            2.2404e-09            2.2404e-09
  lp_epsrox                   3.9                   3.9                   3.9
    lp_neff           2.24686e+23           2.24686e+23           2.24686e+23
lp_facneffa                     1                     1                     1
 lp_gfacnud                     1                     1                     1
  lp_vsbnud                     0                     0                     0
 lp_dvsbnud                     1                     1                     1
   lp_vnsub                     0                     0                     0
    lp_nslp                  0.05                  0.05                  0.05
   lp_dnsub            4.4409e-16            4.4409e-16            4.4409e-16
   lp_dphib           -0.00433896           -0.00433896           -0.00433896
 lp_delvtac                     0                     0                     0
      lp_np            4.6457e+26            4.6457e+26            4.6457e+26
   lp_toxov            2.2404e-09            2.2404e-09            2.2404e-09
  lp_toxovd            2.2404e-09            2.2404e-09            2.2404e-09
     lp_nov            3.5714e+25            3.5714e+25            3.5714e+25
    lp_novd            3.5714e+25            3.5714e+25            3.5714e+25
      lp_ct             0.0928549             0.0928549             0.0928549
     lp_ctg                     0                     0                     0
     lp_ctb                     0                     0                     0
    lp_stct                     1                     1                     1
      lp_cf           3.47267e-06           3.47267e-06           3.47267e-06
    lp_cfac           3.47267e-06           3.47267e-06           3.47267e-06
     lp_cfd                     0                     0                     0
     lp_cfb                0.6952                0.6952                0.6952
    lp_psce                     0                     0                     0
   lp_psceb                     0                     0                     0
   lp_psced                     0                     0                     0
    lp_betn              0.334216              0.334216              0.334216
   lp_stbet               2.32878               2.32878               2.32878
     lp_mue              0.785522              0.785522              0.785522
   lp_stmue               0.98971               0.98971               0.98971
   lp_themu               1.79921               1.79921               1.79921
 lp_stthemu             4.441e-15             4.441e-15             4.441e-15
      lp_cs              0.720215              0.720215              0.720215
    lp_stcs                2.9406                2.9406                2.9406
   lp_thecs                1.1822                1.1822                1.1822
 lp_stthecs                     0                     0                     0
    lp_xcor             0.0365095             0.0365095             0.0365095
  lp_stxcor                     2                     2                     2
    lp_feta                     1                     1                     1
      lp_rs               30.9934               30.9934               30.9934
    lp_strs              -0.49693              -0.49693              -0.49693
     lp_rsb             -0.099725             -0.099725             -0.099725
     lp_rsg              0.074518              0.074518              0.074518
  lp_thesat               1.32686               1.32686               1.32686
lp_thesatac               1.32686               1.32686               1.32686
lp_stthesat               2.53259               2.53259               2.53259
 lp_thesatb               0.08213               0.08213               0.08213
 lp_thesatg                0.1146                0.1146                0.1146
      lp_ax               3.75879               3.75879               3.75879
    lp_axac               3.75879               3.75879               3.75879
     lp_alp             0.0227515             0.0227515             0.0227515
   lp_alpac             0.0227515             0.0227515             0.0227515
    lp_alp1             0.0230308             0.0230308             0.0230308
    lp_alp2               3.24486               3.24486               3.24486
      lp_vp               0.32224               0.32224               0.32224
      lp_a1               6.94904               6.94904               6.94904
      lp_a2                 17.75                 17.75                 17.75
    lp_sta2              0.068723              0.068723              0.068723
      lp_a3              0.617478              0.617478              0.617478
      lp_a4               0.04649               0.04649               0.04649
     lp_gco                    10                    10                    10
   lp_iginv                220549                220549                220549
    lp_igov               268.954               268.954               268.954
   lp_igovd               268.954               268.954               268.954
    lp_stig                2.9949                2.9949                2.9949
     lp_gc2                0.8413                0.8413                0.8413
     lp_gc3               -0.4698               -0.4698               -0.4698
   lp_gc2ov                0.8413                0.8413                0.8413
   lp_gc3ov               -0.4698               -0.4698               -0.4698
    lp_chib                   3.1                   3.1                   3.1
   lp_agidl           0.000112138           0.000112138           0.000112138
  lp_agidld           0.000112138           0.000112138           0.000112138
   lp_bgidl                 19.92                 19.92                 19.92
  lp_bgidld                 19.92                 19.92                 19.92
 lp_stbgidl                     0                     0                     0
lp_stbgidld                     0                     0                     0
   lp_cgidl               0.06641               0.06641               0.06641
  lp_cgidld               0.06641               0.06641               0.06641
     lp_cox           1.75103e-14           1.75103e-14           1.75103e-14
    lp_cgov           1.36503e-15           1.36503e-15           1.36503e-15
   lp_cgovd           1.36503e-15           1.36503e-15           1.36503e-15
lp_fcgovacc                     0                     0                     0
lp_fcgovacc                     0                     0                     0
lp_cgovaccg                     1                     1                     1
   lp_cgbov           1.93747e-28           1.93747e-28           1.93747e-28
    lp_cinr                     0                     0                     0
   lp_cinrd                     0                     0                     0
 lp_dvfbinr                     0                     0                     0
lp_fcinrdep                   0.3                   0.3                   0.3
lp_fcinracc                   0.5                   0.5                   0.5
   lp_axinr                   0.5                   0.5                   0.5
     lp_cfr              5.98e-16              5.98e-16              5.98e-16
    lp_cfrd              5.98e-16              5.98e-16              5.98e-16
     lp_fnt                     1                     1                     1
  lp_fntexc                     0                     0                     0
     lp_nfa           4.66371e+25           4.66371e+25           4.66371e+25
     lp_nfb           6.28279e+08           6.28279e+08           6.28279e+08
     lp_nfc                     0                     0                     0
      lp_ef                     1                     1                     1
 lp_vfbedge                     0                     0                     0
lp_stvfbedg                0.0005                0.0005                0.0005
lp_dphibedg                     0                     0                     0
lp_neffedge                 5e+23                 5e+23                 5e+23
  lp_ctedge                     0                     0                     0
lp_betnedge                     0                     0                     0
lp_stbetedg                     1                     1                     1
lp_psceedge                     0                     0                     0
lp_pscebedg                     0                     0                     0
lp_pscededg                     0                     0                     0
  lp_cfedge                     0                     0                     0
 lp_cfdedge                     0                     0                     0
 lp_cfbedge                     0                     0                     0
 lp_fntedge                     1                     1                     1
 lp_nfaedge           1.02262e+25           1.02262e+25           1.02262e+25
 lp_nfbedge           3.83481e+09           3.83481e+09           3.83481e+09
 lp_nfcedge                     0                     0                     0
  lp_efedge                     1                     1                     1
      lp_rg               9.64815               9.64815               9.64815
     lp_rse                     0                     0                     0
     lp_rde                     0                     0                     0
   lp_rbulk                     0                     0                     0
   lp_rwell                     0                     0                     0
   lp_rjuns                     0                     0                     0
   lp_rjund                     0                     0                     0
         tk                300.15                300.15                300.15
    cjosbot            4.0023e-15           1.60092e-14           1.60092e-14
    cjossti           3.71934e-16           1.48773e-15           1.48773e-15
    cjosgat           3.60948e-16           1.44379e-15           1.44379e-15
    vbisbot              0.697746              0.697746              0.697746
    vbissti              0.779354              0.779354              0.779354
    vbisgat               2.01486               2.01486               2.01486
  idsatsbot           6.76437e-19           2.70575e-18           2.70575e-18
  idsatssti           9.18289e-20           3.67316e-19           3.67316e-19
  idsatsgat                     0                     0                     0
   cjosbotd            4.0023e-15           1.60092e-14           1.60092e-14
   cjosstid           3.71934e-16           1.48773e-15           1.48773e-15
   cjosgatd           3.60948e-16           1.44379e-15           1.44379e-15
   vbisbotd              0.697746              0.697746              0.697746
   vbisstid              0.779354              0.779354              0.779354
   vbisgatd               2.01486               2.01486               2.01486
 idsatsbotd           6.76437e-19           2.70575e-18           2.70575e-18
 idsatsstid           9.18289e-20           3.67316e-19           3.67316e-19
 idsatsgatd                     0                     0                     0

 PSP103VA: A simulator independent device loaded with OSDI
     device n.xdut.xm20.nsg13_lv_ n.xdut.xm15.nsg13_lv_ n.xdut.xm19.nsg13_lv_
      model xdut.xm20:sg13g2_lv_n xdut.xm15:sg13g2_lv_n xdut.xm19:sg13g2_lv_n
   _mfactor                     1                     1                     1
          m                     1                     1                     1
          l               4.5e-07               4.5e-07               4.5e-07
          w                 3e-06                 3e-06                 3e-06
         sa                     0                     0                     0
         sb                     0                     0                     0
         sd                     0                     0                     0
        sca                     0                     0                     0
        scb                     0                     0                     0
        scc                     0                     0                     0
         sc                     0                     0                     0
         nf                     1                     1                     1
      ngcon                     2                     2                     2
        xgw                 1e-07                 1e-07                 1e-07
        nrs                     0                     0                     0
        nrd                     0                     0                     0
         jw                 1e-06                 1e-06                 1e-06
     delvto                     0                     0                     0
     factuo                     1                     1                     1
 delvtoedge                     0                     0                     0
 factuoedge                     1                     1                     1
   absource                 1e-12                 1e-12                 1e-12
   lssource                 1e-06                 1e-06                 1e-06
   lgsource                 1e-06                 1e-06                 1e-06
    abdrain                 1e-12                 1e-12                 1e-12
    lsdrain                 1e-06                 1e-06                 1e-06
    lgdrain                 1e-06                 1e-06                 1e-06
         as              1.02e-12              1.02e-12              1.02e-12
         ps              6.68e-06              6.68e-06              6.68e-06
         ad              1.02e-12              1.02e-12              1.02e-12
         pd              6.68e-06              6.68e-06              6.68e-06
       mult                    32                    16                    32
      trise                     0                     0                     0
        dta                     0                     0                     0
    ifactor                     1                     1                     1
    cfactor                     1                     1                     1
      ctype                     1                     1                     1
      sdint                     1                     1                     1
        ise          -9.80505e-05          -2.57759e-05          -9.79975e-05
        ige           1.03425e-11           1.86081e-13           1.03468e-11
        ide           9.80505e-05           2.57759e-05           9.79975e-05
        ibe          -1.25023e-14          -4.37667e-14          -1.24798e-14
        ids           9.80505e-05           2.57759e-05           9.79975e-05
        idb           1.25023e-14           3.75268e-14           1.24798e-14
        isb                     0           6.23988e-15                     0
        igs           5.44969e-12           9.03677e-13           5.45157e-12
        igd           4.89283e-12          -7.17596e-13           4.89525e-12
        igb           1.24513e-21            1.6287e-22           1.24563e-21
     idedge                     0                     0                     0
       igcs           4.80771e-12           6.72607e-13           4.80959e-12
       igcd           4.58408e-12           6.61856e-13           4.58598e-12
       iavl           2.50743e-97           2.56733e-16            1.4863e-97
      igisl                     0                     0                     0
      igidl                     0           1.48297e-32                     0
        ijs                     0          -6.23988e-15                     0
     ijsbot                     0          -4.37987e-17                     0
     ijsgat                     0          -5.44064e-15                     0
     ijssti                     0          -7.55436e-16                     0
        ijd          -1.25023e-14          -3.72701e-14          -1.24798e-14
     ijdbot          -8.77375e-17          -1.95805e-16          -8.75975e-17
     ijdgat          -1.09012e-14          -3.37247e-14          -1.08813e-14
     ijdsti          -1.51339e-15          -3.34962e-15          -1.51087e-15
        vds              0.096923              0.666856             0.0967129
        vgs              0.314869              0.270058              0.314869
        vsb                     0             0.0967129                     0
        vto              0.288102              0.288102              0.288102
        vts              0.288101              0.299463              0.288101
        vth              0.288101              0.299461              0.288101
        vgt             0.0267684            -0.0294028             0.0267684
       vdss              0.124871              0.114528              0.124871
       vsat            -0.0279477              0.552328            -0.0281579
         gm             0.0020268           0.000646374            0.00202556
        gmb           0.000278564           7.78991e-05           0.000278403
        gds            0.00025155           2.15234e-05           0.000252547
        gjs           1.81769e-13           5.36598e-14           1.81769e-13
        gjd           1.07292e-13           4.31453e-14            1.0732e-13
        cdd           7.35802e-15           1.50423e-17           7.40994e-15
        cdg           5.15598e-14           8.73325e-15           5.15989e-14
        cds           -5.1234e-14          -9.87558e-15          -5.12265e-14
        cdb           7.03217e-15           1.15737e-15            7.0375e-15
        cgd           9.53313e-15           2.00523e-17           9.60068e-15
        cgg           1.69114e-13           4.77561e-14           1.69164e-13
        cgs            1.2447e-13           2.57833e-14           1.24459e-13
        cgb           3.51109e-14           2.19527e-14           3.51042e-14
        csd           -3.1872e-15          -7.46557e-18          -3.21001e-15
        csg           7.93248e-14            1.6451e-14           7.93408e-14
        css           8.69701e-14           1.86245e-14           8.69654e-14
        csb           1.08325e-14           2.18099e-15           1.08347e-14
        cbd           1.01209e-15           2.45562e-18           1.01927e-15
        cbg           3.82295e-14           2.25718e-14           3.82243e-14
        cbs            1.3734e-14           2.71679e-15           1.37328e-14
        cbb           5.29756e-14           2.52911e-14           5.29764e-14
      cgsol           5.96573e-14            2.9732e-14           5.96573e-14
      cgdol           5.92275e-14           2.78185e-14           5.92285e-14
        cjs           3.85957e-14           1.84941e-14           3.85957e-14
     cjsbot           3.26221e-14            1.5604e-14           3.26221e-14
     cjsgat           2.94203e-15           1.42793e-15           2.94203e-15
     cjssti           3.03157e-15           1.46213e-15           3.03157e-15
        cjd            3.6985e-14           1.52363e-14           3.69882e-14
     cjdbot           3.12052e-14           1.27762e-14            3.1208e-14
     cjdgat           2.85569e-15           1.21934e-15           2.85587e-15
     cjdsti           2.92405e-15           1.24073e-15           2.92426e-15
       weff              3.02e-06              3.02e-06              3.02e-06
       leff           3.91154e-07           3.91154e-07           3.91154e-07
          u               8.05726               30.0312               8.02054
       rout               3975.36                 46461               3959.66
     vearly              0.389785               1.19757              0.388037
       beff              0.273675             0.0596303              0.273527
        fug           1.12006e+09           9.76896e+08           1.11918e+09
         rg              0.301505              0.603009              0.301505
        sfl            1.8326e-17           2.02558e-18           1.83045e-17
    sqrtsff           6.67918e-08           6.96292e-08           6.67934e-08
    sqrtsfw           2.49194e-09            4.1592e-09           2.49361e-09
        sid           2.55092e-23            7.2275e-24           2.55122e-23
        sig           7.90533e-37           9.54586e-38           7.90827e-37
      cigid              0.456402              0.542424              0.456022
      fknee                718409                280261                717481
       sigs           1.74629e-30           2.89573e-31           1.74689e-30
       sigd           1.56785e-30           6.54113e-31           1.56863e-30
      siavl          8.03476e-116            8.2267e-35          4.76267e-116
        ssi                     0            1.9995e-33                     0
        sdi           4.00622e-33           1.19428e-32           3.99899e-33
    sfledge                     0                     0                     0
    sidedge                     0                     0                     0
     lp_vfb             -0.912605             -0.912605             -0.912605
   lp_stvfb           0.000755275           0.000755275           0.000755275
  lp_st2vfb                     0                     0                     0
     lp_tox            2.2404e-09            2.2404e-09            2.2404e-09
  lp_epsrox                   3.9                   3.9                   3.9
    lp_neff           2.24686e+23           2.24686e+23           2.24686e+23
lp_facneffa                     1                     1                     1
 lp_gfacnud                     1                     1                     1
  lp_vsbnud                     0                     0                     0
 lp_dvsbnud                     1                     1                     1
   lp_vnsub                     0                     0                     0
    lp_nslp                  0.05                  0.05                  0.05
   lp_dnsub            4.4409e-16            4.4409e-16            4.4409e-16
   lp_dphib           -0.00433896           -0.00433896           -0.00433896
 lp_delvtac                     0                     0                     0
      lp_np            4.6457e+26            4.6457e+26            4.6457e+26
   lp_toxov            2.2404e-09            2.2404e-09            2.2404e-09
  lp_toxovd            2.2404e-09            2.2404e-09            2.2404e-09
     lp_nov            3.5714e+25            3.5714e+25            3.5714e+25
    lp_novd            3.5714e+25            3.5714e+25            3.5714e+25
      lp_ct             0.0928549             0.0928549             0.0928549
     lp_ctg                     0                     0                     0
     lp_ctb                     0                     0                     0
    lp_stct                     1                     1                     1
      lp_cf           3.47267e-06           3.47267e-06           3.47267e-06
    lp_cfac           3.47267e-06           3.47267e-06           3.47267e-06
     lp_cfd                     0                     0                     0
     lp_cfb                0.6952                0.6952                0.6952
    lp_psce                     0                     0                     0
   lp_psceb                     0                     0                     0
   lp_psced                     0                     0                     0
    lp_betn              0.334216              0.334216              0.334216
   lp_stbet               2.32878               2.32878               2.32878
     lp_mue              0.785522              0.785522              0.785522
   lp_stmue               0.98971               0.98971               0.98971
   lp_themu               1.79921               1.79921               1.79921
 lp_stthemu             4.441e-15             4.441e-15             4.441e-15
      lp_cs              0.720215              0.720215              0.720215
    lp_stcs                2.9406                2.9406                2.9406
   lp_thecs                1.1822                1.1822                1.1822
 lp_stthecs                     0                     0                     0
    lp_xcor             0.0365095             0.0365095             0.0365095
  lp_stxcor                     2                     2                     2
    lp_feta                     1                     1                     1
      lp_rs               30.9934               30.9934               30.9934
    lp_strs              -0.49693              -0.49693              -0.49693
     lp_rsb             -0.099725             -0.099725             -0.099725
     lp_rsg              0.074518              0.074518              0.074518
  lp_thesat               1.32686               1.32686               1.32686
lp_thesatac               1.32686               1.32686               1.32686
lp_stthesat               2.53259               2.53259               2.53259
 lp_thesatb               0.08213               0.08213               0.08213
 lp_thesatg                0.1146                0.1146                0.1146
      lp_ax               3.75879               3.75879               3.75879
    lp_axac               3.75879               3.75879               3.75879
     lp_alp             0.0227515             0.0227515             0.0227515
   lp_alpac             0.0227515             0.0227515             0.0227515
    lp_alp1             0.0230308             0.0230308             0.0230308
    lp_alp2               3.24486               3.24486               3.24486
      lp_vp               0.32224               0.32224               0.32224
      lp_a1               6.94904               6.94904               6.94904
      lp_a2                 17.75                 17.75                 17.75
    lp_sta2              0.068723              0.068723              0.068723
      lp_a3              0.617478              0.617478              0.617478
      lp_a4               0.04649               0.04649               0.04649
     lp_gco                    10                    10                    10
   lp_iginv                220549                220549                220549
    lp_igov               268.954               268.954               268.954
   lp_igovd               268.954               268.954               268.954
    lp_stig                2.9949                2.9949                2.9949
     lp_gc2                0.8413                0.8413                0.8413
     lp_gc3               -0.4698               -0.4698               -0.4698
   lp_gc2ov                0.8413                0.8413                0.8413
   lp_gc3ov               -0.4698               -0.4698               -0.4698
    lp_chib                   3.1                   3.1                   3.1
   lp_agidl           0.000112138           0.000112138           0.000112138
  lp_agidld           0.000112138           0.000112138           0.000112138
   lp_bgidl                 19.92                 19.92                 19.92
  lp_bgidld                 19.92                 19.92                 19.92
 lp_stbgidl                     0                     0                     0
lp_stbgidld                     0                     0                     0
   lp_cgidl               0.06641               0.06641               0.06641
  lp_cgidld               0.06641               0.06641               0.06641
     lp_cox           1.75103e-14           1.75103e-14           1.75103e-14
    lp_cgov           1.36503e-15           1.36503e-15           1.36503e-15
   lp_cgovd           1.36503e-15           1.36503e-15           1.36503e-15
lp_fcgovacc                     0                     0                     0
lp_fcgovacc                     0                     0                     0
lp_cgovaccg                     1                     1                     1
   lp_cgbov           1.93747e-28           1.93747e-28           1.93747e-28
    lp_cinr                     0                     0                     0
   lp_cinrd                     0                     0                     0
 lp_dvfbinr                     0                     0                     0
lp_fcinrdep                   0.3                   0.3                   0.3
lp_fcinracc                   0.5                   0.5                   0.5
   lp_axinr                   0.5                   0.5                   0.5
     lp_cfr              5.98e-16              5.98e-16              5.98e-16
    lp_cfrd              5.98e-16              5.98e-16              5.98e-16
     lp_fnt                     1                     1                     1
  lp_fntexc                     0                     0                     0
     lp_nfa           4.66371e+25           4.66371e+25           4.66371e+25
     lp_nfb           6.28279e+08           6.28279e+08           6.28279e+08
     lp_nfc                     0                     0                     0
      lp_ef                     1                     1                     1
 lp_vfbedge                     0                     0                     0
lp_stvfbedg                0.0005                0.0005                0.0005
lp_dphibedg                     0                     0                     0
lp_neffedge                 5e+23                 5e+23                 5e+23
  lp_ctedge                     0                     0                     0
lp_betnedge                     0                     0                     0
lp_stbetedg                     1                     1                     1
lp_psceedge                     0                     0                     0
lp_pscebedg                     0                     0                     0
lp_pscededg                     0                     0                     0
  lp_cfedge                     0                     0                     0
 lp_cfdedge                     0                     0                     0
 lp_cfbedge                     0                     0                     0
 lp_fntedge                     1                     1                     1
 lp_nfaedge           1.02262e+25           1.02262e+25           1.02262e+25
 lp_nfbedge           3.83481e+09           3.83481e+09           3.83481e+09
 lp_nfcedge                     0                     0                     0
  lp_efedge                     1                     1                     1
      lp_rg               9.64815               9.64815               9.64815
     lp_rse                     0                     0                     0
     lp_rde                     0                     0                     0
   lp_rbulk                     0                     0                     0
   lp_rwell                     0                     0                     0
   lp_rjuns                     0                     0                     0
   lp_rjund                     0                     0                     0
         tk                300.15                300.15                300.15
    cjosbot           3.20184e-14           1.60092e-14           3.20184e-14
    cjossti           2.97547e-15           1.48773e-15           2.97547e-15
    cjosgat           2.88758e-15           1.44379e-15           2.88758e-15
    vbisbot              0.697746              0.697746              0.697746
    vbissti              0.779354              0.779354              0.779354
    vbisgat               2.01486               2.01486               2.01486
  idsatsbot            5.4115e-18           2.70575e-18            5.4115e-18
  idsatssti           7.34631e-19           3.67316e-19           7.34631e-19
  idsatsgat                     0                     0                     0
   cjosbotd           3.20184e-14           1.60092e-14           3.20184e-14
   cjosstid           2.97547e-15           1.48773e-15           2.97547e-15
   cjosgatd           2.88758e-15           1.44379e-15           2.88758e-15
   vbisbotd              0.697746              0.697746              0.697746
   vbisstid              0.779354              0.779354              0.779354
   vbisgatd               2.01486               2.01486               2.01486
 idsatsbotd            5.4115e-18           2.70575e-18            5.4115e-18
 idsatsstid           7.34631e-19           3.67316e-19           7.34631e-19
 idsatsgatd                     0                     0                     0

 PSP103VA: A simulator independent device loaded with OSDI
     device n.xdut.xm21.nsg13_lv_ n.xdut.xm22.nsg13_lv_ n.xdut.xm23.nsg13_lv_
      model xdut.xm21:sg13g2_lv_n xdut.xm22:sg13g2_lv_n xdut.xm23:sg13g2_lv_n
   _mfactor                     1                     1                     1
          m                     1                     1                     1
          l               4.5e-07               4.5e-07               4.5e-07
          w                 4e-06                 4e-06               1.2e-05
         sa                     0                     0                     0
         sb                     0                     0                     0
         sd                     0                     0                     0
        sca                     0                     0                     0
        scb                     0                     0                     0
        scc                     0                     0                     0
         sc                     0                     0                     0
         nf                     1                     1                     1
      ngcon                     2                     2                     2
        xgw                 1e-07                 1e-07                 1e-07
        nrs                     0                     0                     0
        nrd                     0                     0                     0
         jw                 1e-06                 1e-06                 1e-06
     delvto                     0                     0                     0
     factuo                     1                     1                     1
 delvtoedge                     0                     0                     0
 factuoedge                     1                     1                     1
   absource                 1e-12                 1e-12                 1e-12
   lssource                 1e-06                 1e-06                 1e-06
   lgsource                 1e-06                 1e-06                 1e-06
    abdrain                 1e-12                 1e-12                 1e-12
    lsdrain                 1e-06                 1e-06                 1e-06
    lgdrain                 1e-06                 1e-06                 1e-06
         as              1.36e-12              1.36e-12              4.08e-12
         ps              8.68e-06              8.68e-06             2.468e-05
         ad              1.36e-12              1.36e-12              4.08e-12
         pd              8.68e-06              8.68e-06             2.468e-05
       mult                     4                     4                    16
      trise                     0                     0                     0
        dta                     0                     0                     0
    ifactor                     1                     1                     1
    cfactor                     1                     1                     1
      ctype                     1                     1                     1
      sdint                     1                     1                     1
        ise          -4.79804e-05          -4.25673e-05          -7.06504e-05
        ige           3.02411e-12            3.0667e-12          -1.82921e-12
        ide           4.79804e-05           4.25672e-05           7.06504e-05
        ibe           -6.2538e-15          -4.11358e-15          -1.18436e-13
        ids           4.79804e-05           4.25673e-05           7.06504e-05
        idb            6.2538e-15           4.11358e-15           1.18436e-13
        isb                     0                     0                     0
        igs           1.64601e-12           1.65498e-12            1.9062e-12
        igd            1.3781e-12           1.41172e-12          -3.73541e-12
        igb           3.61186e-22           3.63433e-22           4.06505e-22
     idedge                     0                     0                     0
       igcs            1.5066e-12           1.51558e-12           1.29431e-12
       igcd            1.3781e-12           1.38707e-12            1.2782e-12
       iavl           2.64094e-28           3.27514e-45           3.55937e-17
      igisl                     0                     0                     0
      igidl          3.04139e-125                     0           3.39101e-33
        ijs                     0                     0                     0
     ijsbot                     0                     0                     0
     ijsgat                     0                     0                     0
     ijssti                     0                     0                     0
        ijd           -6.2538e-15          -4.11358e-15          -1.18401e-13
     ijdbot           -3.7638e-17          -2.65203e-17          -6.60518e-16
     ijdgat          -5.58592e-15          -3.64254e-15          -1.07859e-13
     ijdsti          -6.30242e-16          -4.44521e-16          -9.88128e-15
        vds              0.352449               0.21743              0.600073
        vgs              0.352449              0.352449               0.21743
        vsb                     0                     0                     0
        vto              0.283151              0.283151              0.256264
        vts              0.283149              0.283149              0.256262
        vth              0.283148              0.283149               0.25626
        vgt              0.069301             0.0693005            -0.0388301
       vdss              0.138635              0.138635              0.113743
       vsat              0.213814             0.0787951               0.48633
         gm           0.000756466           0.000695754            0.00188718
        gmb           9.83063e-05           9.20177e-05              0.000226
        gds            3.8516e-05           4.20038e-05           6.00318e-05
        gjs           3.00754e-14           3.00754e-14           3.55638e-13
        gjd           1.54749e-14           1.63356e-14           1.74783e-13
        cdd           6.07891e-17           1.78397e-16           3.92435e-17
        cdg           1.05797e-14           1.08293e-14           2.75427e-14
        cds          -1.19189e-14          -1.20837e-14          -3.11241e-14
        cdb           1.39992e-15           1.43288e-15           3.62066e-15
        cgd           7.65385e-17           2.25412e-16           5.23375e-17
        cgg             3.343e-14           3.37382e-14           1.68669e-13
        cgs           2.83508e-14           2.85499e-14           8.16392e-14
        cgb           5.00266e-15           4.96287e-15           8.69779e-14
        csd          -2.45168e-17          -7.08015e-17           -1.9394e-17
        csg           1.72232e-14           1.73137e-14           5.21236e-14
        css           1.94817e-14           1.95379e-14           5.89584e-14
        csb             2.283e-15           2.29499e-15           6.85422e-15
        cbd           8.76731e-18           2.37866e-17           6.30005e-18
        cbg           5.62702e-15            5.5952e-15           8.90032e-14
        cbs            3.0498e-15           3.07175e-15           8.44325e-15
        cbb           8.68558e-15           8.69074e-15           9.74528e-14
      cgsol           9.96572e-15           9.96572e-15           1.18346e-13
      cgdol           9.68139e-15           9.80134e-15           1.11375e-13
        cjs           6.40902e-15           6.40902e-15           7.63421e-14
     cjsbot           5.43701e-15           5.43701e-15           6.52441e-14
     cjsgat           4.89526e-16           4.89526e-16           5.85483e-15
     cjssti           4.82483e-16           4.82483e-16           5.24312e-15
        cjd           5.61611e-15           5.86805e-15           6.25485e-14
     cjdbot           4.74053e-15           4.96071e-15           5.30981e-14
     cjdgat           4.44108e-16           4.59546e-16           5.02033e-15
     cjdsti           4.31466e-16           4.47789e-16           4.43005e-15
       weff              4.02e-06              4.02e-06             1.202e-05
       leff           3.91154e-07           3.91154e-07           3.91154e-07
          u               19.6403               16.5641               31.4364
       rout               25963.3               23807.4               16657.8
     vearly               1.24573               1.01341               1.17688
       beff             0.0199809             0.0177269             0.0937148
        fug           2.26831e+09           2.06957e+09           7.53918e+08
         rg               1.80903               1.80903              0.150752
        sfl            1.5301e-17           1.33648e-17           4.49357e-18
    sqrtsff            1.6352e-07            1.6616e-07           3.55207e-08
    sqrtsfw           4.07133e-09           4.18594e-09           2.37982e-09
        sid           9.48532e-24             8.482e-24           2.01705e-23
        sig           1.15702e-37           1.30162e-37           3.32793e-37
      cigid               0.49487              0.489153              0.545225
      fknee           1.61312e+06           1.57567e+06                222779
       sigs           5.27444e-31           5.30319e-31            6.1082e-31
       sigd           4.41596e-31            4.5237e-31           2.01614e-30
      siavl           8.46257e-47           1.04948e-63           1.14056e-35
        ssi                     0                     0                     0
        sdi           2.00396e-33           1.31815e-33           3.79402e-32
    sfledge                     0                     0                     0
    sidedge                     0                     0                     0
     lp_vfb             -0.911315             -0.911315             -0.908721
   lp_stvfb           0.000756706           0.000756706           0.000759583
  lp_st2vfb                     0                     0                     0
     lp_tox            2.2404e-09            2.2404e-09            2.2404e-09
  lp_epsrox                   3.9                   3.9                   3.9
    lp_neff           2.17629e+23           2.17629e+23           1.84556e+23
lp_facneffa                     1                     1                     1
 lp_gfacnud                     1                     1                     1
  lp_vsbnud                     0                     0                     0
 lp_dvsbnud                     1                     1                     1
   lp_vnsub                     0                     0                     0
    lp_nslp                  0.05                  0.05                  0.05
   lp_dnsub            4.4409e-16            4.4409e-16            4.4409e-16
   lp_dphib           -0.00492889           -0.00492889           -0.00611465
 lp_delvtac                     0                     0                     0
      lp_np            4.6457e+26            4.6457e+26            4.6457e+26
   lp_toxov            2.2404e-09            2.2404e-09            2.2404e-09
  lp_toxovd            2.2404e-09            2.2404e-09            2.2404e-09
     lp_nov            3.5714e+25            3.5714e+25            3.5714e+25
    lp_novd            3.5714e+25            3.5714e+25            3.5714e+25
      lp_ct             0.0934489             0.0934489             0.0946342
     lp_ctg                     0                     0                     0
     lp_ctb                     0                     0                     0
    lp_stct                     1                     1                     1
      lp_cf           3.52728e-06           3.52728e-06           3.63704e-06
    lp_cfac           3.52728e-06           3.52728e-06           3.63704e-06
     lp_cfd                     0                     0                     0
     lp_cfb                0.6952                0.6952                0.6952
    lp_psce                     0                     0                     0
   lp_psceb                     0                     0                     0
   lp_psced                     0                     0                     0
    lp_betn              0.445771              0.445771               1.33762
   lp_stbet               2.32707               2.32707               2.32364
     lp_mue              0.783835              0.783835              0.780444
   lp_stmue               0.98971               0.98971               0.98971
   lp_themu               1.79921               1.79921               1.79921
 lp_stthemu             4.441e-15             4.441e-15             4.441e-15
      lp_cs              0.709255              0.709255              0.687219
    lp_stcs                2.9406                2.9406                2.9406
   lp_thecs                1.1822                1.1822                1.1822
 lp_stthecs                     0                     0                     0
    lp_xcor             0.0369676             0.0369676             0.0378948
  lp_stxcor                     2                     2                     2
    lp_feta                     1                     1                     1
      lp_rs               23.2836               23.2836               7.78702
    lp_strs              -0.49693              -0.49693              -0.49693
     lp_rsb             -0.099725             -0.099725             -0.099725
     lp_rsg              0.074518              0.074518              0.074518
  lp_thesat               1.30961               1.30961               1.27434
lp_thesatac               1.30961               1.30961               1.27434
lp_stthesat               2.53529               2.53529               2.54074
 lp_thesatb               0.08213               0.08213               0.08213
 lp_thesatg                0.1146                0.1146                0.1146
      lp_ax               3.75879               3.75879               3.75879
    lp_axac               3.75879               3.75879               3.75879
     lp_alp             0.0212581             0.0212581             0.0182565
   lp_alpac             0.0212581             0.0212581             0.0182565
    lp_alp1              0.023182              0.023182             0.0234857
    lp_alp2               3.28121               3.28121               3.35426
      lp_vp               0.32224               0.32224               0.32224
      lp_a1               6.97944               6.97944               7.04052
      lp_a2                 17.75                 17.75                 17.75
    lp_sta2              0.068723              0.068723              0.068723
      lp_a3              0.619644              0.619644              0.623997
      lp_a4               0.04649               0.04649               0.04649
     lp_gco                    10                    10                    10
   lp_iginv                294100                294100                882492
    lp_igov               358.011               358.011               1070.47
   lp_igovd               358.011               358.011               1070.47
    lp_stig                2.9949                2.9949                2.9949
     lp_gc2                0.8413                0.8413                0.8413
     lp_gc3               -0.4698               -0.4698               -0.4698
   lp_gc2ov                0.8413                0.8413                0.8413
   lp_gc3ov               -0.4698               -0.4698               -0.4698
    lp_chib                   3.1                   3.1                   3.1
   lp_agidl            0.00014927            0.00014927           0.000446325
  lp_agidld            0.00014927            0.00014927           0.000446325
   lp_bgidl                 19.92                 19.92                 19.92
  lp_bgidld                 19.92                 19.92                 19.92
 lp_stbgidl                     0                     0                     0
lp_stbgidld                     0                     0                     0
   lp_cgidl               0.06641               0.06641               0.06641
  lp_cgidld               0.06641               0.06641               0.06641
     lp_cox           2.33277e-14           2.33277e-14           6.98668e-14
    lp_cgov           1.81852e-15           1.81852e-15            5.4465e-15
   lp_cgovd           1.81852e-15           1.81852e-15            5.4465e-15
lp_fcgovacc                     0                     0                     0
lp_fcgovacc                     0                     0                     0
lp_cgovaccg                     1                     1                     1
   lp_cgbov           1.93747e-28           1.93747e-28           1.93747e-28
    lp_cinr                     0                     0                     0
   lp_cinrd                     0                     0                     0
 lp_dvfbinr                     0                     0                     0
lp_fcinrdep                   0.3                   0.3                   0.3
lp_fcinracc                   0.5                   0.5                   0.5
   lp_axinr                   0.5                   0.5                   0.5
     lp_cfr              7.98e-16              7.98e-16             2.398e-15
    lp_cfrd              7.98e-16              7.98e-16             2.398e-15
     lp_fnt                     1                     1                     1
  lp_fntexc                     0                     0                     0
     lp_nfa           3.50359e+25           3.50359e+25           1.17175e+25
     lp_nfb            4.7199e+08            4.7199e+08           1.57854e+08
     lp_nfc                     0                     0                     0
      lp_ef                     1                     1                     1
 lp_vfbedge                     0                     0                     0
lp_stvfbedg                0.0005                0.0005                0.0005
lp_dphibedg                     0                     0                     0
lp_neffedge                 5e+23                 5e+23                 5e+23
  lp_ctedge                     0                     0                     0
lp_betnedge                     0                     0                     0
lp_stbetedg                     1                     1                     1
lp_psceedge                     0                     0                     0
lp_pscebedg                     0                     0                     0
lp_pscededg                     0                     0                     0
  lp_cfedge                     0                     0                     0
 lp_cfdedge                     0                     0                     0
 lp_cfbedge                     0                     0                     0
 lp_fntedge                     1                     1                     1
 lp_nfaedge           1.02262e+25           1.02262e+25           1.02262e+25
 lp_nfbedge           3.83481e+09           3.83481e+09           3.83481e+09
 lp_nfcedge                     0                     0                     0
  lp_efedge                     1                     1                     1
      lp_rg               7.23611               7.23611               2.41204
     lp_rse                     0                     0                     0
     lp_rde                     0                     0                     0
   lp_rbulk                     0                     0                     0
   lp_rwell                     0                     0                     0
   lp_rjuns                     0                     0                     0
   lp_rjund                     0                     0                     0
         tk                300.15                300.15                300.15
    cjosbot            5.3364e-15            5.3364e-15           6.40368e-14
    cjossti           4.73555e-16           4.73555e-16            5.1461e-15
    cjosgat           4.80467e-16           4.80467e-16           5.74648e-15
    vbisbot              0.697746              0.697746              0.697746
    vbissti              0.779354              0.779354              0.779354
    vbisgat               2.01486               2.01486               2.01486
  idsatsbot           9.01917e-19           9.01917e-19            1.0823e-17
  idsatssti           1.16919e-19           1.16919e-19           1.27055e-18
  idsatsgat                     0                     0                     0
   cjosbotd            5.3364e-15            5.3364e-15           6.40368e-14
   cjosstid           4.73555e-16           4.73555e-16            5.1461e-15
   cjosgatd           4.80467e-16           4.80467e-16           5.74648e-15
   vbisbotd              0.697746              0.697746              0.697746
   vbisstid              0.779354              0.779354              0.779354
   vbisgatd               2.01486               2.01486               2.01486
 idsatsbotd           9.01917e-19           9.01917e-19            1.0823e-17
 idsatsstid           1.16919e-19           1.16919e-19           1.27055e-18
 idsatsgatd                     0                     0                     0

 PSP103VA: A simulator independent device loaded with OSDI
     device n.xdut.xm0.nsg13_lv_p n.xdut.xm1.nsg13_lv_p n.xdut.xm2.nsg13_lv_p
      model xdut.xm0:sg13g2_lv_pm xdut.xm1:sg13g2_lv_pm xdut.xm2:sg13g2_lv_pm
   _mfactor                     1                     1                     1
          m                     1                     1                     1
          l               4.5e-07               4.5e-07               4.5e-07
          w                 4e-06                 4e-06                 4e-06
         sa                     0                     0                     0
         sb                     0                     0                     0
         sd                     0                     0                     0
        sca                     0                     0                     0
        scb                     0                     0                     0
        scc                     0                     0                     0
         sc                     0                     0                     0
         nf                     1                     1                     1
      ngcon                     2                     2                     2
        xgw                 1e-07                 1e-07                 1e-07
        nrs                     0                     0                     0
        nrd                     0                     0                     0
         jw                 1e-06                 1e-06                 1e-06
     delvto                     0                     0                     0
     factuo                     1                     1                     1
 delvtoedge                     0                     0                     0
 factuoedge                     1                     1                     1
   absource                 1e-12                 1e-12                 1e-12
   lssource                 1e-06                 1e-06                 1e-06
   lgsource                 1e-06                 1e-06                 1e-06
    abdrain                 1e-12                 1e-12                 1e-12
    lsdrain                 1e-06                 1e-06                 1e-06
    lgdrain                 1e-06                 1e-06                 1e-06
         as              1.36e-12              1.36e-12              1.36e-12
         ps              8.68e-06              8.68e-06              8.68e-06
         ad              1.36e-12              1.36e-12              1.36e-12
         pd              8.68e-06              8.68e-06              8.68e-06
       mult                     8                     8                     8
      trise                     0                     0                     0
        dta                     0                     0                     0
    ifactor                     1                     1                     1
    cfactor                     1                     1                     1
      ctype                    -1                    -1                    -1
      sdint                     1                     1                     1
        ise          -3.99999e-05          -4.21907e-05          -4.21907e-05
        ige           1.73196e-11           1.28233e-11           1.28234e-11
        ide           3.99998e-05           4.21907e-05           4.21907e-05
        ibe          -3.09721e-13          -5.83929e-13          -5.83927e-13
        ids           3.99998e-05           4.21907e-05           4.21907e-05
        idb           3.09721e-13           5.83929e-13           5.83927e-13
        isb                     0                     0                     0
        igs           1.32728e-11            1.3292e-11            1.3292e-11
        igd           4.04679e-12          -4.68683e-13          -4.68654e-13
        igb           8.60153e-22           8.63281e-22           8.63281e-22
     idedge                     0                     0                     0
       igcs           4.35647e-12           4.37569e-12           4.37569e-12
       igcd           4.04679e-12           4.06343e-12           4.06343e-12
       iavl           4.92372e-23           7.46127e-15           7.46092e-15
      igisl                     0                     0                     0
      igidl          6.39536e-128           1.95527e-24           1.95485e-24
        ijs                     0                     0                     0
     ijsbot                     0                     0                     0
     ijsgat                     0                     0                     0
     ijssti                     0                     0                     0
        ijd          -3.09721e-13          -5.76468e-13          -5.76466e-13
     ijdbot          -9.03371e-17          -1.45229e-16          -1.45228e-16
     ijdgat          -3.09344e-13          -5.75851e-13           -5.7585e-13
     ijdsti          -2.86732e-16          -4.71518e-16          -4.71517e-16
        vds              0.465477              0.885131              0.885129
        vgs              0.465477              0.465477              0.465477
        vsb                    -0                    -0                    -0
        vto              0.366456              0.366456              0.366456
        vts              0.366454              0.366454              0.366454
        vth              0.366074              0.365655              0.365655
        vgt             0.0994026             0.0998221             0.0998221
       vdss              0.150629              0.150825              0.150825
       vsat              0.314848              0.734306              0.734304
         gm           0.000553435           0.000582295           0.000582294
        gmb           0.000103409           0.000108499           0.000108499
        gds           7.09433e-06           4.03214e-06           4.03214e-06
        gjs          -1.04891e-12          -1.04891e-12          -1.04891e-12
        gjd          -6.36367e-13          -6.32799e-13          -6.32799e-13
        cdd           9.31809e-17           2.41232e-17           2.41233e-17
        cdg           2.78201e-14           2.75003e-14           2.75003e-14
        cds          -3.26256e-14          -3.23115e-14          -3.23115e-14
        cdb           4.89869e-15           4.83536e-15           4.83536e-15
        cgd           5.82388e-17          -2.44626e-17          -2.44624e-17
        cgg           8.70935e-14           8.67538e-14           8.67538e-14
        cgs           7.30081e-14           7.26747e-14           7.26747e-14
        cgb           1.40271e-14           1.41036e-14           1.41036e-14
        csd          -2.44763e-18           2.39275e-17           2.39275e-17
        csg           4.39878e-14           4.39154e-14           4.39154e-14
        css           5.17609e-14            5.1691e-14            5.1691e-14
        csb           7.77561e-15           7.75164e-15           7.75164e-15
        cbd           3.73897e-17           2.46582e-17           2.46582e-17
        cbg           1.52855e-14           1.53382e-14           1.53382e-14
        cbs           1.13785e-14           1.13278e-14           1.13278e-14
        cbb           2.67014e-14           2.66906e-14           2.66906e-14
      cgsol            1.6402e-14            1.6402e-14            1.6402e-14
      cgdol           1.54923e-14           1.43546e-14           1.43546e-14
        cjs           1.17758e-14           1.17758e-14           1.17758e-14
     cjsbot           9.65354e-15           9.65354e-15           9.65354e-15
     cjsgat            8.9539e-16            8.9539e-16            8.9539e-16
     cjssti           1.22689e-15           1.22689e-15           1.22689e-15
        cjd           9.89013e-15            8.9065e-15            8.9065e-15
     cjdbot            8.0187e-15           7.18117e-15           7.18117e-15
     cjdgat           7.34126e-16            6.4129e-16            6.4129e-16
     cjdsti           1.13731e-15           1.08404e-15           1.08404e-15
       weff              3.97e-06              3.97e-06              3.97e-06
       leff           4.89035e-07           4.89035e-07           4.89035e-07
          u               78.0109               144.413               144.413
       rout                140958                248007                248007
     vearly               5.63828               10.4636               10.4636
       beff            0.00809642            0.00846825            0.00846825
        fug           7.40261e+08           7.88654e+08           7.88654e+08
         rg             0.0579194             0.0579194             0.0579194
        sfl           1.23413e-17           1.31463e-17           1.31463e-17
    sqrtsff           2.00731e-07           1.96906e-07           1.96906e-07
    sqrtsfw           6.40986e-09           6.24872e-09           6.24872e-09
        sid           1.25843e-23           1.32394e-23           1.32394e-23
        sig           2.16989e-36           2.06805e-36           2.06805e-36
      cigid              0.470802              0.471203              0.471203
      fknee                980689                992971                992971
       sigs           4.25312e-30           4.25928e-30           4.25928e-30
       sigd           1.29675e-30           2.75434e-30           2.75433e-30
      siavl           1.57775e-41           2.39088e-33           2.39077e-33
        ssi                     0                     0                     0
        sdi           9.92466e-32           1.84722e-31           1.84722e-31
    sfledge                     0                     0                     0
    sidedge                     0                     0                     0
     lp_vfb             -0.864742             -0.864742             -0.864742
   lp_stvfb             0.0007578             0.0007578             0.0007578
  lp_st2vfb                     0                     0                     0
     lp_tox            1.9704e-09            1.9704e-09            1.9704e-09
  lp_epsrox                   3.9                   3.9                   3.9
    lp_neff           4.42887e+23           4.42887e+23           4.42887e+23
lp_facneffa                     1                     1                     1
 lp_gfacnud                     1                     1                     1
  lp_vsbnud                     0                     0                     0
 lp_dvsbnud                     1                     1                     1
   lp_vnsub                     0                     0                     0
    lp_nslp                  0.05                  0.05                  0.05
   lp_dnsub              0.039707              0.039707              0.039707
   lp_dphib             -0.089584             -0.089584             -0.089584
 lp_delvtac                     0                     0                     0
      lp_np           1.02081e+26           1.02081e+26           1.02081e+26
   lp_toxov            1.9704e-09            1.9704e-09            1.9704e-09
  lp_toxovd            1.9704e-09            1.9704e-09            1.9704e-09
     lp_nov             3.104e+25             3.104e+25             3.104e+25
    lp_novd             3.104e+25             3.104e+25             3.104e+25
      lp_ct             0.0409467             0.0409467             0.0409467
     lp_ctg                     0                     0                     0
     lp_ctb                     0                     0                     0
    lp_stct                     1                     1                     1
      lp_cf           0.000983351           0.000983351           0.000983351
    lp_cfac           0.000983351           0.000983351           0.000983351
     lp_cfd                     0                     0                     0
     lp_cfb               0.57877               0.57877               0.57877
    lp_psce                     0                     0                     0
   lp_psceb                     0                     0                     0
   lp_psced                     0                     0                     0
    lp_betn              0.233694              0.233694              0.233694
   lp_stbet               1.61911               1.61911               1.61911
     lp_mue               2.29093               2.29093               2.29093
   lp_stmue               0.84805               0.84805               0.84805
   lp_themu               1.26159               1.26159               1.26159
 lp_stthemu             4.441e-15             4.441e-15             4.441e-15
      lp_cs               1.97579               1.97579               1.97579
    lp_stcs                1.0269                1.0269                1.0269
   lp_thecs                1.4566                1.4566                1.4566
 lp_stthecs                     0                     0                     0
    lp_xcor              0.113673              0.113673              0.113673
  lp_stxcor            2.7756e-17            2.7756e-17            2.7756e-17
    lp_feta                     1                     1                     1
      lp_rs                132.59                132.59                132.59
    lp_strs               -0.3508               -0.3508               -0.3508
     lp_rsb                  0.06                  0.06                  0.06
     lp_rsg                 0.495                 0.495                 0.495
  lp_thesat              0.139255              0.139255              0.139255
lp_thesatac              0.139255              0.139255              0.139255
lp_stthesat               8.73938               8.73938               8.73938
 lp_thesatb                     0                     0                     0
 lp_thesatg                     0                     0                     0
      lp_ax                3.7398                3.7398                3.7398
    lp_axac                3.7398                3.7398                3.7398
     lp_alp            0.00821673            0.00821673            0.00821673
   lp_alpac            0.00821673            0.00821673            0.00821673
    lp_alp1            0.00626808            0.00626808            0.00626808
    lp_alp2            0.00642233            0.00642233            0.00642233
      lp_vp            7.3803e-06            7.3803e-06            7.3803e-06
      lp_a1            0.00346348            0.00346348            0.00346348
      lp_a2                 13.33                 13.33                 13.33
    lp_sta2                     2                     2                     2
      lp_a3                1.2626                1.2626                1.2626
      lp_a4                     0                     0                     0
     lp_gco               0.01231               0.01231               0.01231
   lp_iginv               9473.75               9473.75               9473.75
    lp_igov               133.043               133.043               133.043
   lp_igovd               133.043               133.043               133.043
    lp_stig                2.3506                2.3506                2.3506
     lp_gc2               0.54762               0.54762               0.54762
     lp_gc3              -0.29543              -0.29543              -0.29543
   lp_gc2ov               0.54762               0.54762               0.54762
   lp_gc3ov              -0.29543              -0.29543              -0.29543
    lp_chib                   3.1                   3.1                   3.1
   lp_agidl           7.39005e-06           7.39005e-06           7.39005e-06
  lp_agidld           7.39005e-06           7.39005e-06           7.39005e-06
   lp_bgidl                 15.12                 15.12                 15.12
  lp_bgidld                 15.12                 15.12                 15.12
 lp_stbgidl            -0.0014941            -0.0014941            -0.0014941
lp_stbgidld            -0.0014941            -0.0014941            -0.0014941
   lp_cgidl               0.02068               0.02068               0.02068
  lp_cgidld               0.02068               0.02068               0.02068
     lp_cox           2.74539e-14           2.74539e-14           2.74539e-14
    lp_cgov           1.76367e-15           1.76367e-15           1.76367e-15
   lp_cgovd           1.76367e-15           1.76367e-15           1.76367e-15
lp_fcgovacc                     0                     0                     0
lp_fcgovacc                     0                     0                     0
lp_cgovaccg                     1                     1                     1
   lp_cgbov           9.69756e-18           9.69756e-18           9.69756e-18
    lp_cinr                     0                     0                     0
   lp_cinrd                     0                     0                     0
 lp_dvfbinr                     0                     0                     0
lp_fcinrdep                   0.3                   0.3                   0.3
lp_fcinracc                   0.5                   0.5                   0.5
   lp_axinr                   0.5                   0.5                   0.5
     lp_cfr             4.015e-16             4.015e-16             4.015e-16
    lp_cfrd             4.015e-16             4.015e-16             4.015e-16
     lp_fnt                  1.85                  1.85                  1.85
  lp_fntexc                     0                     0                     0
     lp_nfa           1.24301e+26           1.24301e+26           1.24301e+26
     lp_nfb           3.22035e+08           3.22035e+08           3.22035e+08
     lp_nfc            3.1742e-07            3.1742e-07            3.1742e-07
      lp_ef                     1                     1                     1
 lp_vfbedge                     0                     0                     0
lp_stvfbedg                0.0005                0.0005                0.0005
lp_dphibedg                     0                     0                     0
lp_neffedge                 5e+23                 5e+23                 5e+23
  lp_ctedge                     0                     0                     0
lp_betnedge                     0                     0                     0
lp_stbetedg                     1                     1                     1
lp_psceedge                     0                     0                     0
lp_pscebedg                     0                     0                     0
lp_pscededg                     0                     0                     0
  lp_cfedge                     0                     0                     0
 lp_cfdedge                     0                     0                     0
 lp_cfbedge                     0                     0                     0
 lp_fntedge                     1                     1                     1
 lp_nfaedge           8.17937e+24           8.17937e+24           8.17937e+24
 lp_nfbedge           3.06726e+09           3.06726e+09           3.06726e+09
 lp_nfcedge                     0                     0                     0
  lp_efedge                     1                     1                     1
      lp_rg              0.463355              0.463355              0.463355
     lp_rse                     0                     0                     0
     lp_rde                     0                     0                     0
   lp_rbulk                     0                     0                     0
   lp_rwell                     0                     0                     0
   lp_rjuns                     0                     0                     0
   lp_rjund                     0                     0                     0
         tk                300.15                300.15                300.15
    cjosbot            9.4399e-15            9.4399e-15            9.4399e-15
    cjossti           1.19974e-15           1.19974e-15           1.19974e-15
    cjosgat           8.75574e-16           8.75574e-16           8.75574e-16
    vbisbot              0.757443              0.757443              0.757443
    vbissti               1.71938               1.71938               1.71938
    vbisgat                1.3916                1.3916                1.3916
  idsatsbot           8.21254e-19           8.21254e-19           8.21254e-19
  idsatssti           8.72189e-20           8.72189e-20           8.72189e-20
  idsatsgat                     0                     0                     0
   cjosbotd            9.4399e-15            9.4399e-15            9.4399e-15
   cjosstid           1.19974e-15           1.19974e-15           1.19974e-15
   cjosgatd           8.75574e-16           8.75574e-16           8.75574e-16
   vbisbotd              0.757443              0.757443              0.757443
   vbisstid               1.71938               1.71938               1.71938
   vbisgatd                1.3916                1.3916                1.3916
 idsatsbotd           8.21254e-19           8.21254e-19           8.21254e-19
 idsatsstid           8.72189e-20           8.72189e-20           8.72189e-20
 idsatsgatd                     0                     0                     0

 PSP103VA: A simulator independent device loaded with OSDI
     device n.xdut.xm3.nsg13_lv_p n.xdut.xm4.nsg13_lv_p n.xdut.xm8.nsg13_lv_p
      model xdut.xm3:sg13g2_lv_pm xdut.xm4:sg13g2_lv_pm xdut.xm8:sg13g2_lv_pm
   _mfactor                     1                     1                     1
          m                     1                     1                     1
          l               4.5e-07               4.5e-07               4.5e-07
          w                 4e-06                 4e-06                 1e-05
         sa                     0                     0                     0
         sb                     0                     0                     0
         sd                     0                     0                     0
        sca                     0                     0                     0
        scb                     0                     0                     0
        scc                     0                     0                     0
         sc                     0                     0                     0
         nf                     1                     1                     1
      ngcon                     2                     2                     2
        xgw                 1e-07                 1e-07                 1e-07
        nrs                     0                     0                     0
        nrd                     0                     0                     0
         jw                 1e-06                 1e-06                 1e-06
     delvto                     0                     0                     0
     factuo                     1                     1                     1
 delvtoedge                     0                     0                     0
 factuoedge                     1                     1                     1
   absource                 1e-12                 1e-12                 1e-12
   lssource                 1e-06                 1e-06                 1e-06
   lgsource                 1e-06                 1e-06                 1e-06
    abdrain                 1e-12                 1e-12                 1e-12
    lsdrain                 1e-06                 1e-06                 1e-06
    lgdrain                 1e-06                 1e-06                 1e-06
         as              1.36e-12              1.36e-12               3.4e-12
         ps              8.68e-06              8.68e-06             2.068e-05
         ad              1.36e-12              1.36e-12               3.4e-12
         pd              8.68e-06              8.68e-06             2.068e-05
       mult                     8                    32                     8
      trise                     0                     0                     0
        dta                     0                     0                     0
    ifactor                     1                     1                     1
    cfactor                     1                     1                     1
      ctype                    -1                    -1                    -1
      sdint                     1                     1                     1
        ise          -4.19762e-05          -0.000144525          -7.22216e-05
        ige           1.34732e-11           8.84941e-11           2.17617e-11
        ide           4.19762e-05           0.000144525           7.22216e-05
        ibe          -5.45813e-13          -4.54407e-13          -1.58073e-12
        ids           4.19762e-05           0.000144525           7.22216e-05
        idb           5.45813e-13           4.54407e-13           1.58073e-12
        isb                     0                     0                     0
        igs           1.32893e-11           5.37352e-11           2.85162e-11
        igd           1.83874e-13           3.47589e-11          -6.75457e-12
        igb           8.62829e-22           3.57454e-21           1.67686e-21
     idedge                     0                     0                     0
       igcs           4.37299e-12           1.80699e-11           8.20305e-12
       igcd           4.06106e-12           1.68364e-11           7.72636e-12
       iavl           2.21609e-15           4.93812e-79           3.78985e-14
      igisl                     0                     0                     0
      igidl           4.71768e-27                     0           6.17347e-21
        ijs                     0                     0                     0
     ijsbot                     0                     0                     0
     ijsgat                     0                     0                     0
     ijssti                     0                     0                     0
        ijd          -5.43597e-13          -4.54407e-13          -1.54284e-12
     ijdbot          -1.38966e-16          -1.59107e-16          -3.80808e-16
     ijdgat          -5.43007e-13          -4.53764e-13          -1.54133e-12
     ijdsti          -4.50313e-16          -4.84143e-16          -1.12685e-15
        vds              0.833229              0.158156              0.945131
        vgs              0.465477              0.465477              0.441771
        vsb                    -0                    -0                    -0
        vto              0.366456              0.366456              0.366945
        vts              0.366454              0.366454              0.366943
        vth              0.365707              0.366366              0.366082
        vgt             0.0997699             0.0991104              0.075689
       vdss              0.150801              0.150492              0.139904
       vsat              0.682428             0.0076642              0.805228
         gm           0.000579561            0.00196437            0.00113598
        gmb           0.000108021           0.000369193           0.000211611
        gds           4.23663e-06           0.000124055           6.73885e-06
        gjs          -1.04891e-12          -4.19564e-12          -2.63388e-12
        gjd          -6.33847e-13          -2.58412e-12          -1.58571e-12
        cdd           2.78317e-17            1.1516e-14           3.19801e-17
        cdg           2.75246e-14           1.24116e-13           6.26456e-14
        cds          -3.23372e-14          -1.34457e-13           -7.3723e-14
        cdb           4.84051e-15           2.18569e-14           1.11094e-14
        cgd          -2.00083e-17           1.35445e-14          -8.99301e-17
        cgg           8.67782e-14            3.6334e-13           2.05154e-13
        cgs            7.2701e-14             2.963e-13            1.6743e-13
        cgb           1.40971e-14           5.34961e-14           3.78135e-14
        csd           2.24829e-17          -4.15974e-15           6.41623e-17
        csg           4.39192e-14           1.80301e-13           1.01827e-13
        css           5.16954e-14           2.08038e-13           1.20013e-13
        csb            7.7537e-15           3.18971e-14           1.81211e-14
        cbd           2.53571e-17           2.13128e-15            5.7748e-17
        cbg           1.53344e-14           5.89235e-14           4.06811e-14
        cbs           1.13316e-14           4.61953e-14           2.63052e-14
        cbb           2.66914e-14            1.0725e-13            6.7044e-14
      cgsol            1.6402e-14            6.5608e-14           4.09751e-14
      cgdol           1.45014e-14           6.45926e-14           3.53396e-14
        cjs           1.17758e-14           4.71033e-14           2.91723e-14
     cjsbot           9.65354e-15           3.86142e-14           2.41339e-14
     cjsgat            8.9539e-16           3.58156e-15           2.24862e-15
     cjssti           1.22689e-15           4.90755e-15            2.7898e-15
        cjd           9.00834e-15           4.39071e-14           2.17488e-14
     cjdbot           7.26732e-15           3.58279e-14           1.77156e-14
     cjdgat           6.51124e-16            3.3198e-15           1.58311e-15
     cjdsti           1.08989e-15           4.75936e-15           2.45007e-15
       weff              3.97e-06              3.97e-06              9.97e-06
       leff           4.89035e-07           4.89035e-07           4.89035e-07
          u               136.798               15.8347               168.571
       rout                236037               8060.96                148393
     vearly               9.90794               1.16501               10.7172
       beff            0.00843401             0.0294263             0.0252134
        fug            7.8381e+08           6.33462e+08           6.42332e+08
         rg             0.0579194             0.0144798             0.0231678
        sfl           1.30679e-17           4.07245e-17           1.88207e-17
    sqrtsff           1.97244e-07           1.02732e-07           1.20767e-07
    sqrtsfw           6.26299e-09           3.51267e-09            4.4225e-09
        sid           1.31753e-23           4.76125e-23           2.52392e-23
        sig           2.07731e-36           9.42259e-36           5.51992e-36
      cigid              0.471211              0.438062              0.482163
      fknee                991846                855331                745691
       sigs           4.25841e-30           1.72188e-29           9.13769e-30
       sigd           2.54372e-30           1.11381e-29           7.11607e-30
      siavl           7.10121e-34           1.58236e-97           1.21441e-32
        ssi                     0                     0                     0
        sdi           1.74189e-31            1.4561e-31           4.94384e-31
    sfledge                     0                     0                     0
    sidedge                     0                     0                     0
     lp_vfb             -0.864742             -0.864742             -0.867094
   lp_stvfb             0.0007578             0.0007578           0.000756787
  lp_st2vfb                     0                     0                     0
     lp_tox            1.9704e-09            1.9704e-09            1.9704e-09
  lp_epsrox                   3.9                   3.9                   3.9
    lp_neff           4.42887e+23           4.42887e+23           4.47862e+23
lp_facneffa                     1                     1                     1
 lp_gfacnud                     1                     1                     1
  lp_vsbnud                     0                     0                     0
 lp_dvsbnud                     1                     1                     1
   lp_vnsub                     0                     0                     0
    lp_nslp                  0.05                  0.05                  0.05
   lp_dnsub              0.039707              0.039707              0.039707
   lp_dphib             -0.089584             -0.089584            -0.0887946
 lp_delvtac                     0                     0                     0
      lp_np           1.02081e+26           1.02081e+26           1.02081e+26
   lp_toxov            1.9704e-09            1.9704e-09            1.9704e-09
  lp_toxovd            1.9704e-09            1.9704e-09            1.9704e-09
     lp_nov             3.104e+25             3.104e+25             3.104e+25
    lp_novd             3.104e+25             3.104e+25             3.104e+25
      lp_ct             0.0409467             0.0409467             0.0390726
     lp_ctg                     0                     0                     0
     lp_ctb                     0                     0                     0
    lp_stct                     1                     1                     1
      lp_cf           0.000983351           0.000983351           0.000985175
    lp_cfac           0.000983351           0.000983351           0.000985175
     lp_cfd                     0                     0                     0
     lp_cfb               0.57877               0.57877               0.57877
    lp_psce                     0                     0                     0
   lp_psceb                     0                     0                     0
   lp_psced                     0                     0                     0
    lp_betn              0.233694              0.233694              0.574289
   lp_stbet               1.61911               1.61911               1.61995
     lp_mue               2.29093               2.29093               2.31601
   lp_stmue               0.84805               0.84805               0.84805
   lp_themu               1.26159               1.26159               1.26159
 lp_stthemu             4.441e-15             4.441e-15             4.441e-15
      lp_cs               1.97579               1.97579               2.00069
    lp_stcs                1.0269                1.0269                1.0269
   lp_thecs                1.4566                1.4566                1.4566
 lp_stthecs                     0                     0                     0
    lp_xcor              0.113673              0.113673              0.114325
  lp_stxcor            2.7756e-17            2.7756e-17            2.7756e-17
    lp_feta                     1                     1                     1
      lp_rs                132.59                132.59               53.5207
    lp_strs               -0.3508               -0.3508               -0.3508
     lp_rsb                  0.06                  0.06                  0.06
     lp_rsg                 0.495                 0.495                 0.495
  lp_thesat              0.139255              0.139255              0.146206
lp_thesatac              0.139255              0.139255              0.146206
lp_stthesat               8.73938               8.73938               8.72451
 lp_thesatb                     0                     0                     0
 lp_thesatg                     0                     0                     0
      lp_ax                3.7398                3.7398                3.7398
    lp_axac                3.7398                3.7398                3.7398
     lp_alp            0.00821673            0.00821673            0.00849349
   lp_alpac            0.00821673            0.00821673            0.00849349
    lp_alp1            0.00626808            0.00626808            0.00632398
    lp_alp2            0.00642233            0.00642233             0.0063614
      lp_vp            7.3803e-06            7.3803e-06            7.3803e-06
      lp_a1            0.00346348            0.00346348            0.00222784
      lp_a2                 13.33                 13.33                 13.33
    lp_sta2                     2                     2                     2
      lp_a3                1.2626                1.2626               1.26354
      lp_a4                     0                     0                     0
     lp_gco               0.01231               0.01231               0.01231
   lp_iginv               9473.75               9473.75               23609.8
    lp_igov               133.043               133.043               334.115
   lp_igovd               133.043               133.043               334.115
    lp_stig                2.3506                2.3506                2.3506
     lp_gc2               0.54762               0.54762               0.54762
     lp_gc3              -0.29543              -0.29543              -0.29543
   lp_gc2ov               0.54762               0.54762               0.54762
   lp_gc3ov              -0.29543              -0.29543              -0.29543
    lp_chib                   3.1                   3.1                   3.1
   lp_agidl           7.39005e-06           7.39005e-06           1.85589e-05
  lp_agidld           7.39005e-06           7.39005e-06           1.85589e-05
   lp_bgidl                 15.12                 15.12                 15.12
  lp_bgidld                 15.12                 15.12                 15.12
 lp_stbgidl            -0.0014941            -0.0014941            -0.0014941
lp_stbgidld            -0.0014941            -0.0014941            -0.0014941
   lp_cgidl               0.02068               0.02068               0.02068
  lp_cgidld               0.02068               0.02068               0.02068
     lp_cox           2.74539e-14           2.74539e-14           6.87899e-14
    lp_cgov           1.76367e-15           1.76367e-15           4.41913e-15
   lp_cgovd           1.76367e-15           1.76367e-15           4.41913e-15
lp_fcgovacc                     0                     0                     0
lp_fcgovacc                     0                     0                     0
lp_cgovaccg                     1                     1                     1
   lp_cgbov           9.69756e-18           9.69756e-18           9.69756e-18
    lp_cinr                     0                     0                     0
   lp_cinrd                     0                     0                     0
 lp_dvfbinr                     0                     0                     0
lp_fcinrdep                   0.3                   0.3                   0.3
lp_fcinracc                   0.5                   0.5                   0.5
   lp_axinr                   0.5                   0.5                   0.5
     lp_cfr             4.015e-16             4.015e-16            1.0015e-15
    lp_cfrd             4.015e-16             4.015e-16            1.0015e-15
     lp_fnt                  1.85                  1.85                  1.85
  lp_fntexc                     0                     0                     0
     lp_nfa           1.24301e+26           1.24301e+26            4.9496e+25
     lp_nfb           3.22035e+08           3.22035e+08           1.28232e+08
     lp_nfc            3.1742e-07            3.1742e-07           1.26395e-07
      lp_ef                     1                     1                     1
 lp_vfbedge                     0                     0                     0
lp_stvfbedg                0.0005                0.0005                0.0005
lp_dphibedg                     0                     0                     0
lp_neffedge                 5e+23                 5e+23                 5e+23
  lp_ctedge                     0                     0                     0
lp_betnedge                     0                     0                     0
lp_stbetedg                     1                     1                     1
lp_psceedge                     0                     0                     0
lp_pscebedg                     0                     0                     0
lp_pscededg                     0                     0                     0
  lp_cfedge                     0                     0                     0
 lp_cfdedge                     0                     0                     0
 lp_cfbedge                     0                     0                     0
 lp_fntedge                     1                     1                     1
 lp_nfaedge           8.17937e+24           8.17937e+24           8.17937e+24
 lp_nfbedge           3.06726e+09           3.06726e+09           3.06726e+09
 lp_nfcedge                     0                     0                     0
  lp_efedge                     1                     1                     1
      lp_rg              0.463355              0.463355              0.185342
     lp_rse                     0                     0                     0
     lp_rde                     0                     0                     0
   lp_rbulk                     0                     0                     0
   lp_rwell                     0                     0                     0
   lp_rjuns                     0                     0                     0
   lp_rjund                     0                     0                     0
         tk                300.15                300.15                300.15
    cjosbot            9.4399e-15           3.77596e-14           2.35998e-14
    cjossti           1.19974e-15           4.79894e-15           2.72806e-15
    cjosgat           8.75574e-16            3.5023e-15           2.19886e-15
    vbisbot              0.757443              0.757443              0.757443
    vbissti               1.71938               1.71938               1.71938
    vbisgat                1.3916                1.3916                1.3916
  idsatsbot           8.21254e-19           3.28501e-18           2.05313e-18
  idsatssti           8.72189e-20           3.48876e-19           1.98326e-19
  idsatsgat                     0                     0                     0
   cjosbotd            9.4399e-15           3.77596e-14           2.35998e-14
   cjosstid           1.19974e-15           4.79894e-15           2.72806e-15
   cjosgatd           8.75574e-16            3.5023e-15           2.19886e-15
   vbisbotd              0.757443              0.757443              0.757443
   vbisstid               1.71938               1.71938               1.71938
   vbisgatd                1.3916                1.3916                1.3916
 idsatsbotd           8.21254e-19           3.28501e-18           2.05313e-18
 idsatsstid           8.72189e-20           3.48876e-19           1.98326e-19
 idsatsgatd                     0                     0                     0

 PSP103VA: A simulator independent device loaded with OSDI
     device n.xdut.xm9.nsg13_lv_p n.xdut.xm5.nsg13_lv_p n.xdut.xm6.nsg13_lv_p
      model xdut.xm9:sg13g2_lv_pm xdut.xm5:sg13g2_lv_pm xdut.xm6:sg13g2_lv_pm
   _mfactor                     1                     1                     1
          m                     1                     1                     1
          l               4.5e-07               4.5e-07               4.5e-07
          w                 1e-05                 4e-06                 4e-06
         sa                     0                     0                     0
         sb                     0                     0                     0
         sd                     0                     0                     0
        sca                     0                     0                     0
        scb                     0                     0                     0
        scc                     0                     0                     0
         sc                     0                     0                     0
         nf                     1                     1                     1
      ngcon                     2                     2                     2
        xgw                 1e-07                 1e-07                 1e-07
        nrs                     0                     0                     0
        nrd                     0                     0                     0
         jw                 1e-06                 1e-06                 1e-06
     delvto                     0                     0                     0
     factuo                     1                     1                     1
 delvtoedge                     0                     0                     0
 factuoedge                     1                     1                     1
   absource                 1e-12                 1e-12                 1e-12
   lssource                 1e-06                 1e-06                 1e-06
   lgsource                 1e-06                 1e-06                 1e-06
    abdrain                 1e-12                 1e-12                 1e-12
    lsdrain                 1e-06                 1e-06                 1e-06
    lgdrain                 1e-06                 1e-06                 1e-06
         as               3.4e-12              1.36e-12              1.36e-12
         ps             2.068e-05              8.68e-06              8.68e-06
         ad               3.4e-12              1.36e-12              1.36e-12
         pd             2.068e-05              8.68e-06              8.68e-06
       mult                     8                     8                     8
      trise                     0                     0                     0
        dta                     0                     0                     0
    ifactor                     1                     1                     1
    cfactor                     1                     1                     1
      ctype                    -1                    -1                    -1
      sdint                     1                     1                     1
        ise          -7.23036e-05          -2.57759e-05          -2.57469e-05
        ige           2.17948e-11           1.37172e-11           1.37871e-11
        ide           7.23036e-05           2.57759e-05           2.57468e-05
        ibe          -1.58026e-12          -2.91241e-13          -2.87452e-13
        ids           7.23036e-05           2.57759e-05           2.57468e-05
        idb           1.58026e-12           2.91241e-13           2.87452e-13
        isb                     0                     0                     0
        igs           2.85305e-11           1.08967e-11           1.08965e-11
        igd          -6.73573e-12            2.8205e-12           2.89061e-12
        igb            1.6783e-21           6.21146e-22           6.21123e-22
     idedge                     0                     0                     0
       igcs           8.21119e-12            2.9855e-12           2.98535e-12
       igcd            7.7337e-12            2.8205e-12           2.82037e-12
       iavl           3.77624e-14           1.29883e-23           7.21229e-24
      igisl                     0                     0                     0
      igidl           6.04952e-21          3.56355e-128                     0
        ijs                     0                     0                     0
     ijsbot                     0                     0                     0
     ijsgat                     0                     0                     0
     ijssti                     0                     0                     0
        ijd           -1.5425e-12          -2.91241e-13          -2.87452e-13
     ijdbot          -3.80746e-16          -8.60874e-17          -8.52064e-17
     ijdgat            -1.541e-12          -2.90882e-13          -2.87097e-13
     ijdsti          -1.12666e-15          -2.72576e-16          -2.69645e-16
        vds              0.944921              0.436432              0.430476
        vgs              0.441844              0.436432              0.436432
        vsb                    -0                    -0                    -0
        vto              0.366945              0.366296              0.366296
        vts              0.366943              0.366294              0.366294
        vth              0.366082              0.365943              0.365949
        vgt             0.0757618             0.0704884             0.0704825
       vdss              0.139935              0.137894              0.137892
       vsat              0.804987              0.298537              0.292584
         gm             0.0011368           0.000416026           0.000415535
        gmb           0.000211766           7.75036e-05           7.74163e-05
        gds           6.74748e-06           4.83998e-06           4.90107e-06
        gjs          -2.63388e-12          -1.04891e-12          -1.04891e-12
        gjd          -1.58572e-12          -6.36147e-13          -6.36101e-13
        cdd           3.20656e-17           6.60722e-17           6.80512e-17
        cdg           6.26666e-14           2.47481e-14           2.47553e-14
        cds          -7.37475e-14          -2.90709e-14          -2.90774e-14
        cdb           1.11129e-14           4.38887e-15           4.39023e-15
        cgd          -8.98467e-17            2.9658e-17           3.20575e-17
        cgg           2.05196e-13           8.09865e-14           8.09943e-14
        cgs            1.6748e-13           6.57824e-14           6.57894e-14
        cgb           3.78055e-14           1.51745e-14           1.51729e-14
        csd           6.41514e-17            3.5095e-18           2.72863e-18
        csg           1.01855e-13           3.99084e-14           3.99102e-14
        css           1.20045e-13           4.70134e-14           4.70149e-14
        csb           1.81258e-14           7.10145e-15           7.10192e-15
        cbd           5.77608e-17           3.29047e-17           3.32651e-17
        cbg           4.06739e-14             1.633e-14           1.63288e-14
        cbs           2.63127e-14           1.03019e-14            1.0303e-14
        cbb           6.70443e-14           2.66648e-14            2.6665e-14
      cgsol           4.09754e-14           1.63596e-14           1.63596e-14
      cgdol           3.53416e-14           1.54923e-14           1.55069e-14
        cjs           2.91723e-14           1.17758e-14           1.17758e-14
     cjsbot           2.41339e-14           9.65354e-15           9.65354e-15
     cjsgat           2.24862e-15            8.9539e-16            8.9539e-16
     cjssti            2.7898e-15           1.22689e-15           1.22689e-15
        cjd           2.17497e-14           9.97535e-15           9.99319e-15
     cjdbot           1.77164e-14           8.09181e-15           8.10712e-15
     cjdgat           1.58321e-15           7.41916e-16           7.43541e-16
     cjdsti           2.45012e-15           1.14162e-15           1.14252e-15
       weff              9.97e-06              3.97e-06              3.97e-06
       leff           4.89035e-07           4.89035e-07           4.89035e-07
          u               168.478               85.9563               84.7845
       rout                148204                206613                204037
     vearly               10.7156               5.32562               5.25331
       beff             0.0251935             0.0103755             0.0103655
        fug           6.42698e+08           5.86792e+08           5.85983e+08
         rg             0.0231678             0.0579194             0.0579194
        sfl           1.88512e-17            6.6323e-18            6.6233e-18
    sqrtsff           1.20777e-07           1.95754e-07           1.95853e-07
    sqrtsfw           4.42108e-09           7.29912e-09           7.30387e-09
        sid           2.52596e-23            9.2211e-24           9.21131e-24
        sig           5.51955e-36           2.27348e-36           2.27581e-36
      cigid              0.482128              0.484349              0.484324
      fknee                746300                719252                719040
       sigs           9.14228e-30           3.49171e-30           3.49166e-30
       sigd           7.11474e-30           9.03795e-31           9.26263e-31
      siavl           1.21005e-32           4.16196e-42           2.31109e-42
        ssi                     0                     0                     0
        sdi           4.94277e-31           9.33248e-32           9.21107e-32
    sfledge                     0                     0                     0
    sidedge                     0                     0                     0
     lp_vfb             -0.867094             -0.864742             -0.864742
   lp_stvfb           0.000756787             0.0007578             0.0007578
  lp_st2vfb                     0                     0                     0
     lp_tox            1.9704e-09            1.9704e-09            1.9704e-09
  lp_epsrox                   3.9                   3.9                   3.9
    lp_neff           4.47862e+23           4.42887e+23           4.42887e+23
lp_facneffa                     1                     1                     1
 lp_gfacnud                     1                     1                     1
  lp_vsbnud                     0                     0                     0
 lp_dvsbnud                     1                     1                     1
   lp_vnsub                     0                     0                     0
    lp_nslp                  0.05                  0.05                  0.05
   lp_dnsub              0.039707              0.039707              0.039707
   lp_dphib            -0.0887946             -0.089584             -0.089584
 lp_delvtac                     0                     0                     0
      lp_np           1.02081e+26           1.02081e+26           1.02081e+26
   lp_toxov            1.9704e-09            1.9704e-09            1.9704e-09
  lp_toxovd            1.9704e-09            1.9704e-09            1.9704e-09
     lp_nov             3.104e+25             3.104e+25             3.104e+25
    lp_novd             3.104e+25             3.104e+25             3.104e+25
      lp_ct             0.0390726             0.0409467             0.0409467
     lp_ctg                     0                     0                     0
     lp_ctb                     0                     0                     0
    lp_stct                     1                     1                     1
      lp_cf           0.000985175           0.000983351           0.000983351
    lp_cfac           0.000985175           0.000983351           0.000983351
     lp_cfd                     0                     0                     0
     lp_cfb               0.57877               0.57877               0.57877
    lp_psce                     0                     0                     0
   lp_psceb                     0                     0                     0
   lp_psced                     0                     0                     0
    lp_betn              0.574289              0.233694              0.233694
   lp_stbet               1.61995               1.61911               1.61911
     lp_mue               2.31601               2.29093               2.29093
   lp_stmue               0.84805               0.84805               0.84805
   lp_themu               1.26159               1.26159               1.26159
 lp_stthemu             4.441e-15             4.441e-15             4.441e-15
      lp_cs               2.00069               1.97579               1.97579
    lp_stcs                1.0269                1.0269                1.0269
   lp_thecs                1.4566                1.4566                1.4566
 lp_stthecs                     0                     0                     0
    lp_xcor              0.114325              0.113673              0.113673
  lp_stxcor            2.7756e-17            2.7756e-17            2.7756e-17
    lp_feta                     1                     1                     1
      lp_rs               53.5207                132.59                132.59
    lp_strs               -0.3508               -0.3508               -0.3508
     lp_rsb                  0.06                  0.06                  0.06
     lp_rsg                 0.495                 0.495                 0.495
  lp_thesat              0.146206              0.139255              0.139255
lp_thesatac              0.146206              0.139255              0.139255
lp_stthesat               8.72451               8.73938               8.73938
 lp_thesatb                     0                     0                     0
 lp_thesatg                     0                     0                     0
      lp_ax                3.7398                3.7398                3.7398
    lp_axac                3.7398                3.7398                3.7398
     lp_alp            0.00849349            0.00821673            0.00821673
   lp_alpac            0.00849349            0.00821673            0.00821673
    lp_alp1            0.00632398            0.00626808            0.00626808
    lp_alp2             0.0063614            0.00642233            0.00642233
      lp_vp            7.3803e-06            7.3803e-06            7.3803e-06
      lp_a1            0.00222784            0.00346348            0.00346348
      lp_a2                 13.33                 13.33                 13.33
    lp_sta2                     2                     2                     2
      lp_a3               1.26354                1.2626                1.2626
      lp_a4                     0                     0                     0
     lp_gco               0.01231               0.01231               0.01231
   lp_iginv               23609.8               9473.75               9473.75
    lp_igov               334.115               133.043               133.043
   lp_igovd               334.115               133.043               133.043
    lp_stig                2.3506                2.3506                2.3506
     lp_gc2               0.54762               0.54762               0.54762
     lp_gc3              -0.29543              -0.29543              -0.29543
   lp_gc2ov               0.54762               0.54762               0.54762
   lp_gc3ov              -0.29543              -0.29543              -0.29543
    lp_chib                   3.1                   3.1                   3.1
   lp_agidl           1.85589e-05           7.39005e-06           7.39005e-06
  lp_agidld           1.85589e-05           7.39005e-06           7.39005e-06
   lp_bgidl                 15.12                 15.12                 15.12
  lp_bgidld                 15.12                 15.12                 15.12
 lp_stbgidl            -0.0014941            -0.0014941            -0.0014941
lp_stbgidld            -0.0014941            -0.0014941            -0.0014941
   lp_cgidl               0.02068               0.02068               0.02068
  lp_cgidld               0.02068               0.02068               0.02068
     lp_cox           6.87899e-14           2.74539e-14           2.74539e-14
    lp_cgov           4.41913e-15           1.76367e-15           1.76367e-15
   lp_cgovd           4.41913e-15           1.76367e-15           1.76367e-15
lp_fcgovacc                     0                     0                     0
lp_fcgovacc                     0                     0                     0
lp_cgovaccg                     1                     1                     1
   lp_cgbov           9.69756e-18           9.69756e-18           9.69756e-18
    lp_cinr                     0                     0                     0
   lp_cinrd                     0                     0                     0
 lp_dvfbinr                     0                     0                     0
lp_fcinrdep                   0.3                   0.3                   0.3
lp_fcinracc                   0.5                   0.5                   0.5
   lp_axinr                   0.5                   0.5                   0.5
     lp_cfr            1.0015e-15             4.015e-16             4.015e-16
    lp_cfrd            1.0015e-15             4.015e-16             4.015e-16
     lp_fnt                  1.85                  1.85                  1.85
  lp_fntexc                     0                     0                     0
     lp_nfa            4.9496e+25           1.24301e+26           1.24301e+26
     lp_nfb           1.28232e+08           3.22035e+08           3.22035e+08
     lp_nfc           1.26395e-07            3.1742e-07            3.1742e-07
      lp_ef                     1                     1                     1
 lp_vfbedge                     0                     0                     0
lp_stvfbedg                0.0005                0.0005                0.0005
lp_dphibedg                     0                     0                     0
lp_neffedge                 5e+23                 5e+23                 5e+23
  lp_ctedge                     0                     0                     0
lp_betnedge                     0                     0                     0
lp_stbetedg                     1                     1                     1
lp_psceedge                     0                     0                     0
lp_pscebedg                     0                     0                     0
lp_pscededg                     0                     0                     0
  lp_cfedge                     0                     0                     0
 lp_cfdedge                     0                     0                     0
 lp_cfbedge                     0                     0                     0
 lp_fntedge                     1                     1                     1
 lp_nfaedge           8.17937e+24           8.17937e+24           8.17937e+24
 lp_nfbedge           3.06726e+09           3.06726e+09           3.06726e+09
 lp_nfcedge                     0                     0                     0
  lp_efedge                     1                     1                     1
      lp_rg              0.185342              0.463355              0.463355
     lp_rse                     0                     0                     0
     lp_rde                     0                     0                     0
   lp_rbulk                     0                     0                     0
   lp_rwell                     0                     0                     0
   lp_rjuns                     0                     0                     0
   lp_rjund                     0                     0                     0
         tk                300.15                300.15                300.15
    cjosbot           2.35998e-14            9.4399e-15            9.4399e-15
    cjossti           2.72806e-15           1.19974e-15           1.19974e-15
    cjosgat           2.19886e-15           8.75574e-16           8.75574e-16
    vbisbot              0.757443              0.757443              0.757443
    vbissti               1.71938               1.71938               1.71938
    vbisgat                1.3916                1.3916                1.3916
  idsatsbot           2.05313e-18           8.21254e-19           8.21254e-19
  idsatssti           1.98326e-19           8.72189e-20           8.72189e-20
  idsatsgat                     0                     0                     0
   cjosbotd           2.35998e-14            9.4399e-15            9.4399e-15
   cjosstid           2.72806e-15           1.19974e-15           1.19974e-15
   cjosgatd           2.19886e-15           8.75574e-16           8.75574e-16
   vbisbotd              0.757443              0.757443              0.757443
   vbisstid               1.71938               1.71938               1.71938
   vbisgatd                1.3916                1.3916                1.3916
 idsatsbotd           2.05313e-18           8.21254e-19           8.21254e-19
 idsatsstid           1.98326e-19           8.72189e-20           8.72189e-20
 idsatsgatd                     0                     0                     0

 PSP103VA: A simulator independent device loaded with OSDI
     device n.xdut.xm10.nsg13_lv_ n.xdut.xm7.nsg13_lv_p n.xdut.xm11.nsg13_lv_
      model xdut.xm10:sg13g2_lv_p xdut.xm7:sg13g2_lv_pm xdut.xm11:sg13g2_lv_p
   _mfactor                     1                     1                     1
          m                     1                     1                     1
          l               4.5e-07               4.5e-07               4.5e-07
          w                 8e-06                 4e-06                 6e-06
         sa                     0                     0                     0
         sb                     0                     0                     0
         sd                     0                     0                     0
        sca                     0                     0                     0
        scb                     0                     0                     0
        scc                     0                     0                     0
         sc                     0                     0                     0
         nf                     1                     1                     1
      ngcon                     2                     2                     2
        xgw                 1e-07                 1e-07                 1e-07
        nrs                     0                     0                     0
        nrd                     0                     0                     0
         jw                 1e-06                 1e-06                 1e-06
     delvto                     0                     0                     0
     factuo                     1                     1                     1
 delvtoedge                     0                     0                     0
 factuoedge                     1                     1                     1
   absource                 1e-12                 1e-12                 1e-12
   lssource                 1e-06                 1e-06                 1e-06
   lgsource                 1e-06                 1e-06                 1e-06
    abdrain                 1e-12                 1e-12                 1e-12
    lsdrain                 1e-06                 1e-06                 1e-06
    lgdrain                 1e-06                 1e-06                 1e-06
         as              2.72e-12              1.36e-12              2.04e-12
         ps             1.668e-05              8.68e-06             1.268e-05
         ad              2.72e-12              1.36e-12              2.04e-12
         pd             1.668e-05              8.68e-06             1.268e-05
       mult                     8                     8                    16
      trise                     0                     0                     0
        dta                     0                     0                     0
    ifactor                     1                     1                     1
    cfactor                     1                     1                     1
      ctype                    -1                    -1                    -1
      sdint                     1                     1                     1
        ise          -4.79805e-05          -4.25673e-05           -7.0651e-05
        ige           1.73433e-11           1.13736e-11           3.34433e-11
        ide           4.79804e-05           4.25672e-05            7.0651e-05
        ibe          -1.11383e-12          -6.88542e-13          -1.18889e-12
        ids           4.79804e-05           4.25672e-05            7.0651e-05
        idb           1.11383e-12           6.88542e-13           1.18889e-12
        isb                     0                     0                     0
        igs            2.1078e-11           1.32971e-11           3.15268e-11
        igd           -3.7347e-12           -1.9235e-12           1.91654e-12
        igb           1.16694e-21           8.64138e-22           1.74185e-21
     idedge                     0                     0                     0
       igcs           5.58567e-12           4.38081e-12           8.31741e-12
       igcd           5.29464e-12           4.06794e-12           7.88439e-12
       iavl           4.38123e-15           5.05212e-14           2.31504e-18
      igisl                     0                     0                     0
      igidl           2.87859e-24           6.59521e-21           7.55676e-51
        ijs                     0                     0                     0
     ijsbot                     0                     0                     0
     ijsgat                     0                     0                     0
     ijssti                     0                     0                     0
        ijd          -1.10945e-12          -6.38021e-13          -1.18889e-12
     ijdbot          -2.81413e-16          -1.56676e-16          -3.27353e-16
     ijdgat          -1.10832e-12          -6.37354e-13          -1.18756e-12
     ijdsti          -8.43637e-16          -5.10324e-16          -9.96136e-16
        vds              0.847551               0.98257              0.599927
        vgs              0.430476              0.465477              0.430476
        vsb                    -0                    -0                    -0
        vto               0.36675              0.366456               0.36656
        vts              0.366748              0.366454              0.366558
        vth              0.365986              0.365557              0.366044
        vgt             0.0644898             0.0999201              0.064431
       vdss               0.13535              0.150871              0.135369
       vsat              0.712201              0.831698              0.464557
         gm           0.000803711           0.000587051             0.0011817
        gmb           0.000149594           0.000109329           0.000220117
        gds           4.92258e-06            3.7082e-06           9.81971e-06
        gjs          -2.10555e-12          -1.04891e-12          -3.15447e-12
        gjd          -1.27186e-12          -6.30567e-13          -1.91476e-12
        cdd           2.63669e-17           1.84015e-17           9.27807e-17
        cdg           4.74995e-14           2.74601e-14           7.16155e-14
        cds          -5.59193e-14          -3.22683e-14          -8.42566e-14
        cdb           8.44612e-15           4.82664e-15           1.27339e-14
        cgd          -6.82452e-17          -3.13383e-17          -3.71221e-17
        cgg           1.58713e-13           8.67144e-14           2.38312e-13
        cgs           1.27565e-13           7.26311e-14           1.91712e-13
        cgb           3.12166e-14           1.41147e-14            4.6637e-14
        csd           4.78784e-17           2.61641e-17           4.99269e-17
        csg            7.7786e-14           4.39101e-14           1.16704e-13
        css           9.17109e-14           5.16844e-14           1.37573e-13
        csb           1.38771e-14           7.74809e-15           2.08192e-14
        cbd           4.67337e-17           2.35756e-17            7.9976e-17
        cbg           3.34275e-14           1.53442e-14           4.99927e-14
        cbs           2.00656e-14           1.13216e-14           3.01175e-14
        cbb           5.35398e-14           2.66894e-14           8.01901e-14
      cgsol           3.27388e-14            1.6402e-14           4.90894e-14
      cgdol           2.87537e-14           1.40799e-14            4.5192e-14
        cjs           2.33735e-14           1.17758e-14           3.51493e-14
     cjsbot           1.93071e-14           9.65354e-15           2.89606e-14
     cjsgat           1.79755e-15            8.9539e-16           2.69294e-15
     cjssti           2.26883e-15           1.22689e-15           3.49572e-15
        cjd           1.78004e-14           8.72669e-15           2.84256e-14
     cjdbot           1.44863e-14           7.02936e-15           2.31311e-14
     cjdgat           1.30164e-15           6.23823e-16           2.10738e-15
     cjdsti           2.01247e-15            1.0735e-15           3.18712e-15
       weff              7.97e-06              3.97e-06              5.97e-06
       leff           4.89035e-07           4.89035e-07           4.89035e-07
          u                163.27               158.312                120.34
       rout                203145                269673                101836
     vearly                 9.747               11.4792               7.19481
       beff             0.0230734            0.00852707             0.0340375
        fug           5.80888e+08           7.97228e+08           5.65476e+08
         rg             0.0289597             0.0579194             0.0193065
        sfl           1.16049e-17           1.32843e-17           1.71777e-17
    sqrtsff           1.34036e-07           1.96333e-07           1.10911e-07
    sqrtsfw           5.22481e-09           6.22428e-09           4.31258e-09
        sid           1.76336e-23           1.33515e-23           2.59709e-23
        sig           4.46687e-36           2.05217e-36           6.80634e-36
      cigid              0.487728               0.47118               0.48769
      fknee                658115                994964                661422
       sigs           6.75421e-30           4.26092e-30           1.01024e-29
       sigd           4.58995e-30           3.22341e-30           4.43879e-30
      siavl           1.40392e-33           1.61889e-32           7.41829e-37
        ssi                     0                     0                     0
        sdi            3.5551e-31           2.04446e-31           3.80964e-31
    sfledge                     0                     0                     0
    sidedge                     0                     0                     0
     lp_vfb             -0.866703             -0.864742             -0.866051
   lp_stvfb           0.000756955             0.0007578           0.000757236
  lp_st2vfb                     0                     0                     0
     lp_tox            1.9704e-09            1.9704e-09            1.9704e-09
  lp_epsrox                   3.9                   3.9                   3.9
    lp_neff           4.46972e+23           4.42887e+23           4.45553e+23
lp_facneffa                     1                     1                     1
 lp_gfacnud                     1                     1                     1
  lp_vsbnud                     0                     0                     0
 lp_dvsbnud                     1                     1                     1
   lp_vnsub                     0                     0                     0
    lp_nslp                  0.05                  0.05                  0.05
   lp_dnsub              0.039707              0.039707              0.039707
   lp_dphib            -0.0889256             -0.089584            -0.0891445
 lp_delvtac                     0                     0                     0
      lp_np           1.02081e+26           1.02081e+26           1.02081e+26
   lp_toxov            1.9704e-09            1.9704e-09            1.9704e-09
  lp_toxovd            1.9704e-09            1.9704e-09            1.9704e-09
     lp_nov             3.104e+25             3.104e+25             3.104e+25
    lp_novd             3.104e+25             3.104e+25             3.104e+25
      lp_ct             0.0393851             0.0409467             0.0399058
     lp_ctg                     0                     0                     0
     lp_ctb                     0                     0                     0
    lp_stct                     1                     1                     1
      lp_cf           0.000984872           0.000983351           0.000984367
    lp_cfac           0.000984872           0.000983351           0.000984367
     lp_cfd                     0                     0                     0
     lp_cfb               0.57877               0.57877               0.57877
    lp_psce                     0                     0                     0
   lp_psceb                     0                     0                     0
   lp_psced                     0                     0                     0
    lp_betn              0.461042              0.233694              0.347573
   lp_stbet               1.61981               1.61911               1.61957
     lp_mue               2.31184               2.29093               2.30489
   lp_stmue               0.84805               0.84805               0.84805
   lp_themu               1.26159               1.26159               1.26159
 lp_stthemu             4.441e-15             4.441e-15             4.441e-15
      lp_cs               1.99658               1.97579               1.98969
    lp_stcs                1.0269                1.0269                1.0269
   lp_thecs                1.4566                1.4566                1.4566
 lp_stthecs                     0                     0                     0
    lp_xcor              0.114219              0.113673               0.11404
  lp_stxcor            2.7756e-17            2.7756e-17            2.7756e-17
    lp_feta                     1                     1                     1
      lp_rs               66.8009                132.59               88.8445
    lp_strs               -0.3508               -0.3508               -0.3508
     lp_rsb                  0.06                  0.06                  0.06
     lp_rsg                 0.495                 0.495                 0.495
  lp_thesat              0.145076              0.139255              0.143162
lp_thesatac              0.145076              0.139255              0.143162
lp_stthesat               8.72698               8.73938                8.7311
 lp_thesatb                     0                     0                     0
 lp_thesatg                     0                     0                     0
      lp_ax                3.7398                3.7398                3.7398
    lp_axac                3.7398                3.7398                3.7398
     lp_alp            0.00844754            0.00821673            0.00837079
   lp_alpac            0.00844754            0.00821673            0.00837079
    lp_alp1             0.0063147            0.00626808             0.0062992
    lp_alp2            0.00637152            0.00642233            0.00638841
      lp_vp            7.3803e-06            7.3803e-06            7.3803e-06
      lp_a1              0.002433            0.00346348            0.00277563
      lp_a2                 13.33                 13.33                 13.33
    lp_sta2                     2                     2                     2
      lp_a3               1.26339                1.2626               1.26312
      lp_a4                     0                     0                     0
     lp_gco               0.01231               0.01231               0.01231
   lp_iginv               18897.8               9473.75               14185.9
    lp_igov               267.091               133.043               200.067
   lp_igovd               267.091               133.043               200.067
    lp_stig                2.3506                2.3506                2.3506
     lp_gc2               0.54762               0.54762               0.54762
     lp_gc3              -0.29543              -0.29543              -0.29543
   lp_gc2ov               0.54762               0.54762               0.54762
   lp_gc3ov              -0.29543              -0.29543              -0.29543
    lp_chib                   3.1                   3.1                   3.1
   lp_agidl           1.48359e-05           7.39005e-06            1.1113e-05
  lp_agidld           1.48359e-05           7.39005e-06            1.1113e-05
   lp_bgidl                 15.12                 15.12                 15.12
  lp_bgidld                 15.12                 15.12                 15.12
 lp_stbgidl            -0.0014941            -0.0014941            -0.0014941
lp_stbgidld            -0.0014941            -0.0014941            -0.0014941
   lp_cgidl               0.02068               0.02068               0.02068
  lp_cgidld               0.02068               0.02068               0.02068
     lp_cox           5.50112e-14           2.74539e-14           4.12326e-14
    lp_cgov           3.53398e-15           1.76367e-15           2.64883e-15
   lp_cgovd           3.53398e-15           1.76367e-15           2.64883e-15
lp_fcgovacc                     0                     0                     0
lp_fcgovacc                     0                     0                     0
lp_cgovaccg                     1                     1                     1
   lp_cgbov           9.69756e-18           9.69756e-18           9.69756e-18
    lp_cinr                     0                     0                     0
   lp_cinrd                     0                     0                     0
 lp_dvfbinr                     0                     0                     0
lp_fcinrdep                   0.3                   0.3                   0.3
lp_fcinracc                   0.5                   0.5                   0.5
   lp_axinr                   0.5                   0.5                   0.5
     lp_cfr             8.015e-16             4.015e-16             6.015e-16
    lp_cfrd             8.015e-16             4.015e-16             6.015e-16
     lp_fnt                  1.85                  1.85                  1.85
  lp_fntexc                     0                     0                     0
     lp_nfa           6.19165e+25           1.24301e+26           8.26591e+25
     lp_nfb           1.60411e+08           3.22035e+08            2.1415e+08
     lp_nfc           1.58113e-07            3.1742e-07           2.11082e-07
      lp_ef                     1                     1                     1
 lp_vfbedge                     0                     0                     0
lp_stvfbedg                0.0005                0.0005                0.0005
lp_dphibedg                     0                     0                     0
lp_neffedge                 5e+23                 5e+23                 5e+23
  lp_ctedge                     0                     0                     0
lp_betnedge                     0                     0                     0
lp_stbetedg                     1                     1                     1
lp_psceedge                     0                     0                     0
lp_pscebedg                     0                     0                     0
lp_pscededg                     0                     0                     0
  lp_cfedge                     0                     0                     0
 lp_cfdedge                     0                     0                     0
 lp_cfbedge                     0                     0                     0
 lp_fntedge                     1                     1                     1
 lp_nfaedge           8.17937e+24           8.17937e+24           8.17937e+24
 lp_nfbedge           3.06726e+09           3.06726e+09           3.06726e+09
 lp_nfcedge                     0                     0                     0
  lp_efedge                     1                     1                     1
      lp_rg              0.231678              0.463355              0.308903
     lp_rse                     0                     0                     0
     lp_rde                     0                     0                     0
   lp_rbulk                     0                     0                     0
   lp_rwell                     0                     0                     0
   lp_rjuns                     0                     0                     0
   lp_rjund                     0                     0                     0
         tk                300.15                300.15                300.15
    cjosbot           1.88798e-14            9.4399e-15           2.83197e-14
    cjossti           2.21862e-15           1.19974e-15           3.41836e-15
    cjosgat           1.75776e-15           8.75574e-16           2.63334e-15
    vbisbot              0.757443              0.757443              0.757443
    vbissti               1.71938               1.71938               1.71938
    vbisgat                1.3916                1.3916                1.3916
  idsatsbot           1.64251e-18           8.21254e-19           2.46376e-18
  idsatssti            1.6129e-19           8.72189e-20           2.48509e-19
  idsatsgat                     0                     0                     0
   cjosbotd           1.88798e-14            9.4399e-15           2.83197e-14
   cjosstid           2.21862e-15           1.19974e-15           3.41836e-15
   cjosgatd           1.75776e-15           8.75574e-16           2.63334e-15
   vbisbotd              0.757443              0.757443              0.757443
   vbisstid               1.71938               1.71938               1.71938
   vbisgatd                1.3916                1.3916                1.3916
 idsatsbotd           1.64251e-18           8.21254e-19           2.46376e-18
 idsatsstid            1.6129e-19           8.72189e-20           2.48509e-19
 idsatsgatd                     0                     0                     0

