
Note: No compatibility mode selected!


Circuit: * fan_smc_pin_3 acdc (cmos)

Reset re-loads circuit * fan_smc_pin_3 acdc (cmos)

Circuit: * fan_smc_pin_3 acdc (cmos)

Doing analysis at TEMP = 27.000000 and TNOM = 27.000000

Using SPARSE 1.3 as Direct Linear Solver

No. of Data Rows : 1
Doing analysis at TEMP = 27.000000 and TNOM = 27.000000

Using SPARSE 1.3 as Direct Linear Solver

No. of Data Rows : 361
Reset re-loads circuit * fan_smc_pin_3 acdc (cmos)

Circuit: * fan_smc_pin_3 acdc (cmos)

Doing analysis at TEMP = 27.000000 and TNOM = 27.000000

Using SPARSE 1.3 as Direct Linear Solver

No. of Data Rows : 1
Doing analysis at TEMP = 27.000000 and TNOM = 27.000000

Using SPARSE 1.3 as Direct Linear Solver

No. of Data Rows : 361
Reset re-loads circuit * fan_smc_pin_3 acdc (cmos)

Circuit: * fan_smc_pin_3 acdc (cmos)

Doing analysis at TEMP = 27.000000 and TNOM = 27.000000

Using SPARSE 1.3 as Direct Linear Solver

No. of Data Rows : 1
Doing analysis at TEMP = 27.000000 and TNOM = 27.000000

Using SPARSE 1.3 as Direct Linear Solver

No. of Data Rows : 361
Reset re-loads circuit * fan_smc_pin_3 acdc (cmos)

Circuit: * fan_smc_pin_3 acdc (cmos)

Doing analysis at TEMP = 27.000000 and TNOM = 27.000000

Using SPARSE 1.3 as Direct Linear Solver

No. of Data Rows : 1
Doing analysis at TEMP = 27.000000 and TNOM = 27.000000

Using SPARSE 1.3 as Direct Linear Solver

No. of Data Rows : 361
Reset re-loads circuit * fan_smc_pin_3 acdc (cmos)

Circuit: * fan_smc_pin_3 acdc (cmos)

Doing analysis at TEMP = 27.000000 and TNOM = 27.000000

Using SPARSE 1.3 as Direct Linear Solver

No. of Data Rows : 1
Doing analysis at TEMP = 27.000000 and TNOM = 27.000000

Using SPARSE 1.3 as Direct Linear Solver

No. of Data Rows : 361
Reset re-loads circuit * fan_smc_pin_3 acdc (cmos)

Circuit: * fan_smc_pin_3 acdc (cmos)

Doing analysis at TEMP = 27.000000 and TNOM = 27.000000

Using SPARSE 1.3 as Direct Linear Solver

No. of Data Rows : 1
Doing analysis at TEMP = 27.000000 and TNOM = 27.000000

Using SPARSE 1.3 as Direct Linear Solver

No. of Data Rows : 361
Reset re-loads circuit * fan_smc_pin_3 acdc (cmos)

Circuit: * fan_smc_pin_3 acdc (cmos)

Doing analysis at TEMP = 27.000000 and TNOM = 27.000000

Using SPARSE 1.3 as Direct Linear Solver

No. of Data Rows : 1
Doing analysis at TEMP = 27.000000 and TNOM = 27.000000

Using SPARSE 1.3 as Direct Linear Solver

No. of Data Rows : 361
Reset re-loads circuit * fan_smc_pin_3 acdc (cmos)

Circuit: * fan_smc_pin_3 acdc (cmos)

Doing analysis at TEMP = 27.000000 and TNOM = 27.000000

Using SPARSE 1.3 as Direct Linear Solver

No. of Data Rows : 1
Doing analysis at TEMP = 27.000000 and TNOM = 27.000000

Using SPARSE 1.3 as Direct Linear Solver

No. of Data Rows : 361
Reset re-loads circuit * fan_smc_pin_3 acdc (cmos)

Circuit: * fan_smc_pin_3 acdc (cmos)

Doing analysis at TEMP = 27.000000 and TNOM = 27.000000

Using SPARSE 1.3 as Direct Linear Solver

No. of Data Rows : 1
Doing analysis at TEMP = 27.000000 and TNOM = 27.000000

Using SPARSE 1.3 as Direct Linear Solver

No. of Data Rows : 361
Reset re-loads circuit * fan_smc_pin_3 acdc (cmos)

Circuit: * fan_smc_pin_3 acdc (cmos)

Doing analysis at TEMP = 27.000000 and TNOM = 27.000000

Using SPARSE 1.3 as Direct Linear Solver
 Reference value :  0.00000e+00
No. of Data Rows : 1
Doing analysis at TEMP = 27.000000 and TNOM = 27.000000

Using SPARSE 1.3 as Direct Linear Solver

No. of Data Rows : 361
Reset re-loads circuit * fan_smc_pin_3 acdc (cmos)

Circuit: * fan_smc_pin_3 acdc (cmos)

Doing analysis at TEMP = 27.000000 and TNOM = 27.000000

Using SPARSE 1.3 as Direct Linear Solver

No. of Data Rows : 1
Doing analysis at TEMP = 27.000000 and TNOM = 27.000000

Using SPARSE 1.3 as Direct Linear Solver

No. of Data Rows : 361
Reset re-loads circuit * fan_smc_pin_3 acdc (cmos)

Circuit: * fan_smc_pin_3 acdc (cmos)

Doing analysis at TEMP = 27.000000 and TNOM = 27.000000

Using SPARSE 1.3 as Direct Linear Solver

No. of Data Rows : 1
Doing analysis at TEMP = 27.000000 and TNOM = 27.000000

Using SPARSE 1.3 as Direct Linear Solver

No. of Data Rows : 361
Reset re-loads circuit * fan_smc_pin_3 acdc (cmos)

Circuit: * fan_smc_pin_3 acdc (cmos)

Doing analysis at TEMP = 27.000000 and TNOM = 27.000000

Using SPARSE 1.3 as Direct Linear Solver

No. of Data Rows : 1
Doing analysis at TEMP = 27.000000 and TNOM = 27.000000

Using SPARSE 1.3 as Direct Linear Solver

No. of Data Rows : 361
Reset re-loads circuit * fan_smc_pin_3 acdc (cmos)

Circuit: * fan_smc_pin_3 acdc (cmos)

Doing analysis at TEMP = 27.000000 and TNOM = 27.000000

Using SPARSE 1.3 as Direct Linear Solver

No. of Data Rows : 1
Doing analysis at TEMP = 27.000000 and TNOM = 27.000000

Using SPARSE 1.3 as Direct Linear Solver

No. of Data Rows : 361
Reset re-loads circuit * fan_smc_pin_3 acdc (cmos)

Circuit: * fan_smc_pin_3 acdc (cmos)

Doing analysis at TEMP = 27.000000 and TNOM = 27.000000

Using SPARSE 1.3 as Direct Linear Solver

No. of Data Rows : 1
Doing analysis at TEMP = 27.000000 and TNOM = 27.000000

Using SPARSE 1.3 as Direct Linear Solver

No. of Data Rows : 361
Reset re-loads circuit * fan_smc_pin_3 acdc (cmos)

Circuit: * fan_smc_pin_3 acdc (cmos)

Doing analysis at TEMP = 27.000000 and TNOM = 27.000000

Using SPARSE 1.3 as Direct Linear Solver

No. of Data Rows : 1
Doing analysis at TEMP = 27.000000 and TNOM = 27.000000

Using SPARSE 1.3 as Direct Linear Solver

No. of Data Rows : 361
Reset re-loads circuit * fan_smc_pin_3 acdc (cmos)

Circuit: * fan_smc_pin_3 acdc (cmos)

Doing analysis at TEMP = 27.000000 and TNOM = 27.000000

Using SPARSE 1.3 as Direct Linear Solver

No. of Data Rows : 1
Doing analysis at TEMP = 27.000000 and TNOM = 27.000000

Using SPARSE 1.3 as Direct Linear Solver

No. of Data Rows : 361
Reset re-loads circuit * fan_smc_pin_3 acdc (cmos)

Circuit: * fan_smc_pin_3 acdc (cmos)

Doing analysis at TEMP = 27.000000 and TNOM = 27.000000

Using SPARSE 1.3 as Direct Linear Solver
 Reference value :  0.00000e+00
No. of Data Rows : 1
Doing analysis at TEMP = 27.000000 and TNOM = 27.000000

Using SPARSE 1.3 as Direct Linear Solver

No. of Data Rows : 361
Reset re-loads circuit * fan_smc_pin_3 acdc (cmos)

Circuit: * fan_smc_pin_3 acdc (cmos)

Doing analysis at TEMP = 27.000000 and TNOM = 27.000000

Using SPARSE 1.3 as Direct Linear Solver

No. of Data Rows : 1
Doing analysis at TEMP = 27.000000 and TNOM = 27.000000

Using SPARSE 1.3 as Direct Linear Solver

No. of Data Rows : 361
Reset re-loads circuit * fan_smc_pin_3 acdc (cmos)

Circuit: * fan_smc_pin_3 acdc (cmos)

Doing analysis at TEMP = 27.000000 and TNOM = 27.000000

Using SPARSE 1.3 as Direct Linear Solver

No. of Data Rows : 1
Doing analysis at TEMP = 27.000000 and TNOM = 27.000000

Using SPARSE 1.3 as Direct Linear Solver

No. of Data Rows : 361
Reset re-loads circuit * fan_smc_pin_3 acdc (cmos)

Circuit: * fan_smc_pin_3 acdc (cmos)

Doing analysis at TEMP = 27.000000 and TNOM = 27.000000

Using SPARSE 1.3 as Direct Linear Solver

No. of Data Rows : 1
Doing analysis at TEMP = 27.000000 and TNOM = 27.000000

Using SPARSE 1.3 as Direct Linear Solver

No. of Data Rows : 361
Reset re-loads circuit * fan_smc_pin_3 acdc (cmos)

Circuit: * fan_smc_pin_3 acdc (cmos)

Doing analysis at TEMP = 27.000000 and TNOM = 27.000000

Using SPARSE 1.3 as Direct Linear Solver

No. of Data Rows : 1
Doing analysis at TEMP = 27.000000 and TNOM = 27.000000

Using SPARSE 1.3 as Direct Linear Solver

No. of Data Rows : 361
Reset re-loads circuit * fan_smc_pin_3 acdc (cmos)

Circuit: * fan_smc_pin_3 acdc (cmos)

Doing analysis at TEMP = 27.000000 and TNOM = 27.000000

Using SPARSE 1.3 as Direct Linear Solver

No. of Data Rows : 1
Doing analysis at TEMP = 27.000000 and TNOM = 27.000000

Using SPARSE 1.3 as Direct Linear Solver

No. of Data Rows : 361
Reset re-loads circuit * fan_smc_pin_3 acdc (cmos)

Circuit: * fan_smc_pin_3 acdc (cmos)

Doing analysis at TEMP = 27.000000 and TNOM = 27.000000

Using SPARSE 1.3 as Direct Linear Solver

No. of Data Rows : 1
Doing analysis at TEMP = 27.000000 and TNOM = 27.000000

Using SPARSE 1.3 as Direct Linear Solver

No. of Data Rows : 361
Reset re-loads circuit * fan_smc_pin_3 acdc (cmos)

Circuit: * fan_smc_pin_3 acdc (cmos)

Doing analysis at TEMP = 27.000000 and TNOM = 27.000000

Using SPARSE 1.3 as Direct Linear Solver

No. of Data Rows : 1
Doing analysis at TEMP = 27.000000 and TNOM = 27.000000

Using SPARSE 1.3 as Direct Linear Solver

No. of Data Rows : 361
Reset re-loads circuit * fan_smc_pin_3 acdc (cmos)

Circuit: * fan_smc_pin_3 acdc (cmos)

Doing analysis at TEMP = 27.000000 and TNOM = 27.000000

Using SPARSE 1.3 as Direct Linear Solver
 Reference value :  0.00000e+00
No. of Data Rows : 1
Doing analysis at TEMP = 27.000000 and TNOM = 27.000000

Using SPARSE 1.3 as Direct Linear Solver

No. of Data Rows : 361
Reset re-loads circuit * fan_smc_pin_3 acdc (cmos)

Circuit: * fan_smc_pin_3 acdc (cmos)

Doing analysis at TEMP = 27.000000 and TNOM = 27.000000

Using SPARSE 1.3 as Direct Linear Solver

No. of Data Rows : 1
Doing analysis at TEMP = 27.000000 and TNOM = 27.000000

Using SPARSE 1.3 as Direct Linear Solver

No. of Data Rows : 361
Reset re-loads circuit * fan_smc_pin_3 acdc (cmos)

Circuit: * fan_smc_pin_3 acdc (cmos)

Doing analysis at TEMP = 27.000000 and TNOM = 27.000000

Using SPARSE 1.3 as Direct Linear Solver

No. of Data Rows : 1
Doing analysis at TEMP = 27.000000 and TNOM = 27.000000

Using SPARSE 1.3 as Direct Linear Solver

No. of Data Rows : 361
Reset re-loads circuit * fan_smc_pin_3 acdc (cmos)

Circuit: * fan_smc_pin_3 acdc (cmos)

Doing analysis at TEMP = 27.000000 and TNOM = 27.000000

Using SPARSE 1.3 as Direct Linear Solver

No. of Data Rows : 1
Doing analysis at TEMP = 27.000000 and TNOM = 27.000000

Using SPARSE 1.3 as Direct Linear Solver

No. of Data Rows : 361
Reset re-loads circuit * fan_smc_pin_3 acdc (cmos)

Circuit: * fan_smc_pin_3 acdc (cmos)

Doing analysis at TEMP = 27.000000 and TNOM = 27.000000

Using SPARSE 1.3 as Direct Linear Solver

No. of Data Rows : 1
Doing analysis at TEMP = 27.000000 and TNOM = 27.000000

Using SPARSE 1.3 as Direct Linear Solver

No. of Data Rows : 361
Reset re-loads circuit * fan_smc_pin_3 acdc (cmos)

Circuit: * fan_smc_pin_3 acdc (cmos)

Doing analysis at TEMP = 27.000000 and TNOM = 27.000000

Using SPARSE 1.3 as Direct Linear Solver

No. of Data Rows : 1
Doing analysis at TEMP = 27.000000 and TNOM = 27.000000

Using SPARSE 1.3 as Direct Linear Solver

No. of Data Rows : 361
Reset re-loads circuit * fan_smc_pin_3 acdc (cmos)

Circuit: * fan_smc_pin_3 acdc (cmos)

Doing analysis at TEMP = 27.000000 and TNOM = 27.000000

Using SPARSE 1.3 as Direct Linear Solver

No. of Data Rows : 1
Doing analysis at TEMP = 27.000000 and TNOM = 27.000000

Using SPARSE 1.3 as Direct Linear Solver

No. of Data Rows : 361
Reset re-loads circuit * fan_smc_pin_3 acdc (cmos)

Circuit: * fan_smc_pin_3 acdc (cmos)

Doing analysis at TEMP = 27.000000 and TNOM = 27.000000

Using SPARSE 1.3 as Direct Linear Solver
 Reference value :  0.00000e+00
No. of Data Rows : 1
Doing analysis at TEMP = 27.000000 and TNOM = 27.000000

Using SPARSE 1.3 as Direct Linear Solver

No. of Data Rows : 361
Reset re-loads circuit * fan_smc_pin_3 acdc (cmos)

Circuit: * fan_smc_pin_3 acdc (cmos)

Doing analysis at TEMP = 27.000000 and TNOM = 27.000000

Using SPARSE 1.3 as Direct Linear Solver

No. of Data Rows : 1
Doing analysis at TEMP = 27.000000 and TNOM = 27.000000

Using SPARSE 1.3 as Direct Linear Solver

No. of Data Rows : 361
Reset re-loads circuit * fan_smc_pin_3 acdc (cmos)

Circuit: * fan_smc_pin_3 acdc (cmos)

Doing analysis at TEMP = 27.000000 and TNOM = 27.000000

Using SPARSE 1.3 as Direct Linear Solver

No. of Data Rows : 1
Doing analysis at TEMP = 27.000000 and TNOM = 27.000000

Using SPARSE 1.3 as Direct Linear Solver

No. of Data Rows : 361
Reset re-loads circuit * fan_smc_pin_3 acdc (cmos)

Circuit: * fan_smc_pin_3 acdc (cmos)

Doing analysis at TEMP = 27.000000 and TNOM = 27.000000

Using SPARSE 1.3 as Direct Linear Solver

No. of Data Rows : 1
Doing analysis at TEMP = 27.000000 and TNOM = 27.000000

Using SPARSE 1.3 as Direct Linear Solver

No. of Data Rows : 361
Reset re-loads circuit * fan_smc_pin_3 acdc (cmos)

Circuit: * fan_smc_pin_3 acdc (cmos)

Doing analysis at TEMP = 27.000000 and TNOM = 27.000000

Using SPARSE 1.3 as Direct Linear Solver

No. of Data Rows : 1
Doing analysis at TEMP = 27.000000 and TNOM = 27.000000

Using SPARSE 1.3 as Direct Linear Solver

No. of Data Rows : 361
Reset re-loads circuit * fan_smc_pin_3 acdc (cmos)

Circuit: * fan_smc_pin_3 acdc (cmos)

Doing analysis at TEMP = 27.000000 and TNOM = 27.000000

Using SPARSE 1.3 as Direct Linear Solver

No. of Data Rows : 1
Doing analysis at TEMP = 27.000000 and TNOM = 27.000000

Using SPARSE 1.3 as Direct Linear Solver

No. of Data Rows : 361
Reset re-loads circuit * fan_smc_pin_3 acdc (cmos)

Circuit: * fan_smc_pin_3 acdc (cmos)

Doing analysis at TEMP = 27.000000 and TNOM = 27.000000

Using SPARSE 1.3 as Direct Linear Solver

No. of Data Rows : 1
Doing analysis at TEMP = 27.000000 and TNOM = 27.000000

Using SPARSE 1.3 as Direct Linear Solver

No. of Data Rows : 361
Reset re-loads circuit * fan_smc_pin_3 acdc (cmos)

Circuit: * fan_smc_pin_3 acdc (cmos)

Doing analysis at TEMP = 27.000000 and TNOM = 27.000000

Using SPARSE 1.3 as Direct Linear Solver
 Reference value :  0.00000e+00
No. of Data Rows : 1
Doing analysis at TEMP = 27.000000 and TNOM = 27.000000

Using SPARSE 1.3 as Direct Linear Solver

No. of Data Rows : 361
Reset re-loads circuit * fan_smc_pin_3 acdc (cmos)

Circuit: * fan_smc_pin_3 acdc (cmos)

Doing analysis at TEMP = 27.000000 and TNOM = 27.000000

Using SPARSE 1.3 as Direct Linear Solver

No. of Data Rows : 1
Doing analysis at TEMP = 27.000000 and TNOM = 27.000000

Using SPARSE 1.3 as Direct Linear Solver

No. of Data Rows : 361
Reset re-loads circuit * fan_smc_pin_3 acdc (cmos)

Circuit: * fan_smc_pin_3 acdc (cmos)

Doing analysis at TEMP = 27.000000 and TNOM = 27.000000

Using SPARSE 1.3 as Direct Linear Solver

No. of Data Rows : 1
Doing analysis at TEMP = 27.000000 and TNOM = 27.000000

Using SPARSE 1.3 as Direct Linear Solver

No. of Data Rows : 361
Reset re-loads circuit * fan_smc_pin_3 acdc (cmos)

Circuit: * fan_smc_pin_3 acdc (cmos)

Doing analysis at TEMP = 27.000000 and TNOM = 27.000000

Using SPARSE 1.3 as Direct Linear Solver

No. of Data Rows : 1
Doing analysis at TEMP = 27.000000 and TNOM = 27.000000

Using SPARSE 1.3 as Direct Linear Solver

No. of Data Rows : 361
Reset re-loads circuit * fan_smc_pin_3 acdc (cmos)

Circuit: * fan_smc_pin_3 acdc (cmos)

Doing analysis at TEMP = 27.000000 and TNOM = 27.000000

Using SPARSE 1.3 as Direct Linear Solver

No. of Data Rows : 1
Doing analysis at TEMP = 27.000000 and TNOM = 27.000000

Using SPARSE 1.3 as Direct Linear Solver

No. of Data Rows : 361
Reset re-loads circuit * fan_smc_pin_3 acdc (cmos)

Circuit: * fan_smc_pin_3 acdc (cmos)

Doing analysis at TEMP = 27.000000 and TNOM = 27.000000

Using SPARSE 1.3 as Direct Linear Solver

No. of Data Rows : 1
Doing analysis at TEMP = 27.000000 and TNOM = 27.000000

Using SPARSE 1.3 as Direct Linear Solver

No. of Data Rows : 361
Reset re-loads circuit * fan_smc_pin_3 acdc (cmos)

Circuit: * fan_smc_pin_3 acdc (cmos)

Doing analysis at TEMP = 27.000000 and TNOM = 27.000000

Using SPARSE 1.3 as Direct Linear Solver

No. of Data Rows : 1
Doing analysis at TEMP = 27.000000 and TNOM = 27.000000

Using SPARSE 1.3 as Direct Linear Solver

No. of Data Rows : 361
Reset re-loads circuit * fan_smc_pin_3 acdc (cmos)

Circuit: * fan_smc_pin_3 acdc (cmos)

Doing analysis at TEMP = 27.000000 and TNOM = 27.000000

Using SPARSE 1.3 as Direct Linear Solver
 Reference value :  0.00000e+00
No. of Data Rows : 1
Doing analysis at TEMP = 27.000000 and TNOM = 27.000000

Using SPARSE 1.3 as Direct Linear Solver

No. of Data Rows : 361
Reset re-loads circuit * fan_smc_pin_3 acdc (cmos)

Circuit: * fan_smc_pin_3 acdc (cmos)

Doing analysis at TEMP = 27.000000 and TNOM = 27.000000

Using SPARSE 1.3 as Direct Linear Solver

No. of Data Rows : 1
Doing analysis at TEMP = 27.000000 and TNOM = 27.000000

Using SPARSE 1.3 as Direct Linear Solver

No. of Data Rows : 361
Reset re-loads circuit * fan_smc_pin_3 acdc (cmos)

Circuit: * fan_smc_pin_3 acdc (cmos)

Doing analysis at TEMP = 27.000000 and TNOM = 27.000000

Using SPARSE 1.3 as Direct Linear Solver

No. of Data Rows : 1
Doing analysis at TEMP = 27.000000 and TNOM = 27.000000

Using SPARSE 1.3 as Direct Linear Solver

No. of Data Rows : 361
Reset re-loads circuit * fan_smc_pin_3 acdc (cmos)

Circuit: * fan_smc_pin_3 acdc (cmos)

Doing analysis at TEMP = 27.000000 and TNOM = 27.000000

Using SPARSE 1.3 as Direct Linear Solver

No. of Data Rows : 1
Doing analysis at TEMP = 27.000000 and TNOM = 27.000000

Using SPARSE 1.3 as Direct Linear Solver

No. of Data Rows : 361
Reset re-loads circuit * fan_smc_pin_3 acdc (cmos)

Circuit: * fan_smc_pin_3 acdc (cmos)

Doing analysis at TEMP = 27.000000 and TNOM = 27.000000

Using SPARSE 1.3 as Direct Linear Solver

No. of Data Rows : 1
Doing analysis at TEMP = 27.000000 and TNOM = 27.000000

Using SPARSE 1.3 as Direct Linear Solver

No. of Data Rows : 361
Reset re-loads circuit * fan_smc_pin_3 acdc (cmos)

Circuit: * fan_smc_pin_3 acdc (cmos)

Doing analysis at TEMP = 27.000000 and TNOM = 27.000000

Using SPARSE 1.3 as Direct Linear Solver

No. of Data Rows : 1
Doing analysis at TEMP = 27.000000 and TNOM = 27.000000

Using SPARSE 1.3 as Direct Linear Solver

No. of Data Rows : 361
Reset re-loads circuit * fan_smc_pin_3 acdc (cmos)

Circuit: * fan_smc_pin_3 acdc (cmos)

Doing analysis at TEMP = 27.000000 and TNOM = 27.000000

Using SPARSE 1.3 as Direct Linear Solver
 Reference value :  0.00000e+00
No. of Data Rows : 1
Doing analysis at TEMP = 27.000000 and TNOM = 27.000000

Using SPARSE 1.3 as Direct Linear Solver

No. of Data Rows : 361
Reset re-loads circuit * fan_smc_pin_3 acdc (cmos)

Circuit: * fan_smc_pin_3 acdc (cmos)

Doing analysis at TEMP = 27.000000 and TNOM = 27.000000

Using SPARSE 1.3 as Direct Linear Solver

No. of Data Rows : 1
Doing analysis at TEMP = 27.000000 and TNOM = 27.000000

Using SPARSE 1.3 as Direct Linear Solver

No. of Data Rows : 361
Reset re-loads circuit * fan_smc_pin_3 acdc (cmos)

Circuit: * fan_smc_pin_3 acdc (cmos)

Doing analysis at TEMP = 27.000000 and TNOM = 27.000000

Using SPARSE 1.3 as Direct Linear Solver

No. of Data Rows : 1
Doing analysis at TEMP = 27.000000 and TNOM = 27.000000

Using SPARSE 1.3 as Direct Linear Solver

No. of Data Rows : 361
Reset re-loads circuit * fan_smc_pin_3 acdc (cmos)

Circuit: * fan_smc_pin_3 acdc (cmos)

Doing analysis at TEMP = 27.000000 and TNOM = 27.000000

Using SPARSE 1.3 as Direct Linear Solver

No. of Data Rows : 1
Doing analysis at TEMP = 27.000000 and TNOM = 27.000000

Using SPARSE 1.3 as Direct Linear Solver

No. of Data Rows : 361
Reset re-loads circuit * fan_smc_pin_3 acdc (cmos)

Circuit: * fan_smc_pin_3 acdc (cmos)

Doing analysis at TEMP = 27.000000 and TNOM = 27.000000

Using SPARSE 1.3 as Direct Linear Solver

No. of Data Rows : 1
Doing analysis at TEMP = 27.000000 and TNOM = 27.000000

Using SPARSE 1.3 as Direct Linear Solver

No. of Data Rows : 361
Reset re-loads circuit * fan_smc_pin_3 acdc (cmos)

Circuit: * fan_smc_pin_3 acdc (cmos)

Doing analysis at TEMP = 27.000000 and TNOM = 27.000000

Using SPARSE 1.3 as Direct Linear Solver

No. of Data Rows : 1
Doing analysis at TEMP = 27.000000 and TNOM = 27.000000

Using SPARSE 1.3 as Direct Linear Solver

No. of Data Rows : 361
Reset re-loads circuit * fan_smc_pin_3 acdc (cmos)

Circuit: * fan_smc_pin_3 acdc (cmos)

Doing analysis at TEMP = 27.000000 and TNOM = 27.000000

Using SPARSE 1.3 as Direct Linear Solver
 Reference value :  0.00000e+00
No. of Data Rows : 1
Doing analysis at TEMP = 27.000000 and TNOM = 27.000000

Using SPARSE 1.3 as Direct Linear Solver

No. of Data Rows : 361
Reset re-loads circuit * fan_smc_pin_3 acdc (cmos)

Circuit: * fan_smc_pin_3 acdc (cmos)

Doing analysis at TEMP = 27.000000 and TNOM = 27.000000

Using SPARSE 1.3 as Direct Linear Solver

No. of Data Rows : 1
Doing analysis at TEMP = 27.000000 and TNOM = 27.000000

Using SPARSE 1.3 as Direct Linear Solver

No. of Data Rows : 361
Reset re-loads circuit * fan_smc_pin_3 acdc (cmos)

Circuit: * fan_smc_pin_3 acdc (cmos)

Doing analysis at TEMP = 27.000000 and TNOM = 27.000000

Using SPARSE 1.3 as Direct Linear Solver

No. of Data Rows : 1
Doing analysis at TEMP = 27.000000 and TNOM = 27.000000

Using SPARSE 1.3 as Direct Linear Solver

No. of Data Rows : 361
Reset re-loads circuit * fan_smc_pin_3 acdc (cmos)

Circuit: * fan_smc_pin_3 acdc (cmos)

Doing analysis at TEMP = 27.000000 and TNOM = 27.000000

Using SPARSE 1.3 as Direct Linear Solver

No. of Data Rows : 1
Doing analysis at TEMP = 27.000000 and TNOM = 27.000000

Using SPARSE 1.3 as Direct Linear Solver

No. of Data Rows : 361
Reset re-loads circuit * fan_smc_pin_3 acdc (cmos)

Circuit: * fan_smc_pin_3 acdc (cmos)

Doing analysis at TEMP = 27.000000 and TNOM = 27.000000

Using SPARSE 1.3 as Direct Linear Solver

No. of Data Rows : 1
Doing analysis at TEMP = 27.000000 and TNOM = 27.000000

Using SPARSE 1.3 as Direct Linear Solver

No. of Data Rows : 361
Reset re-loads circuit * fan_smc_pin_3 acdc (cmos)

Circuit: * fan_smc_pin_3 acdc (cmos)

Doing analysis at TEMP = 27.000000 and TNOM = 27.000000

Using SPARSE 1.3 as Direct Linear Solver

No. of Data Rows : 1
Doing analysis at TEMP = 27.000000 and TNOM = 27.000000

Using SPARSE 1.3 as Direct Linear Solver

No. of Data Rows : 361
Reset re-loads circuit * fan_smc_pin_3 acdc (cmos)

Circuit: * fan_smc_pin_3 acdc (cmos)

Doing analysis at TEMP = 27.000000 and TNOM = 27.000000

Using SPARSE 1.3 as Direct Linear Solver
 Reference value :  0.00000e+00
No. of Data Rows : 1
Doing analysis at TEMP = 27.000000 and TNOM = 27.000000

Using SPARSE 1.3 as Direct Linear Solver

No. of Data Rows : 361
Reset re-loads circuit * fan_smc_pin_3 acdc (cmos)

Circuit: * fan_smc_pin_3 acdc (cmos)

Doing analysis at TEMP = 27.000000 and TNOM = 27.000000

Using SPARSE 1.3 as Direct Linear Solver

No. of Data Rows : 1
Doing analysis at TEMP = 27.000000 and TNOM = 27.000000

Using SPARSE 1.3 as Direct Linear Solver

No. of Data Rows : 361
Reset re-loads circuit * fan_smc_pin_3 acdc (cmos)

Circuit: * fan_smc_pin_3 acdc (cmos)

Doing analysis at TEMP = 27.000000 and TNOM = 27.000000

Using SPARSE 1.3 as Direct Linear Solver

No. of Data Rows : 1
Doing analysis at TEMP = 27.000000 and TNOM = 27.000000

Using SPARSE 1.3 as Direct Linear Solver

No. of Data Rows : 361
Reset re-loads circuit * fan_smc_pin_3 acdc (cmos)

Circuit: * fan_smc_pin_3 acdc (cmos)

Doing analysis at TEMP = 27.000000 and TNOM = 27.000000

Using SPARSE 1.3 as Direct Linear Solver

No. of Data Rows : 1
Doing analysis at TEMP = 27.000000 and TNOM = 27.000000

Using SPARSE 1.3 as Direct Linear Solver

No. of Data Rows : 361
Reset re-loads circuit * fan_smc_pin_3 acdc (cmos)

Circuit: * fan_smc_pin_3 acdc (cmos)

Doing analysis at TEMP = 27.000000 and TNOM = 27.000000

Using SPARSE 1.3 as Direct Linear Solver

No. of Data Rows : 1
Doing analysis at TEMP = 27.000000 and TNOM = 27.000000

Using SPARSE 1.3 as Direct Linear Solver

No. of Data Rows : 361
Reset re-loads circuit * fan_smc_pin_3 acdc (cmos)

Circuit: * fan_smc_pin_3 acdc (cmos)

Doing analysis at TEMP = 27.000000 and TNOM = 27.000000

Using SPARSE 1.3 as Direct Linear Solver
 Reference value :  0.00000e+00
No. of Data Rows : 1
Doing analysis at TEMP = 27.000000 and TNOM = 27.000000

Using SPARSE 1.3 as Direct Linear Solver

No. of Data Rows : 361
Reset re-loads circuit * fan_smc_pin_3 acdc (cmos)

Circuit: * fan_smc_pin_3 acdc (cmos)

Doing analysis at TEMP = 27.000000 and TNOM = 27.000000

Using SPARSE 1.3 as Direct Linear Solver

No. of Data Rows : 1
Doing analysis at TEMP = 27.000000 and TNOM = 27.000000

Using SPARSE 1.3 as Direct Linear Solver

No. of Data Rows : 361
Reset re-loads circuit * fan_smc_pin_3 acdc (cmos)

Circuit: * fan_smc_pin_3 acdc (cmos)

Doing analysis at TEMP = 27.000000 and TNOM = 27.000000

Using SPARSE 1.3 as Direct Linear Solver

No. of Data Rows : 1
Doing analysis at TEMP = 27.000000 and TNOM = 27.000000

Using SPARSE 1.3 as Direct Linear Solver

No. of Data Rows : 361
Reset re-loads circuit * fan_smc_pin_3 acdc (cmos)

Circuit: * fan_smc_pin_3 acdc (cmos)

Doing analysis at TEMP = 27.000000 and TNOM = 27.000000

Using SPARSE 1.3 as Direct Linear Solver

No. of Data Rows : 1
Doing analysis at TEMP = 27.000000 and TNOM = 27.000000

Using SPARSE 1.3 as Direct Linear Solver

No. of Data Rows : 361
Reset re-loads circuit * fan_smc_pin_3 acdc (cmos)

Circuit: * fan_smc_pin_3 acdc (cmos)

Doing analysis at TEMP = 27.000000 and TNOM = 27.000000

Using SPARSE 1.3 as Direct Linear Solver

No. of Data Rows : 1
Doing analysis at TEMP = 27.000000 and TNOM = 27.000000

Using SPARSE 1.3 as Direct Linear Solver

No. of Data Rows : 361
Reset re-loads circuit * fan_smc_pin_3 acdc (cmos)

Circuit: * fan_smc_pin_3 acdc (cmos)

Doing analysis at TEMP = 27.000000 and TNOM = 27.000000

Using SPARSE 1.3 as Direct Linear Solver
 Reference value :  0.00000e+00
No. of Data Rows : 1
Doing analysis at TEMP = 27.000000 and TNOM = 27.000000

Using SPARSE 1.3 as Direct Linear Solver

No. of Data Rows : 361
Reset re-loads circuit * fan_smc_pin_3 acdc (cmos)

Circuit: * fan_smc_pin_3 acdc (cmos)

Doing analysis at TEMP = 27.000000 and TNOM = 27.000000

Using SPARSE 1.3 as Direct Linear Solver

No. of Data Rows : 1
Doing analysis at TEMP = 27.000000 and TNOM = 27.000000

Using SPARSE 1.3 as Direct Linear Solver

No. of Data Rows : 361
Reset re-loads circuit * fan_smc_pin_3 acdc (cmos)

Circuit: * fan_smc_pin_3 acdc (cmos)

Doing analysis at TEMP = 27.000000 and TNOM = 27.000000

Using SPARSE 1.3 as Direct Linear Solver

No. of Data Rows : 1
Doing analysis at TEMP = 27.000000 and TNOM = 27.000000

Using SPARSE 1.3 as Direct Linear Solver

No. of Data Rows : 361
Reset re-loads circuit * fan_smc_pin_3 acdc (cmos)

Circuit: * fan_smc_pin_3 acdc (cmos)

Doing analysis at TEMP = 27.000000 and TNOM = 27.000000

Using SPARSE 1.3 as Direct Linear Solver

No. of Data Rows : 1
Doing analysis at TEMP = 27.000000 and TNOM = 27.000000

Using SPARSE 1.3 as Direct Linear Solver

No. of Data Rows : 361
Reset re-loads circuit * fan_smc_pin_3 acdc (cmos)

Circuit: * fan_smc_pin_3 acdc (cmos)

Doing analysis at TEMP = 27.000000 and TNOM = 27.000000

Using SPARSE 1.3 as Direct Linear Solver
 Reference value :  0.00000e+00
No. of Data Rows : 1
Doing analysis at TEMP = 27.000000 and TNOM = 27.000000

Using SPARSE 1.3 as Direct Linear Solver

No. of Data Rows : 361
Reset re-loads circuit * fan_smc_pin_3 acdc (cmos)

Circuit: * fan_smc_pin_3 acdc (cmos)

Doing analysis at TEMP = 27.000000 and TNOM = 27.000000

Using SPARSE 1.3 as Direct Linear Solver

No. of Data Rows : 1
Doing analysis at TEMP = 27.000000 and TNOM = 27.000000

Using SPARSE 1.3 as Direct Linear Solver

No. of Data Rows : 361
Reset re-loads circuit * fan_smc_pin_3 acdc (cmos)

Circuit: * fan_smc_pin_3 acdc (cmos)

Doing analysis at TEMP = 27.000000 and TNOM = 27.000000

Using SPARSE 1.3 as Direct Linear Solver

No. of Data Rows : 1
Doing analysis at TEMP = 27.000000 and TNOM = 27.000000

Using SPARSE 1.3 as Direct Linear Solver

No. of Data Rows : 361
Reset re-loads circuit * fan_smc_pin_3 acdc (cmos)

Circuit: * fan_smc_pin_3 acdc (cmos)

Doing analysis at TEMP = 27.000000 and TNOM = 27.000000

Using SPARSE 1.3 as Direct Linear Solver

No. of Data Rows : 1
Doing analysis at TEMP = 27.000000 and TNOM = 27.000000

Using SPARSE 1.3 as Direct Linear Solver

No. of Data Rows : 361
Reset re-loads circuit * fan_smc_pin_3 acdc (cmos)

Circuit: * fan_smc_pin_3 acdc (cmos)

Doing analysis at TEMP = 27.000000 and TNOM = 27.000000

Using SPARSE 1.3 as Direct Linear Solver
 Reference value :  0.00000e+00
No. of Data Rows : 1
Doing analysis at TEMP = 27.000000 and TNOM = 27.000000

Using SPARSE 1.3 as Direct Linear Solver

No. of Data Rows : 361
Reset re-loads circuit * fan_smc_pin_3 acdc (cmos)

Circuit: * fan_smc_pin_3 acdc (cmos)

Doing analysis at TEMP = 27.000000 and TNOM = 27.000000

Using SPARSE 1.3 as Direct Linear Solver

No. of Data Rows : 1
Doing analysis at TEMP = 27.000000 and TNOM = 27.000000

Using SPARSE 1.3 as Direct Linear Solver

No. of Data Rows : 361
Reset re-loads circuit * fan_smc_pin_3 acdc (cmos)

Circuit: * fan_smc_pin_3 acdc (cmos)

Doing analysis at TEMP = 27.000000 and TNOM = 27.000000

Using SPARSE 1.3 as Direct Linear Solver

No. of Data Rows : 1
Doing analysis at TEMP = 27.000000 and TNOM = 27.000000

Using SPARSE 1.3 as Direct Linear Solver

No. of Data Rows : 361
Reset re-loads circuit * fan_smc_pin_3 acdc (cmos)

Circuit: * fan_smc_pin_3 acdc (cmos)

Doing analysis at TEMP = 27.000000 and TNOM = 27.000000

Using SPARSE 1.3 as Direct Linear Solver

No. of Data Rows : 1
Doing analysis at TEMP = 27.000000 and TNOM = 27.000000

Using SPARSE 1.3 as Direct Linear Solver

No. of Data Rows : 361
Reset re-loads circuit * fan_smc_pin_3 acdc (cmos)

Circuit: * fan_smc_pin_3 acdc (cmos)

Doing analysis at TEMP = 27.000000 and TNOM = 27.000000

Using SPARSE 1.3 as Direct Linear Solver
 Reference value :  0.00000e+00
No. of Data Rows : 1
Doing analysis at TEMP = 27.000000 and TNOM = 27.000000

Using SPARSE 1.3 as Direct Linear Solver

No. of Data Rows : 361
Reset re-loads circuit * fan_smc_pin_3 acdc (cmos)

Circuit: * fan_smc_pin_3 acdc (cmos)

Doing analysis at TEMP = 27.000000 and TNOM = 27.000000

Using SPARSE 1.3 as Direct Linear Solver

No. of Data Rows : 1
Doing analysis at TEMP = 27.000000 and TNOM = 27.000000

Using SPARSE 1.3 as Direct Linear Solver

No. of Data Rows : 361
Reset re-loads circuit * fan_smc_pin_3 acdc (cmos)

Circuit: * fan_smc_pin_3 acdc (cmos)

Doing analysis at TEMP = 27.000000 and TNOM = 27.000000

Using SPARSE 1.3 as Direct Linear Solver

No. of Data Rows : 1
Doing analysis at TEMP = 27.000000 and TNOM = 27.000000

Using SPARSE 1.3 as Direct Linear Solver

No. of Data Rows : 361
Reset re-loads circuit * fan_smc_pin_3 acdc (cmos)

Circuit: * fan_smc_pin_3 acdc (cmos)

Doing analysis at TEMP = 27.000000 and TNOM = 27.000000

Using SPARSE 1.3 as Direct Linear Solver

No. of Data Rows : 1
Doing analysis at TEMP = 27.000000 and TNOM = 27.000000

Using SPARSE 1.3 as Direct Linear Solver

No. of Data Rows : 361
Reset re-loads circuit * fan_smc_pin_3 acdc (cmos)

Circuit: * fan_smc_pin_3 acdc (cmos)

Doing analysis at TEMP = 27.000000 and TNOM = 27.000000

Using SPARSE 1.3 as Direct Linear Solver
 Reference value :  0.00000e+00
No. of Data Rows : 1
Doing analysis at TEMP = 27.000000 and TNOM = 27.000000

Using SPARSE 1.3 as Direct Linear Solver

No. of Data Rows : 361
Reset re-loads circuit * fan_smc_pin_3 acdc (cmos)

Circuit: * fan_smc_pin_3 acdc (cmos)

Doing analysis at TEMP = 27.000000 and TNOM = 27.000000

Using SPARSE 1.3 as Direct Linear Solver

No. of Data Rows : 1
Doing analysis at TEMP = 27.000000 and TNOM = 27.000000

Using SPARSE 1.3 as Direct Linear Solver

No. of Data Rows : 361
Reset re-loads circuit * fan_smc_pin_3 acdc (cmos)

Circuit: * fan_smc_pin_3 acdc (cmos)

Doing analysis at TEMP = 27.000000 and TNOM = 27.000000

Using SPARSE 1.3 as Direct Linear Solver

No. of Data Rows : 1
Doing analysis at TEMP = 27.000000 and TNOM = 27.000000

Using SPARSE 1.3 as Direct Linear Solver

No. of Data Rows : 361
Reset re-loads circuit * fan_smc_pin_3 acdc (cmos)

Circuit: * fan_smc_pin_3 acdc (cmos)

Doing analysis at TEMP = 27.000000 and TNOM = 27.000000

Using SPARSE 1.3 as Direct Linear Solver

No. of Data Rows : 1
Doing analysis at TEMP = 27.000000 and TNOM = 27.000000

Using SPARSE 1.3 as Direct Linear Solver

No. of Data Rows : 361
Reset re-loads circuit * fan_smc_pin_3 acdc (cmos)

Circuit: * fan_smc_pin_3 acdc (cmos)

Doing analysis at TEMP = 27.000000 and TNOM = 27.000000

Using SPARSE 1.3 as Direct Linear Solver
 Reference value :  0.00000e+00
No. of Data Rows : 1
Doing analysis at TEMP = 27.000000 and TNOM = 27.000000

Using SPARSE 1.3 as Direct Linear Solver

No. of Data Rows : 361
Reset re-loads circuit * fan_smc_pin_3 acdc (cmos)

Circuit: * fan_smc_pin_3 acdc (cmos)

Doing analysis at TEMP = 27.000000 and TNOM = 27.000000

Using SPARSE 1.3 as Direct Linear Solver

No. of Data Rows : 1
Doing analysis at TEMP = 27.000000 and TNOM = 27.000000

Using SPARSE 1.3 as Direct Linear Solver

No. of Data Rows : 361
Reset re-loads circuit * fan_smc_pin_3 acdc (cmos)

Circuit: * fan_smc_pin_3 acdc (cmos)

Doing analysis at TEMP = 27.000000 and TNOM = 27.000000

Using SPARSE 1.3 as Direct Linear Solver

No. of Data Rows : 1
Doing analysis at TEMP = 27.000000 and TNOM = 27.000000

Using SPARSE 1.3 as Direct Linear Solver

No. of Data Rows : 361
Reset re-loads circuit * fan_smc_pin_3 acdc (cmos)

Circuit: * fan_smc_pin_3 acdc (cmos)

Doing analysis at TEMP = 27.000000 and TNOM = 27.000000

Using SPARSE 1.3 as Direct Linear Solver

No. of Data Rows : 1
Doing analysis at TEMP = 27.000000 and TNOM = 27.000000

Using SPARSE 1.3 as Direct Linear Solver

No. of Data Rows : 361
Reset re-loads circuit * fan_smc_pin_3 acdc (cmos)

Circuit: * fan_smc_pin_3 acdc (cmos)

Doing analysis at TEMP = 27.000000 and TNOM = 27.000000

Using SPARSE 1.3 as Direct Linear Solver
 Reference value :  0.00000e+00
No. of Data Rows : 1
Doing analysis at TEMP = 27.000000 and TNOM = 27.000000

Using SPARSE 1.3 as Direct Linear Solver

No. of Data Rows : 361
Reset re-loads circuit * fan_smc_pin_3 acdc (cmos)

Circuit: * fan_smc_pin_3 acdc (cmos)

Doing analysis at TEMP = 27.000000 and TNOM = 27.000000

Using SPARSE 1.3 as Direct Linear Solver

No. of Data Rows : 1
Doing analysis at TEMP = 27.000000 and TNOM = 27.000000

Using SPARSE 1.3 as Direct Linear Solver

No. of Data Rows : 361
Reset re-loads circuit * fan_smc_pin_3 acdc (cmos)

Circuit: * fan_smc_pin_3 acdc (cmos)

Doing analysis at TEMP = 27.000000 and TNOM = 27.000000

Using SPARSE 1.3 as Direct Linear Solver

No. of Data Rows : 1
Doing analysis at TEMP = 27.000000 and TNOM = 27.000000

Using SPARSE 1.3 as Direct Linear Solver

No. of Data Rows : 361
Reset re-loads circuit * fan_smc_pin_3 acdc (cmos)

Circuit: * fan_smc_pin_3 acdc (cmos)

Doing analysis at TEMP = 27.000000 and TNOM = 27.000000

Using SPARSE 1.3 as Direct Linear Solver

No. of Data Rows : 1
Doing analysis at TEMP = 27.000000 and TNOM = 27.000000

Using SPARSE 1.3 as Direct Linear Solver

No. of Data Rows : 361
Reset re-loads circuit * fan_smc_pin_3 acdc (cmos)

Circuit: * fan_smc_pin_3 acdc (cmos)

Doing analysis at TEMP = 27.000000 and TNOM = 27.000000

Using SPARSE 1.3 as Direct Linear Solver
 Reference value :  0.00000e+00
No. of Data Rows : 1
Doing analysis at TEMP = 27.000000 and TNOM = 27.000000

Using SPARSE 1.3 as Direct Linear Solver

No. of Data Rows : 361
Reset re-loads circuit * fan_smc_pin_3 acdc (cmos)

Circuit: * fan_smc_pin_3 acdc (cmos)

Doing analysis at TEMP = 27.000000 and TNOM = 27.000000

Using SPARSE 1.3 as Direct Linear Solver

No. of Data Rows : 1
Doing analysis at TEMP = 27.000000 and TNOM = 27.000000

Using SPARSE 1.3 as Direct Linear Solver

No. of Data Rows : 361
Reset re-loads circuit * fan_smc_pin_3 acdc (cmos)

Circuit: * fan_smc_pin_3 acdc (cmos)

Doing analysis at TEMP = 27.000000 and TNOM = 27.000000

Using SPARSE 1.3 as Direct Linear Solver

No. of Data Rows : 1
Doing analysis at TEMP = 27.000000 and TNOM = 27.000000

Using SPARSE 1.3 as Direct Linear Solver

No. of Data Rows : 361
Reset re-loads circuit * fan_smc_pin_3 acdc (cmos)

Circuit: * fan_smc_pin_3 acdc (cmos)

Doing analysis at TEMP = 27.000000 and TNOM = 27.000000

Using SPARSE 1.3 as Direct Linear Solver

No. of Data Rows : 1
Doing analysis at TEMP = 27.000000 and TNOM = 27.000000

Using SPARSE 1.3 as Direct Linear Solver

No. of Data Rows : 361
Reset re-loads circuit * fan_smc_pin_3 acdc (cmos)

Circuit: * fan_smc_pin_3 acdc (cmos)

Doing analysis at TEMP = 27.000000 and TNOM = 27.000000

Using SPARSE 1.3 as Direct Linear Solver
 Reference value :  0.00000e+00
No. of Data Rows : 1
Doing analysis at TEMP = 27.000000 and TNOM = 27.000000

Using SPARSE 1.3 as Direct Linear Solver

No. of Data Rows : 361
Reset re-loads circuit * fan_smc_pin_3 acdc (cmos)

Circuit: * fan_smc_pin_3 acdc (cmos)

Doing analysis at TEMP = 27.000000 and TNOM = 27.000000

Using SPARSE 1.3 as Direct Linear Solver

No. of Data Rows : 1
Doing analysis at TEMP = 27.000000 and TNOM = 27.000000

Using SPARSE 1.3 as Direct Linear Solver

No. of Data Rows : 361
Reset re-loads circuit * fan_smc_pin_3 acdc (cmos)

Circuit: * fan_smc_pin_3 acdc (cmos)

Doing analysis at TEMP = 27.000000 and TNOM = 27.000000

Using SPARSE 1.3 as Direct Linear Solver

No. of Data Rows : 1
Doing analysis at TEMP = 27.000000 and TNOM = 27.000000

Using SPARSE 1.3 as Direct Linear Solver

No. of Data Rows : 361
Reset re-loads circuit * fan_smc_pin_3 acdc (cmos)

Circuit: * fan_smc_pin_3 acdc (cmos)

Doing analysis at TEMP = 27.000000 and TNOM = 27.000000

Using SPARSE 1.3 as Direct Linear Solver

No. of Data Rows : 1
Doing analysis at TEMP = 27.000000 and TNOM = 27.000000

Using SPARSE 1.3 as Direct Linear Solver
 Reference value :  1.00000e+00
No. of Data Rows : 361
Reset re-loads circuit * fan_smc_pin_3 acdc (cmos)

Circuit: * fan_smc_pin_3 acdc (cmos)

Doing analysis at TEMP = 27.000000 and TNOM = 27.000000

Using SPARSE 1.3 as Direct Linear Solver

No. of Data Rows : 1
Doing analysis at TEMP = 27.000000 and TNOM = 27.000000

Using SPARSE 1.3 as Direct Linear Solver

No. of Data Rows : 361
Reset re-loads circuit * fan_smc_pin_3 acdc (cmos)

Circuit: * fan_smc_pin_3 acdc (cmos)

Doing analysis at TEMP = 27.000000 and TNOM = 27.000000

Using SPARSE 1.3 as Direct Linear Solver

No. of Data Rows : 1
Doing analysis at TEMP = 27.000000 and TNOM = 27.000000

Using SPARSE 1.3 as Direct Linear Solver

No. of Data Rows : 361
Reset re-loads circuit * fan_smc_pin_3 acdc (cmos)

Circuit: * fan_smc_pin_3 acdc (cmos)

Doing analysis at TEMP = 27.000000 and TNOM = 27.000000

Using SPARSE 1.3 as Direct Linear Solver
 Reference value :  0.00000e+00
No. of Data Rows : 1
Doing analysis at TEMP = 27.000000 and TNOM = 27.000000

Using SPARSE 1.3 as Direct Linear Solver

No. of Data Rows : 361
Reset re-loads circuit * fan_smc_pin_3 acdc (cmos)

Circuit: * fan_smc_pin_3 acdc (cmos)

Doing analysis at TEMP = 27.000000 and TNOM = 27.000000

Using SPARSE 1.3 as Direct Linear Solver

No. of Data Rows : 1
Doing analysis at TEMP = 27.000000 and TNOM = 27.000000

Using SPARSE 1.3 as Direct Linear Solver

No. of Data Rows : 361
Reset re-loads circuit * fan_smc_pin_3 acdc (cmos)

Circuit: * fan_smc_pin_3 acdc (cmos)

Doing analysis at TEMP = 27.000000 and TNOM = 27.000000

Using SPARSE 1.3 as Direct Linear Solver

No. of Data Rows : 1
Doing analysis at TEMP = 27.000000 and TNOM = 27.000000

Using SPARSE 1.3 as Direct Linear Solver

No. of Data Rows : 361
Reset re-loads circuit * fan_smc_pin_3 acdc (cmos)

Circuit: * fan_smc_pin_3 acdc (cmos)

Doing analysis at TEMP = 27.000000 and TNOM = 27.000000

Using SPARSE 1.3 as Direct Linear Solver
 Reference value :  0.00000e+00
No. of Data Rows : 1
Doing analysis at TEMP = 27.000000 and TNOM = 27.000000

Using SPARSE 1.3 as Direct Linear Solver

No. of Data Rows : 361
Reset re-loads circuit * fan_smc_pin_3 acdc (cmos)

Circuit: * fan_smc_pin_3 acdc (cmos)

Doing analysis at TEMP = 27.000000 and TNOM = 27.000000

Using SPARSE 1.3 as Direct Linear Solver

No. of Data Rows : 1
Doing analysis at TEMP = 27.000000 and TNOM = 27.000000

Using SPARSE 1.3 as Direct Linear Solver

No. of Data Rows : 361
Reset re-loads circuit * fan_smc_pin_3 acdc (cmos)

Circuit: * fan_smc_pin_3 acdc (cmos)

Doing analysis at TEMP = 27.000000 and TNOM = 27.000000

Using SPARSE 1.3 as Direct Linear Solver

No. of Data Rows : 1
Doing analysis at TEMP = 27.000000 and TNOM = 27.000000

Using SPARSE 1.3 as Direct Linear Solver

No. of Data Rows : 361
Reset re-loads circuit * fan_smc_pin_3 acdc (cmos)

Circuit: * fan_smc_pin_3 acdc (cmos)

Doing analysis at TEMP = 27.000000 and TNOM = 27.000000

Using SPARSE 1.3 as Direct Linear Solver
 Reference value :  0.00000e+00
No. of Data Rows : 1
Doing analysis at TEMP = 27.000000 and TNOM = 27.000000

Using SPARSE 1.3 as Direct Linear Solver

No. of Data Rows : 361
Reset re-loads circuit * fan_smc_pin_3 acdc (cmos)

Circuit: * fan_smc_pin_3 acdc (cmos)

Doing analysis at TEMP = 27.000000 and TNOM = 27.000000

Using SPARSE 1.3 as Direct Linear Solver

No. of Data Rows : 1
Doing analysis at TEMP = 27.000000 and TNOM = 27.000000

Using SPARSE 1.3 as Direct Linear Solver

No. of Data Rows : 361
Reset re-loads circuit * fan_smc_pin_3 acdc (cmos)

Circuit: * fan_smc_pin_3 acdc (cmos)

Doing analysis at TEMP = 27.000000 and TNOM = 27.000000

Using SPARSE 1.3 as Direct Linear Solver

No. of Data Rows : 1
Doing analysis at TEMP = 27.000000 and TNOM = 27.000000

Using SPARSE 1.3 as Direct Linear Solver

No. of Data Rows : 361
Reset re-loads circuit * fan_smc_pin_3 acdc (cmos)

Circuit: * fan_smc_pin_3 acdc (cmos)

Doing analysis at TEMP = 27.000000 and TNOM = 27.000000

Using SPARSE 1.3 as Direct Linear Solver
 Reference value :  0.00000e+00
No. of Data Rows : 1
Doing analysis at TEMP = 27.000000 and TNOM = 27.000000

Using SPARSE 1.3 as Direct Linear Solver

No. of Data Rows : 361
Reset re-loads circuit * fan_smc_pin_3 acdc (cmos)

Circuit: * fan_smc_pin_3 acdc (cmos)

Doing analysis at TEMP = 27.000000 and TNOM = 27.000000

Using SPARSE 1.3 as Direct Linear Solver

No. of Data Rows : 1
Doing analysis at TEMP = 27.000000 and TNOM = 27.000000

Using SPARSE 1.3 as Direct Linear Solver

No. of Data Rows : 361
Reset re-loads circuit * fan_smc_pin_3 acdc (cmos)

Circuit: * fan_smc_pin_3 acdc (cmos)

Doing analysis at TEMP = 27.000000 and TNOM = 27.000000

Using SPARSE 1.3 as Direct Linear Solver

No. of Data Rows : 1
Doing analysis at TEMP = 27.000000 and TNOM = 27.000000

Using SPARSE 1.3 as Direct Linear Solver

No. of Data Rows : 361
Reset re-loads circuit * fan_smc_pin_3 acdc (cmos)

Circuit: * fan_smc_pin_3 acdc (cmos)

Doing analysis at TEMP = 27.000000 and TNOM = 27.000000

Using SPARSE 1.3 as Direct Linear Solver
 Reference value :  0.00000e+00
No. of Data Rows : 1
Doing analysis at TEMP = 27.000000 and TNOM = 27.000000

Using SPARSE 1.3 as Direct Linear Solver

No. of Data Rows : 361
Reset re-loads circuit * fan_smc_pin_3 acdc (cmos)

Circuit: * fan_smc_pin_3 acdc (cmos)

Doing analysis at TEMP = 27.000000 and TNOM = 27.000000

Using SPARSE 1.3 as Direct Linear Solver

No. of Data Rows : 1
Doing analysis at TEMP = 27.000000 and TNOM = 27.000000

Using SPARSE 1.3 as Direct Linear Solver

No. of Data Rows : 361
Reset re-loads circuit * fan_smc_pin_3 acdc (cmos)

Circuit: * fan_smc_pin_3 acdc (cmos)

Doing analysis at TEMP = 27.000000 and TNOM = 27.000000

Using SPARSE 1.3 as Direct Linear Solver

No. of Data Rows : 1
Doing analysis at TEMP = 27.000000 and TNOM = 27.000000

Using SPARSE 1.3 as Direct Linear Solver

No. of Data Rows : 361
Reset re-loads circuit * fan_smc_pin_3 acdc (cmos)

Circuit: * fan_smc_pin_3 acdc (cmos)

Doing analysis at TEMP = 27.000000 and TNOM = 27.000000

Using SPARSE 1.3 as Direct Linear Solver
 Reference value :  0.00000e+00
No. of Data Rows : 1
Doing analysis at TEMP = 27.000000 and TNOM = 27.000000

Using SPARSE 1.3 as Direct Linear Solver

No. of Data Rows : 361
Reset re-loads circuit * fan_smc_pin_3 acdc (cmos)

Circuit: * fan_smc_pin_3 acdc (cmos)

Doing analysis at TEMP = 27.000000 and TNOM = 27.000000

Using SPARSE 1.3 as Direct Linear Solver

No. of Data Rows : 1
Doing analysis at TEMP = 27.000000 and TNOM = 27.000000

Using SPARSE 1.3 as Direct Linear Solver

No. of Data Rows : 361
Reset re-loads circuit * fan_smc_pin_3 acdc (cmos)

Circuit: * fan_smc_pin_3 acdc (cmos)

Doing analysis at TEMP = 27.000000 and TNOM = 27.000000

Using SPARSE 1.3 as Direct Linear Solver

No. of Data Rows : 1
Doing analysis at TEMP = 27.000000 and TNOM = 27.000000

Using SPARSE 1.3 as Direct Linear Solver

No. of Data Rows : 361
Reset re-loads circuit * fan_smc_pin_3 acdc (cmos)

Circuit: * fan_smc_pin_3 acdc (cmos)

Doing analysis at TEMP = 27.000000 and TNOM = 27.000000

Using SPARSE 1.3 as Direct Linear Solver
 Reference value :  0.00000e+00
No. of Data Rows : 1
Doing analysis at TEMP = 27.000000 and TNOM = 27.000000

Using SPARSE 1.3 as Direct Linear Solver

No. of Data Rows : 361
Reset re-loads circuit * fan_smc_pin_3 acdc (cmos)

Circuit: * fan_smc_pin_3 acdc (cmos)

Doing analysis at TEMP = 27.000000 and TNOM = 27.000000

Using SPARSE 1.3 as Direct Linear Solver

No. of Data Rows : 1
Doing analysis at TEMP = 27.000000 and TNOM = 27.000000

Using SPARSE 1.3 as Direct Linear Solver

No. of Data Rows : 361
Reset re-loads circuit * fan_smc_pin_3 acdc (cmos)

Circuit: * fan_smc_pin_3 acdc (cmos)

Doing analysis at TEMP = 27.000000 and TNOM = 27.000000

Using SPARSE 1.3 as Direct Linear Solver

No. of Data Rows : 1
Doing analysis at TEMP = 27.000000 and TNOM = 27.000000

Using SPARSE 1.3 as Direct Linear Solver

No. of Data Rows : 361
Reset re-loads circuit * fan_smc_pin_3 acdc (cmos)

Circuit: * fan_smc_pin_3 acdc (cmos)

Doing analysis at TEMP = 27.000000 and TNOM = 27.000000

Using SPARSE 1.3 as Direct Linear Solver
 Reference value :  0.00000e+00
No. of Data Rows : 1
Doing analysis at TEMP = 27.000000 and TNOM = 27.000000

Using SPARSE 1.3 as Direct Linear Solver

No. of Data Rows : 361
Reset re-loads circuit * fan_smc_pin_3 acdc (cmos)

Circuit: * fan_smc_pin_3 acdc (cmos)

Doing analysis at TEMP = 27.000000 and TNOM = 27.000000

Using SPARSE 1.3 as Direct Linear Solver

No. of Data Rows : 1
Doing analysis at TEMP = 27.000000 and TNOM = 27.000000

Using SPARSE 1.3 as Direct Linear Solver

No. of Data Rows : 361
Reset re-loads circuit * fan_smc_pin_3 acdc (cmos)

Circuit: * fan_smc_pin_3 acdc (cmos)

Doing analysis at TEMP = 27.000000 and TNOM = 27.000000

Using SPARSE 1.3 as Direct Linear Solver
 Reference value :  0.00000e+00
No. of Data Rows : 1
Doing analysis at TEMP = 27.000000 and TNOM = 27.000000

Using SPARSE 1.3 as Direct Linear Solver

No. of Data Rows : 361
Reset re-loads circuit * fan_smc_pin_3 acdc (cmos)

Circuit: * fan_smc_pin_3 acdc (cmos)

Doing analysis at TEMP = 27.000000 and TNOM = 27.000000

Using SPARSE 1.3 as Direct Linear Solver

No. of Data Rows : 1
Doing analysis at TEMP = 27.000000 and TNOM = 27.000000

Using SPARSE 1.3 as Direct Linear Solver

No. of Data Rows : 361
Reset re-loads circuit * fan_smc_pin_3 acdc (cmos)

Circuit: * fan_smc_pin_3 acdc (cmos)

Doing analysis at TEMP = 27.000000 and TNOM = 27.000000

Using SPARSE 1.3 as Direct Linear Solver
 Reference value :  0.00000e+00
No. of Data Rows : 1
Doing analysis at TEMP = 27.000000 and TNOM = 27.000000

Using SPARSE 1.3 as Direct Linear Solver

No. of Data Rows : 361
Reset re-loads circuit * fan_smc_pin_3 acdc (cmos)

Circuit: * fan_smc_pin_3 acdc (cmos)

Doing analysis at TEMP = 27.000000 and TNOM = 27.000000

Using SPARSE 1.3 as Direct Linear Solver

No. of Data Rows : 1
Doing analysis at TEMP = 27.000000 and TNOM = 27.000000

Using SPARSE 1.3 as Direct Linear Solver

No. of Data Rows : 361
Reset re-loads circuit * fan_smc_pin_3 acdc (cmos)

Circuit: * fan_smc_pin_3 acdc (cmos)

Doing analysis at TEMP = 27.000000 and TNOM = 27.000000

Using SPARSE 1.3 as Direct Linear Solver
 Reference value :  0.00000e+00
No. of Data Rows : 1
Doing analysis at TEMP = 27.000000 and TNOM = 27.000000

Using SPARSE 1.3 as Direct Linear Solver

No. of Data Rows : 361
Reset re-loads circuit * fan_smc_pin_3 acdc (cmos)

Circuit: * fan_smc_pin_3 acdc (cmos)

Doing analysis at TEMP = 27.000000 and TNOM = 27.000000

Using SPARSE 1.3 as Direct Linear Solver

No. of Data Rows : 1
Doing analysis at TEMP = 27.000000 and TNOM = 27.000000

Using SPARSE 1.3 as Direct Linear Solver

No. of Data Rows : 361
Reset re-loads circuit * fan_smc_pin_3 acdc (cmos)

Circuit: * fan_smc_pin_3 acdc (cmos)

Doing analysis at TEMP = 27.000000 and TNOM = 27.000000

Using SPARSE 1.3 as Direct Linear Solver
 Reference value :  0.00000e+00
No. of Data Rows : 1
Doing analysis at TEMP = 27.000000 and TNOM = 27.000000

Using SPARSE 1.3 as Direct Linear Solver

No. of Data Rows : 361
Reset re-loads circuit * fan_smc_pin_3 acdc (cmos)

Circuit: * fan_smc_pin_3 acdc (cmos)

Doing analysis at TEMP = 27.000000 and TNOM = 27.000000

Using SPARSE 1.3 as Direct Linear Solver

No. of Data Rows : 1
Doing analysis at TEMP = 27.000000 and TNOM = 27.000000

Using SPARSE 1.3 as Direct Linear Solver

No. of Data Rows : 361
Reset re-loads circuit * fan_smc_pin_3 acdc (cmos)

Circuit: * fan_smc_pin_3 acdc (cmos)

Doing analysis at TEMP = 27.000000 and TNOM = 27.000000

Using SPARSE 1.3 as Direct Linear Solver

No. of Data Rows : 1
Doing analysis at TEMP = 27.000000 and TNOM = 27.000000

Using SPARSE 1.3 as Direct Linear Solver

No. of Data Rows : 361
Reset re-loads circuit * fan_smc_pin_3 acdc (cmos)

Circuit: * fan_smc_pin_3 acdc (cmos)

Doing analysis at TEMP = 27.000000 and TNOM = 27.000000

Using SPARSE 1.3 as Direct Linear Solver
 Reference value :  0.00000e+00
No. of Data Rows : 1
Doing analysis at TEMP = 27.000000 and TNOM = 27.000000

Using SPARSE 1.3 as Direct Linear Solver

No. of Data Rows : 361
Reset re-loads circuit * fan_smc_pin_3 acdc (cmos)

Circuit: * fan_smc_pin_3 acdc (cmos)

Doing analysis at TEMP = 27.000000 and TNOM = 27.000000

Using SPARSE 1.3 as Direct Linear Solver

No. of Data Rows : 1
Doing analysis at TEMP = 27.000000 and TNOM = 27.000000

Using SPARSE 1.3 as Direct Linear Solver

No. of Data Rows : 361
Reset re-loads circuit * fan_smc_pin_3 acdc (cmos)

Circuit: * fan_smc_pin_3 acdc (cmos)

Doing analysis at TEMP = 27.000000 and TNOM = 27.000000

Using SPARSE 1.3 as Direct Linear Solver

No. of Data Rows : 1
Doing analysis at TEMP = 27.000000 and TNOM = 27.000000

Using SPARSE 1.3 as Direct Linear Solver
 Reference value :  1.00000e+00
No. of Data Rows : 361
Reset re-loads circuit * fan_smc_pin_3 acdc (cmos)

Circuit: * fan_smc_pin_3 acdc (cmos)

Doing analysis at TEMP = 27.000000 and TNOM = 27.000000

Using SPARSE 1.3 as Direct Linear Solver

No. of Data Rows : 1
Doing analysis at TEMP = 27.000000 and TNOM = 27.000000

Using SPARSE 1.3 as Direct Linear Solver

No. of Data Rows : 361
Reset re-loads circuit * fan_smc_pin_3 acdc (cmos)

Circuit: * fan_smc_pin_3 acdc (cmos)

Doing analysis at TEMP = 27.000000 and TNOM = 27.000000

Using SPARSE 1.3 as Direct Linear Solver
 Reference value :  0.00000e+00
No. of Data Rows : 1
Doing analysis at TEMP = 27.000000 and TNOM = 27.000000

Using SPARSE 1.3 as Direct Linear Solver

No. of Data Rows : 361
Reset re-loads circuit * fan_smc_pin_3 acdc (cmos)

Circuit: * fan_smc_pin_3 acdc (cmos)

Doing analysis at TEMP = 27.000000 and TNOM = 27.000000

Using SPARSE 1.3 as Direct Linear Solver

No. of Data Rows : 1
Doing analysis at TEMP = 27.000000 and TNOM = 27.000000

Using SPARSE 1.3 as Direct Linear Solver

No. of Data Rows : 361
Reset re-loads circuit * fan_smc_pin_3 acdc (cmos)

Circuit: * fan_smc_pin_3 acdc (cmos)

Doing analysis at TEMP = 27.000000 and TNOM = 27.000000

Using SPARSE 1.3 as Direct Linear Solver
 Reference value :  0.00000e+00
No. of Data Rows : 1
Doing analysis at TEMP = 27.000000 and TNOM = 27.000000

Using SPARSE 1.3 as Direct Linear Solver

No. of Data Rows : 361
Reset re-loads circuit * fan_smc_pin_3 acdc (cmos)

Circuit: * fan_smc_pin_3 acdc (cmos)

Doing analysis at TEMP = 27.000000 and TNOM = 27.000000

Using SPARSE 1.3 as Direct Linear Solver

No. of Data Rows : 1
Doing analysis at TEMP = 27.000000 and TNOM = 27.000000

Using SPARSE 1.3 as Direct Linear Solver

No. of Data Rows : 361
Reset re-loads circuit * fan_smc_pin_3 acdc (cmos)

Circuit: * fan_smc_pin_3 acdc (cmos)

Doing analysis at TEMP = 27.000000 and TNOM = 27.000000

Using SPARSE 1.3 as Direct Linear Solver
 Reference value :  0.00000e+00
No. of Data Rows : 1
Doing analysis at TEMP = 27.000000 and TNOM = 27.000000

Using SPARSE 1.3 as Direct Linear Solver

No. of Data Rows : 361
Reset re-loads circuit * fan_smc_pin_3 acdc (cmos)

Circuit: * fan_smc_pin_3 acdc (cmos)

Doing analysis at TEMP = 27.000000 and TNOM = 27.000000

Using SPARSE 1.3 as Direct Linear Solver

No. of Data Rows : 1
Doing analysis at TEMP = 27.000000 and TNOM = 27.000000

Using SPARSE 1.3 as Direct Linear Solver

No. of Data Rows : 361
Reset re-loads circuit * fan_smc_pin_3 acdc (cmos)

Circuit: * fan_smc_pin_3 acdc (cmos)

Doing analysis at TEMP = 27.000000 and TNOM = 27.000000

Using SPARSE 1.3 as Direct Linear Solver
 Reference value :  0.00000e+00
No. of Data Rows : 1
Doing analysis at TEMP = 27.000000 and TNOM = 27.000000

Using SPARSE 1.3 as Direct Linear Solver

No. of Data Rows : 361
Reset re-loads circuit * fan_smc_pin_3 acdc (cmos)

Circuit: * fan_smc_pin_3 acdc (cmos)

Doing analysis at TEMP = 27.000000 and TNOM = 27.000000

Using SPARSE 1.3 as Direct Linear Solver

No. of Data Rows : 1
Doing analysis at TEMP = 27.000000 and TNOM = 27.000000

Using SPARSE 1.3 as Direct Linear Solver

No. of Data Rows : 361
Reset re-loads circuit * fan_smc_pin_3 acdc (cmos)

Circuit: * fan_smc_pin_3 acdc (cmos)

Doing analysis at TEMP = 27.000000 and TNOM = 27.000000

Using SPARSE 1.3 as Direct Linear Solver
 Reference value :  0.00000e+00
No. of Data Rows : 1
Doing analysis at TEMP = 27.000000 and TNOM = 27.000000

Using SPARSE 1.3 as Direct Linear Solver

No. of Data Rows : 361
Reset re-loads circuit * fan_smc_pin_3 acdc (cmos)

Circuit: * fan_smc_pin_3 acdc (cmos)

Doing analysis at TEMP = 27.000000 and TNOM = 27.000000

Using SPARSE 1.3 as Direct Linear Solver

No. of Data Rows : 1
Doing analysis at TEMP = 27.000000 and TNOM = 27.000000

Using SPARSE 1.3 as Direct Linear Solver

No. of Data Rows : 361
Reset re-loads circuit * fan_smc_pin_3 acdc (cmos)

Circuit: * fan_smc_pin_3 acdc (cmos)

Doing analysis at TEMP = 27.000000 and TNOM = 27.000000

Using SPARSE 1.3 as Direct Linear Solver
 Reference value :  0.00000e+00
No. of Data Rows : 1
Doing analysis at TEMP = 27.000000 and TNOM = 27.000000

Using SPARSE 1.3 as Direct Linear Solver

No. of Data Rows : 361
Reset re-loads circuit * fan_smc_pin_3 acdc (cmos)

Circuit: * fan_smc_pin_3 acdc (cmos)

Doing analysis at TEMP = 27.000000 and TNOM = 27.000000

Using SPARSE 1.3 as Direct Linear Solver

No. of Data Rows : 1
Doing analysis at TEMP = 27.000000 and TNOM = 27.000000

Using SPARSE 1.3 as Direct Linear Solver

No. of Data Rows : 361
Reset re-loads circuit * fan_smc_pin_3 acdc (cmos)

Circuit: * fan_smc_pin_3 acdc (cmos)

Doing analysis at TEMP = 27.000000 and TNOM = 27.000000

Using SPARSE 1.3 as Direct Linear Solver
 Reference value :  0.00000e+00
No. of Data Rows : 1
Doing analysis at TEMP = 27.000000 and TNOM = 27.000000

Using SPARSE 1.3 as Direct Linear Solver

No. of Data Rows : 361
Reset re-loads circuit * fan_smc_pin_3 acdc (cmos)

Circuit: * fan_smc_pin_3 acdc (cmos)

Doing analysis at TEMP = 27.000000 and TNOM = 27.000000

Using SPARSE 1.3 as Direct Linear Solver

No. of Data Rows : 1
Doing analysis at TEMP = 27.000000 and TNOM = 27.000000

Using SPARSE 1.3 as Direct Linear Solver

No. of Data Rows : 361
Reset re-loads circuit * fan_smc_pin_3 acdc (cmos)

Circuit: * fan_smc_pin_3 acdc (cmos)

Doing analysis at TEMP = 27.000000 and TNOM = 27.000000

Using SPARSE 1.3 as Direct Linear Solver
 Reference value :  0.00000e+00
No. of Data Rows : 1
Doing analysis at TEMP = 27.000000 and TNOM = 27.000000

Using SPARSE 1.3 as Direct Linear Solver

No. of Data Rows : 361
Reset re-loads circuit * fan_smc_pin_3 acdc (cmos)

Circuit: * fan_smc_pin_3 acdc (cmos)

Doing analysis at TEMP = 27.000000 and TNOM = 27.000000

Using SPARSE 1.3 as Direct Linear Solver

No. of Data Rows : 1
Doing analysis at TEMP = 27.000000 and TNOM = 27.000000

Using SPARSE 1.3 as Direct Linear Solver

No. of Data Rows : 361
Reset re-loads circuit * fan_smc_pin_3 acdc (cmos)

Circuit: * fan_smc_pin_3 acdc (cmos)

Doing analysis at TEMP = 27.000000 and TNOM = 27.000000

Using SPARSE 1.3 as Direct Linear Solver
 Reference value :  0.00000e+00
No. of Data Rows : 1
Doing analysis at TEMP = 27.000000 and TNOM = 27.000000

Using SPARSE 1.3 as Direct Linear Solver

No. of Data Rows : 361
Reset re-loads circuit * fan_smc_pin_3 acdc (cmos)

Circuit: * fan_smc_pin_3 acdc (cmos)

Doing analysis at TEMP = 27.000000 and TNOM = 27.000000

Using SPARSE 1.3 as Direct Linear Solver

No. of Data Rows : 1
Doing analysis at TEMP = 27.000000 and TNOM = 27.000000

Using SPARSE 1.3 as Direct Linear Solver

No. of Data Rows : 361
Reset re-loads circuit * fan_smc_pin_3 acdc (cmos)

Circuit: * fan_smc_pin_3 acdc (cmos)

Doing analysis at TEMP = 27.000000 and TNOM = 27.000000

Using SPARSE 1.3 as Direct Linear Solver
 Reference value :  0.00000e+00
No. of Data Rows : 1
Doing analysis at TEMP = 27.000000 and TNOM = 27.000000

Using SPARSE 1.3 as Direct Linear Solver

No. of Data Rows : 361
Reset re-loads circuit * fan_smc_pin_3 acdc (cmos)

Circuit: * fan_smc_pin_3 acdc (cmos)

Doing analysis at TEMP = 27.000000 and TNOM = 27.000000

Using SPARSE 1.3 as Direct Linear Solver

No. of Data Rows : 1
Doing analysis at TEMP = 27.000000 and TNOM = 27.000000

Using SPARSE 1.3 as Direct Linear Solver

No. of Data Rows : 361
Reset re-loads circuit * fan_smc_pin_3 acdc (cmos)

Circuit: * fan_smc_pin_3 acdc (cmos)

Doing analysis at TEMP = 27.000000 and TNOM = 27.000000

Using SPARSE 1.3 as Direct Linear Solver
 Reference value :  0.00000e+00
No. of Data Rows : 1
Doing analysis at TEMP = 27.000000 and TNOM = 27.000000

Using SPARSE 1.3 as Direct Linear Solver

No. of Data Rows : 361
Reset re-loads circuit * fan_smc_pin_3 acdc (cmos)

Circuit: * fan_smc_pin_3 acdc (cmos)

Doing analysis at TEMP = 27.000000 and TNOM = 27.000000

Using SPARSE 1.3 as Direct Linear Solver

No. of Data Rows : 1
Doing analysis at TEMP = 27.000000 and TNOM = 27.000000

Using SPARSE 1.3 as Direct Linear Solver

No. of Data Rows : 361
Reset re-loads circuit * fan_smc_pin_3 acdc (cmos)

Circuit: * fan_smc_pin_3 acdc (cmos)

Doing analysis at TEMP = 27.000000 and TNOM = 27.000000

Using SPARSE 1.3 as Direct Linear Solver
 Reference value :  0.00000e+00
No. of Data Rows : 1
Doing analysis at TEMP = 27.000000 and TNOM = 27.000000

Using SPARSE 1.3 as Direct Linear Solver

No. of Data Rows : 361
Reset re-loads circuit * fan_smc_pin_3 acdc (cmos)

Circuit: * fan_smc_pin_3 acdc (cmos)

Doing analysis at TEMP = 27.000000 and TNOM = 27.000000

Using SPARSE 1.3 as Direct Linear Solver

No. of Data Rows : 1
Doing analysis at TEMP = 27.000000 and TNOM = 27.000000

Using SPARSE 1.3 as Direct Linear Solver

No. of Data Rows : 361
Reset re-loads circuit * fan_smc_pin_3 acdc (cmos)

Circuit: * fan_smc_pin_3 acdc (cmos)

Doing analysis at TEMP = 27.000000 and TNOM = 27.000000

Using SPARSE 1.3 as Direct Linear Solver
 Reference value :  0.00000e+00
No. of Data Rows : 1
Doing analysis at TEMP = 27.000000 and TNOM = 27.000000

Using SPARSE 1.3 as Direct Linear Solver

No. of Data Rows : 361
Reset re-loads circuit * fan_smc_pin_3 acdc (cmos)

Circuit: * fan_smc_pin_3 acdc (cmos)

Doing analysis at TEMP = 27.000000 and TNOM = 27.000000

Using SPARSE 1.3 as Direct Linear Solver

No. of Data Rows : 1
Doing analysis at TEMP = 27.000000 and TNOM = 27.000000

Using SPARSE 1.3 as Direct Linear Solver

No. of Data Rows : 361
Reset re-loads circuit * fan_smc_pin_3 acdc (cmos)

Circuit: * fan_smc_pin_3 acdc (cmos)

Doing analysis at TEMP = 27.000000 and TNOM = 27.000000

Using SPARSE 1.3 as Direct Linear Solver
 Reference value :  0.00000e+00
No. of Data Rows : 1
Doing analysis at TEMP = 27.000000 and TNOM = 27.000000

Using SPARSE 1.3 as Direct Linear Solver

No. of Data Rows : 361
Reset re-loads circuit * fan_smc_pin_3 acdc (cmos)

Circuit: * fan_smc_pin_3 acdc (cmos)

Doing analysis at TEMP = 27.000000 and TNOM = 27.000000

Using SPARSE 1.3 as Direct Linear Solver

No. of Data Rows : 1
Doing analysis at TEMP = 27.000000 and TNOM = 27.000000

Using SPARSE 1.3 as Direct Linear Solver

No. of Data Rows : 361
Reset re-loads circuit * fan_smc_pin_3 acdc (cmos)

Circuit: * fan_smc_pin_3 acdc (cmos)

Doing analysis at TEMP = 27.000000 and TNOM = 27.000000

Using SPARSE 1.3 as Direct Linear Solver
 Reference value :  0.00000e+00
No. of Data Rows : 1
Doing analysis at TEMP = 27.000000 and TNOM = 27.000000

Using SPARSE 1.3 as Direct Linear Solver

No. of Data Rows : 361
Reset re-loads circuit * fan_smc_pin_3 acdc (cmos)

Circuit: * fan_smc_pin_3 acdc (cmos)

Doing analysis at TEMP = 27.000000 and TNOM = 27.000000

Using SPARSE 1.3 as Direct Linear Solver

No. of Data Rows : 1
Doing analysis at TEMP = 27.000000 and TNOM = 27.000000

Using SPARSE 1.3 as Direct Linear Solver

No. of Data Rows : 361
Reset re-loads circuit * fan_smc_pin_3 acdc (cmos)

Circuit: * fan_smc_pin_3 acdc (cmos)

Doing analysis at TEMP = 27.000000 and TNOM = 27.000000

Using SPARSE 1.3 as Direct Linear Solver
 Reference value :  0.00000e+00
No. of Data Rows : 1
Doing analysis at TEMP = 27.000000 and TNOM = 27.000000

Using SPARSE 1.3 as Direct Linear Solver

No. of Data Rows : 361
Reset re-loads circuit * fan_smc_pin_3 acdc (cmos)

Circuit: * fan_smc_pin_3 acdc (cmos)

Doing analysis at TEMP = 27.000000 and TNOM = 27.000000

Using SPARSE 1.3 as Direct Linear Solver

No. of Data Rows : 1
Doing analysis at TEMP = 27.000000 and TNOM = 27.000000

Using SPARSE 1.3 as Direct Linear Solver

No. of Data Rows : 361
Reset re-loads circuit * fan_smc_pin_3 acdc (cmos)

Circuit: * fan_smc_pin_3 acdc (cmos)

Doing analysis at TEMP = 27.000000 and TNOM = 27.000000

Using SPARSE 1.3 as Direct Linear Solver
 Reference value :  0.00000e+00
No. of Data Rows : 1
Doing analysis at TEMP = 27.000000 and TNOM = 27.000000

Using SPARSE 1.3 as Direct Linear Solver

No. of Data Rows : 361
Reset re-loads circuit * fan_smc_pin_3 acdc (cmos)

Circuit: * fan_smc_pin_3 acdc (cmos)

Doing analysis at TEMP = 27.000000 and TNOM = 27.000000

Using SPARSE 1.3 as Direct Linear Solver

No. of Data Rows : 1
Doing analysis at TEMP = 27.000000 and TNOM = 27.000000

Using SPARSE 1.3 as Direct Linear Solver

No. of Data Rows : 361
Reset re-loads circuit * fan_smc_pin_3 acdc (cmos)

Circuit: * fan_smc_pin_3 acdc (cmos)

Doing analysis at TEMP = 27.000000 and TNOM = 27.000000

Using SPARSE 1.3 as Direct Linear Solver
 Reference value :  0.00000e+00
No. of Data Rows : 1
Doing analysis at TEMP = 27.000000 and TNOM = 27.000000

Using SPARSE 1.3 as Direct Linear Solver

No. of Data Rows : 361
Reset re-loads circuit * fan_smc_pin_3 acdc (cmos)

Circuit: * fan_smc_pin_3 acdc (cmos)

Doing analysis at TEMP = 27.000000 and TNOM = 27.000000

Using SPARSE 1.3 as Direct Linear Solver

No. of Data Rows : 1
Doing analysis at TEMP = 27.000000 and TNOM = 27.000000

Using SPARSE 1.3 as Direct Linear Solver

No. of Data Rows : 361
Reset re-loads circuit * fan_smc_pin_3 acdc (cmos)

Circuit: * fan_smc_pin_3 acdc (cmos)

Doing analysis at TEMP = 27.000000 and TNOM = 27.000000

Using SPARSE 1.3 as Direct Linear Solver
 Reference value :  0.00000e+00
No. of Data Rows : 1
Doing analysis at TEMP = 27.000000 and TNOM = 27.000000

Using SPARSE 1.3 as Direct Linear Solver

No. of Data Rows : 361
Reset re-loads circuit * fan_smc_pin_3 acdc (cmos)

Circuit: * fan_smc_pin_3 acdc (cmos)

Doing analysis at TEMP = 27.000000 and TNOM = 27.000000

Using SPARSE 1.3 as Direct Linear Solver

No. of Data Rows : 1
Doing analysis at TEMP = 27.000000 and TNOM = 27.000000

Using SPARSE 1.3 as Direct Linear Solver

No. of Data Rows : 361
Reset re-loads circuit * fan_smc_pin_3 acdc (cmos)

Circuit: * fan_smc_pin_3 acdc (cmos)

Doing analysis at TEMP = 27.000000 and TNOM = 27.000000

Using SPARSE 1.3 as Direct Linear Solver
 Reference value :  0.00000e+00
No. of Data Rows : 1
Doing analysis at TEMP = 27.000000 and TNOM = 27.000000

Using SPARSE 1.3 as Direct Linear Solver

No. of Data Rows : 361
Reset re-loads circuit * fan_smc_pin_3 acdc (cmos)

Circuit: * fan_smc_pin_3 acdc (cmos)

Doing analysis at TEMP = 27.000000 and TNOM = 27.000000

Using SPARSE 1.3 as Direct Linear Solver

No. of Data Rows : 1
Doing analysis at TEMP = 27.000000 and TNOM = 27.000000

Using SPARSE 1.3 as Direct Linear Solver

No. of Data Rows : 361
Reset re-loads circuit * fan_smc_pin_3 acdc (cmos)

Circuit: * fan_smc_pin_3 acdc (cmos)

Doing analysis at TEMP = 27.000000 and TNOM = 27.000000

Using SPARSE 1.3 as Direct Linear Solver
 Reference value :  0.00000e+00
No. of Data Rows : 1
Doing analysis at TEMP = 27.000000 and TNOM = 27.000000

Using SPARSE 1.3 as Direct Linear Solver

No. of Data Rows : 361
Reset re-loads circuit * fan_smc_pin_3 acdc (cmos)

Circuit: * fan_smc_pin_3 acdc (cmos)

Doing analysis at TEMP = 27.000000 and TNOM = 27.000000

Using SPARSE 1.3 as Direct Linear Solver

No. of Data Rows : 1
Doing analysis at TEMP = 27.000000 and TNOM = 27.000000

Using SPARSE 1.3 as Direct Linear Solver

No. of Data Rows : 361
Reset re-loads circuit * fan_smc_pin_3 acdc (cmos)

Circuit: * fan_smc_pin_3 acdc (cmos)

Doing analysis at TEMP = 27.000000 and TNOM = 27.000000

Using SPARSE 1.3 as Direct Linear Solver
 Reference value :  0.00000e+00
No. of Data Rows : 1
Doing analysis at TEMP = 27.000000 and TNOM = 27.000000

Using SPARSE 1.3 as Direct Linear Solver

No. of Data Rows : 361
Reset re-loads circuit * fan_smc_pin_3 acdc (cmos)

Circuit: * fan_smc_pin_3 acdc (cmos)

Doing analysis at TEMP = 27.000000 and TNOM = 27.000000

Using SPARSE 1.3 as Direct Linear Solver

No. of Data Rows : 1
Doing analysis at TEMP = 27.000000 and TNOM = 27.000000

Using SPARSE 1.3 as Direct Linear Solver

No. of Data Rows : 361
Reset re-loads circuit * fan_smc_pin_3 acdc (cmos)

Circuit: * fan_smc_pin_3 acdc (cmos)

Doing analysis at TEMP = 27.000000 and TNOM = 27.000000

Using SPARSE 1.3 as Direct Linear Solver
 Reference value :  0.00000e+00
No. of Data Rows : 1
Doing analysis at TEMP = 27.000000 and TNOM = 27.000000

Using SPARSE 1.3 as Direct Linear Solver

No. of Data Rows : 361
Reset re-loads circuit * fan_smc_pin_3 acdc (cmos)

Circuit: * fan_smc_pin_3 acdc (cmos)

Doing analysis at TEMP = 27.000000 and TNOM = 27.000000

Using SPARSE 1.3 as Direct Linear Solver

No. of Data Rows : 1
Doing analysis at TEMP = 27.000000 and TNOM = 27.000000

Using SPARSE 1.3 as Direct Linear Solver

No. of Data Rows : 361
Reset re-loads circuit * fan_smc_pin_3 acdc (cmos)

Circuit: * fan_smc_pin_3 acdc (cmos)

Doing analysis at TEMP = 27.000000 and TNOM = 27.000000

Using SPARSE 1.3 as Direct Linear Solver
 Reference value :  0.00000e+00
No. of Data Rows : 1
Doing analysis at TEMP = 27.000000 and TNOM = 27.000000

Using SPARSE 1.3 as Direct Linear Solver

No. of Data Rows : 361
Reset re-loads circuit * fan_smc_pin_3 acdc (cmos)

Circuit: * fan_smc_pin_3 acdc (cmos)

Doing analysis at TEMP = 27.000000 and TNOM = 27.000000

Using SPARSE 1.3 as Direct Linear Solver

No. of Data Rows : 1
Doing analysis at TEMP = 27.000000 and TNOM = 27.000000

Using SPARSE 1.3 as Direct Linear Solver

No. of Data Rows : 361
Reset re-loads circuit * fan_smc_pin_3 acdc (cmos)

Circuit: * fan_smc_pin_3 acdc (cmos)

Doing analysis at TEMP = 27.000000 and TNOM = 27.000000

Using SPARSE 1.3 as Direct Linear Solver
 Reference value :  0.00000e+00
No. of Data Rows : 1
Doing analysis at TEMP = 27.000000 and TNOM = 27.000000

Using SPARSE 1.3 as Direct Linear Solver

No. of Data Rows : 361
Reset re-loads circuit * fan_smc_pin_3 acdc (cmos)

Circuit: * fan_smc_pin_3 acdc (cmos)

Doing analysis at TEMP = 27.000000 and TNOM = 27.000000

Using SPARSE 1.3 as Direct Linear Solver

No. of Data Rows : 1
Doing analysis at TEMP = 27.000000 and TNOM = 27.000000

Using SPARSE 1.3 as Direct Linear Solver

No. of Data Rows : 361
Reset re-loads circuit * fan_smc_pin_3 acdc (cmos)

Circuit: * fan_smc_pin_3 acdc (cmos)

Doing analysis at TEMP = 27.000000 and TNOM = 27.000000

Using SPARSE 1.3 as Direct Linear Solver
 Reference value :  0.00000e+00
No. of Data Rows : 1
Doing analysis at TEMP = 27.000000 and TNOM = 27.000000

Using SPARSE 1.3 as Direct Linear Solver

No. of Data Rows : 361
Reset re-loads circuit * fan_smc_pin_3 acdc (cmos)

Circuit: * fan_smc_pin_3 acdc (cmos)

Doing analysis at TEMP = 27.000000 and TNOM = 27.000000

Using SPARSE 1.3 as Direct Linear Solver

No. of Data Rows : 1
Doing analysis at TEMP = 27.000000 and TNOM = 27.000000

Using SPARSE 1.3 as Direct Linear Solver

No. of Data Rows : 361
ngspice-45.2 done

Warning: Model issue on line 61 :
  .model nmos_rvt nmos (level=1 vto=    5.119066059308826e-01     kp=    2 ...
unrecognized parameter (tcv) - ignored
unrecognized parameter (bex) - ignored

Warning: Model issue on line 63 :
  .model pmos_rvt pmos (level=1 vto=   -4.593527220706913e-01     kp=    1 ...
unrecognized parameter (tcv) - ignored
unrecognized parameter (bex) - ignored

Warning: Model issue on line 61 :
  .model nmos_rvt nmos (level=1 vto=    4.985960055117486e-01     kp=    1 ...
unrecognized parameter (tcv) - ignored
unrecognized parameter (bex) - ignored

Warning: Model issue on line 63 :
  .model pmos_rvt pmos (level=1 vto=   -5.093705447411981e-01     kp=    8 ...
unrecognized parameter (tcv) - ignored
unrecognized parameter (bex) - ignored

Note: Starting dynamic gmin stepping
Note: Dynamic gmin stepping completed
Note: Starting dynamic gmin stepping
Note: Dynamic gmin stepping completed
Warning: Model issue on line 61 :
  .model nmos_rvt nmos (level=1 vto=    4.481680167526272e-01     kp=    1 ...
unrecognized parameter (tcv) - ignored
unrecognized parameter (bex) - ignored

Warning: Model issue on line 63 :
  .model pmos_rvt pmos (level=1 vto=   -5.026608883152573e-01     kp=    9 ...
unrecognized parameter (tcv) - ignored
unrecognized parameter (bex) - ignored

Note: Starting dynamic gmin stepping
Note: Dynamic gmin stepping completed
Note: Starting dynamic gmin stepping
Note: Dynamic gmin stepping completed
Warning: Model issue on line 61 :
  .model nmos_rvt nmos (level=1 vto=    5.208868066760488e-01     kp=    1 ...
unrecognized parameter (tcv) - ignored
unrecognized parameter (bex) - ignored

Warning: Model issue on line 63 :
  .model pmos_rvt pmos (level=1 vto=   -4.923320715279920e-01     kp=    1 ...
unrecognized parameter (tcv) - ignored
unrecognized parameter (bex) - ignored

Note: Starting dynamic gmin stepping
Note: Dynamic gmin stepping completed
Note: Starting dynamic gmin stepping
Note: Dynamic gmin stepping completed
Warning: Model issue on line 61 :
  .model nmos_rvt nmos (level=1 vto=    4.839231664483756e-01     kp=    1 ...
unrecognized parameter (tcv) - ignored
unrecognized parameter (bex) - ignored

Warning: Model issue on line 63 :
  .model pmos_rvt pmos (level=1 vto=   -5.152231765702587e-01     kp=    1 ...
unrecognized parameter (tcv) - ignored
unrecognized parameter (bex) - ignored

Note: Starting dynamic gmin stepping
Note: Dynamic gmin stepping completed
Note: Starting dynamic gmin stepping
Note: Dynamic gmin stepping completed
Warning: Model issue on line 61 :
  .model nmos_rvt nmos (level=1 vto=    5.659653735278458e-01     kp=    1 ...
unrecognized parameter (tcv) - ignored
unrecognized parameter (bex) - ignored

Warning: Model issue on line 63 :
  .model pmos_rvt pmos (level=1 vto=   -4.713885703316631e-01     kp=    9 ...
unrecognized parameter (tcv) - ignored
unrecognized parameter (bex) - ignored

Note: Starting dynamic gmin stepping
Note: Dynamic gmin stepping completed
Note: Starting dynamic gmin stepping
Note: Dynamic gmin stepping completed
Warning: Model issue on line 61 :
  .model nmos_rvt nmos (level=1 vto=    5.517847940897074e-01     kp=    2 ...
unrecognized parameter (tcv) - ignored
unrecognized parameter (bex) - ignored

Warning: Model issue on line 63 :
  .model pmos_rvt pmos (level=1 vto=   -4.784249825621692e-01     kp=    1 ...
unrecognized parameter (tcv) - ignored
unrecognized parameter (bex) - ignored

Note: Starting dynamic gmin stepping
Note: Dynamic gmin stepping completed
Note: Starting dynamic gmin stepping
Note: Dynamic gmin stepping completed
Warning: Model issue on line 61 :
  .model nmos_rvt nmos (level=1 vto=    5.214759833178545e-01     kp=    1 ...
unrecognized parameter (tcv) - ignored
unrecognized parameter (bex) - ignored

Warning: Model issue on line 63 :
  .model pmos_rvt pmos (level=1 vto=   -5.265529013079974e-01     kp=    9 ...
unrecognized parameter (tcv) - ignored
unrecognized parameter (bex) - ignored

Note: Starting dynamic gmin stepping
Note: Dynamic gmin stepping completed
Note: Starting dynamic gmin stepping
Note: Dynamic gmin stepping completed
Warning: Model issue on line 61 :
  .model nmos_rvt nmos (level=1 vto=    4.844619860419552e-01     kp=    2 ...
unrecognized parameter (tcv) - ignored
unrecognized parameter (bex) - ignored

Warning: Model issue on line 63 :
  .model pmos_rvt pmos (level=1 vto=   -5.041326069845666e-01     kp=    1 ...
unrecognized parameter (tcv) - ignored
unrecognized parameter (bex) - ignored

Note: Starting dynamic gmin stepping
Note: Dynamic gmin stepping completed
Note: Starting dynamic gmin stepping
Note: Dynamic gmin stepping completed
Warning: Model issue on line 61 :
  .model nmos_rvt nmos (level=1 vto=    5.183644544658376e-01     kp=    1 ...
unrecognized parameter (tcv) - ignored
unrecognized parameter (bex) - ignored

Warning: Model issue on line 63 :
  .model pmos_rvt pmos (level=1 vto=   -5.029544633504046e-01     kp=    1 ...
unrecognized parameter (tcv) - ignored
unrecognized parameter (bex) - ignored

Note: Starting dynamic gmin stepping
Note: Dynamic gmin stepping completed
Note: Starting dynamic gmin stepping
Note: Dynamic gmin stepping completed
Warning: Model issue on line 61 :
  .model nmos_rvt nmos (level=1 vto=    5.016743403562322e-01     kp=    1 ...
unrecognized parameter (tcv) - ignored
unrecognized parameter (bex) - ignored

Warning: Model issue on line 63 :
  .model pmos_rvt pmos (level=1 vto=   -4.735247810691607e-01     kp=    1 ...
unrecognized parameter (tcv) - ignored
unrecognized parameter (bex) - ignored

Note: Starting dynamic gmin stepping
Note: Dynamic gmin stepping completed
Note: Starting dynamic gmin stepping
Note: Dynamic gmin stepping completed
Warning: Model issue on line 61 :
  .model nmos_rvt nmos (level=1 vto=    5.196792401407487e-01     kp=    2 ...
unrecognized parameter (tcv) - ignored
unrecognized parameter (bex) - ignored

Warning: Model issue on line 63 :
  .model pmos_rvt pmos (level=1 vto=   -5.007591667795278e-01     kp=    1 ...
unrecognized parameter (tcv) - ignored
unrecognized parameter (bex) - ignored

Note: Starting dynamic gmin stepping
Note: Dynamic gmin stepping completed
Note: Starting dynamic gmin stepping
Note: Dynamic gmin stepping completed
Warning: Model issue on line 61 :
  .model nmos_rvt nmos (level=1 vto=    5.198215631387505e-01     kp=    2 ...
unrecognized parameter (tcv) - ignored
unrecognized parameter (bex) - ignored

Warning: Model issue on line 63 :
  .model pmos_rvt pmos (level=1 vto=   -4.952512070287644e-01     kp=    9 ...
unrecognized parameter (tcv) - ignored
unrecognized parameter (bex) - ignored

Note: Starting dynamic gmin stepping
Note: Dynamic gmin stepping completed
Note: Starting dynamic gmin stepping
Note: Dynamic gmin stepping completed
Warning: Model issue on line 61 :
  .model nmos_rvt nmos (level=1 vto=    5.436564440653319e-01     kp=    2 ...
unrecognized parameter (tcv) - ignored
unrecognized parameter (bex) - ignored

Warning: Model issue on line 63 :
  .model pmos_rvt pmos (level=1 vto=   -5.313797606097947e-01     kp=    9 ...
unrecognized parameter (tcv) - ignored
unrecognized parameter (bex) - ignored

Note: Starting dynamic gmin stepping
Note: Dynamic gmin stepping completed
Note: Starting dynamic gmin stepping
Note: Dynamic gmin stepping completed
Warning: Model issue on line 61 :
  .model nmos_rvt nmos (level=1 vto=    5.019352219924784e-01     kp=    2 ...
unrecognized parameter (tcv) - ignored
unrecognized parameter (bex) - ignored

Warning: Model issue on line 63 :
  .model pmos_rvt pmos (level=1 vto=   -5.166589186783475e-01     kp=    8 ...
unrecognized parameter (tcv) - ignored
unrecognized parameter (bex) - ignored

Note: Starting dynamic gmin stepping
Note: Dynamic gmin stepping completed
Note: Starting dynamic gmin stepping
Note: Dynamic gmin stepping completed
Warning: Model issue on line 61 :
  .model nmos_rvt nmos (level=1 vto=    5.169152665731851e-01     kp=    1 ...
unrecognized parameter (tcv) - ignored
unrecognized parameter (bex) - ignored

Warning: Model issue on line 63 :
  .model pmos_rvt pmos (level=1 vto=   -5.214304860543325e-01     kp=    1 ...
unrecognized parameter (tcv) - ignored
unrecognized parameter (bex) - ignored

Note: Starting dynamic gmin stepping
Note: Dynamic gmin stepping completed
Note: Starting dynamic gmin stepping
Note: Dynamic gmin stepping completed
Warning: Model issue on line 61 :
  .model nmos_rvt nmos (level=1 vto=    4.660780155789044e-01     kp=    1 ...
unrecognized parameter (tcv) - ignored
unrecognized parameter (bex) - ignored

Warning: Model issue on line 63 :
  .model pmos_rvt pmos (level=1 vto=   -4.812540997371496e-01     kp=    1 ...
unrecognized parameter (tcv) - ignored
unrecognized parameter (bex) - ignored

Note: Starting dynamic gmin stepping
Note: Dynamic gmin stepping completed
Note: Starting dynamic gmin stepping
Note: Dynamic gmin stepping completed
Warning: Model issue on line 61 :
  .model nmos_rvt nmos (level=1 vto=    4.921326854044066e-01     kp=    2 ...
unrecognized parameter (tcv) - ignored
unrecognized parameter (bex) - ignored

Warning: Model issue on line 63 :
  .model pmos_rvt pmos (level=1 vto=   -5.421693497225185e-01     kp=    9 ...
unrecognized parameter (tcv) - ignored
unrecognized parameter (bex) - ignored

Note: Starting dynamic gmin stepping
Note: Dynamic gmin stepping completed
Note: Starting dynamic gmin stepping
Note: Dynamic gmin stepping completed
Warning: Model issue on line 61 :
  .model nmos_rvt nmos (level=1 vto=    5.329738225296858e-01     kp=    2 ...
unrecognized parameter (tcv) - ignored
unrecognized parameter (bex) - ignored

Warning: Model issue on line 63 :
  .model pmos_rvt pmos (level=1 vto=   -5.208702998230589e-01     kp=    1 ...
unrecognized parameter (tcv) - ignored
unrecognized parameter (bex) - ignored

Note: Starting dynamic gmin stepping
Note: Dynamic gmin stepping completed
Note: Starting dynamic gmin stepping
Note: Dynamic gmin stepping completed
Warning: Model issue on line 61 :
  .model nmos_rvt nmos (level=1 vto=    5.146415906284509e-01     kp=    1 ...
unrecognized parameter (tcv) - ignored
unrecognized parameter (bex) - ignored

Warning: Model issue on line 63 :
  .model pmos_rvt pmos (level=1 vto=   -5.372645472421284e-01     kp=    9 ...
unrecognized parameter (tcv) - ignored
unrecognized parameter (bex) - ignored

Note: Starting dynamic gmin stepping
Note: Dynamic gmin stepping completed
Note: Starting dynamic gmin stepping
Note: Dynamic gmin stepping completed
Warning: Model issue on line 61 :
  .model nmos_rvt nmos (level=1 vto=    5.286374649543750e-01     kp=    1 ...
unrecognized parameter (tcv) - ignored
unrecognized parameter (bex) - ignored

Warning: Model issue on line 63 :
  .model pmos_rvt pmos (level=1 vto=   -4.706737998438906e-01     kp=    9 ...
unrecognized parameter (tcv) - ignored
unrecognized parameter (bex) - ignored

Note: Starting dynamic gmin stepping
Note: Dynamic gmin stepping completed
Note: Starting dynamic gmin stepping
Note: Dynamic gmin stepping completed
Warning: Model issue on line 61 :
  .model nmos_rvt nmos (level=1 vto=    4.853883310624136e-01     kp=    1 ...
unrecognized parameter (tcv) - ignored
unrecognized parameter (bex) - ignored

Warning: Model issue on line 63 :
  .model pmos_rvt pmos (level=1 vto=   -5.049760891258473e-01     kp=    9 ...
unrecognized parameter (tcv) - ignored
unrecognized parameter (bex) - ignored

Note: Starting dynamic gmin stepping
Note: Dynamic gmin stepping completed
Note: Starting dynamic gmin stepping
Note: Dynamic gmin stepping completed
Warning: Model issue on line 61 :
  .model nmos_rvt nmos (level=1 vto=    4.463550291299930e-01     kp=    2 ...
unrecognized parameter (tcv) - ignored
unrecognized parameter (bex) - ignored

Warning: Model issue on line 63 :
  .model pmos_rvt pmos (level=1 vto=   -4.658909406086021e-01     kp=    9 ...
unrecognized parameter (tcv) - ignored
unrecognized parameter (bex) - ignored

Note: Starting dynamic gmin stepping
Note: Dynamic gmin stepping completed
Note: Starting dynamic gmin stepping
Note: Dynamic gmin stepping completed
Warning: Model issue on line 61 :
  .model nmos_rvt nmos (level=1 vto=    4.756625657013130e-01     kp=    1 ...
unrecognized parameter (tcv) - ignored
unrecognized parameter (bex) - ignored

Warning: Model issue on line 63 :
  .model pmos_rvt pmos (level=1 vto=   -5.230457212036818e-01     kp=    1 ...
unrecognized parameter (tcv) - ignored
unrecognized parameter (bex) - ignored

Note: Starting dynamic gmin stepping
Note: Dynamic gmin stepping completed
Note: Starting dynamic gmin stepping
Note: Dynamic gmin stepping completed
Warning: Model issue on line 61 :
  .model nmos_rvt nmos (level=1 vto=    5.191528451246297e-01     kp=    2 ...
unrecognized parameter (tcv) - ignored
unrecognized parameter (bex) - ignored

Warning: Model issue on line 63 :
  .model pmos_rvt pmos (level=1 vto=   -5.106707339445604e-01     kp=    1 ...
unrecognized parameter (tcv) - ignored
unrecognized parameter (bex) - ignored

Note: Starting dynamic gmin stepping
Note: Dynamic gmin stepping completed
Note: Starting dynamic gmin stepping
Note: Dynamic gmin stepping completed
Warning: Model issue on line 61 :
  .model nmos_rvt nmos (level=1 vto=    4.902971585311374e-01     kp=    2 ...
unrecognized parameter (tcv) - ignored
unrecognized parameter (bex) - ignored

Warning: Model issue on line 63 :
  .model pmos_rvt pmos (level=1 vto=   -5.347493742944022e-01     kp=    9 ...
unrecognized parameter (tcv) - ignored
unrecognized parameter (bex) - ignored

Note: Starting dynamic gmin stepping
Note: Dynamic gmin stepping completed
Note: Starting dynamic gmin stepping
Note: Dynamic gmin stepping completed
Warning: Model issue on line 61 :
  .model nmos_rvt nmos (level=1 vto=    4.906333701899558e-01     kp=    2 ...
unrecognized parameter (tcv) - ignored
unrecognized parameter (bex) - ignored

Warning: Model issue on line 63 :
  .model pmos_rvt pmos (level=1 vto=   -4.977699464492573e-01     kp=    1 ...
unrecognized parameter (tcv) - ignored
unrecognized parameter (bex) - ignored

Note: Starting dynamic gmin stepping
Note: Dynamic gmin stepping completed
Note: Starting dynamic gmin stepping
Note: Dynamic gmin stepping completed
Warning: Model issue on line 61 :
  .model nmos_rvt nmos (level=1 vto=    4.858574262259659e-01     kp=    1 ...
unrecognized parameter (tcv) - ignored
unrecognized parameter (bex) - ignored

Warning: Model issue on line 63 :
  .model pmos_rvt pmos (level=1 vto=   -4.892780097344212e-01     kp=    1 ...
unrecognized parameter (tcv) - ignored
unrecognized parameter (bex) - ignored

Note: Starting dynamic gmin stepping
Note: Dynamic gmin stepping completed
Note: Starting dynamic gmin stepping
Note: Dynamic gmin stepping completed
Warning: Model issue on line 61 :
  .model nmos_rvt nmos (level=1 vto=    5.104634981225307e-01     kp=    2 ...
unrecognized parameter (tcv) - ignored
unrecognized parameter (bex) - ignored

Warning: Model issue on line 63 :
  .model pmos_rvt pmos (level=1 vto=   -5.087233871557457e-01     kp=    9 ...
unrecognized parameter (tcv) - ignored
unrecognized parameter (bex) - ignored

Note: Starting dynamic gmin stepping
Note: Dynamic gmin stepping completed
Note: Starting dynamic gmin stepping
Note: Dynamic gmin stepping completed
Warning: Model issue on line 61 :
  .model nmos_rvt nmos (level=1 vto=    5.327328871642224e-01     kp=    1 ...
unrecognized parameter (tcv) - ignored
unrecognized parameter (bex) - ignored

Warning: Model issue on line 63 :
  .model pmos_rvt pmos (level=1 vto=   -4.829446174658250e-01     kp=    9 ...
unrecognized parameter (tcv) - ignored
unrecognized parameter (bex) - ignored

Note: Starting dynamic gmin stepping
Note: Dynamic gmin stepping completed
Note: Starting dynamic gmin stepping
Note: Dynamic gmin stepping completed
Warning: Model issue on line 61 :
  .model nmos_rvt nmos (level=1 vto=    5.118169088155118e-01     kp=    1 ...
unrecognized parameter (tcv) - ignored
unrecognized parameter (bex) - ignored

Warning: Model issue on line 63 :
  .model pmos_rvt pmos (level=1 vto=   -4.957797772971534e-01     kp=    1 ...
unrecognized parameter (tcv) - ignored
unrecognized parameter (bex) - ignored

Note: Starting dynamic gmin stepping
Note: Dynamic gmin stepping completed
Note: Starting dynamic gmin stepping
Note: Dynamic gmin stepping completed
Warning: Model issue on line 61 :
  .model nmos_rvt nmos (level=1 vto=    4.871095942262276e-01     kp=    1 ...
unrecognized parameter (tcv) - ignored
unrecognized parameter (bex) - ignored

Warning: Model issue on line 63 :
  .model pmos_rvt pmos (level=1 vto=   -5.345695716989496e-01     kp=    9 ...
unrecognized parameter (tcv) - ignored
unrecognized parameter (bex) - ignored

Note: Starting dynamic gmin stepping
Note: Dynamic gmin stepping completed
Note: Starting dynamic gmin stepping
Note: Dynamic gmin stepping completed
Warning: Model issue on line 61 :
  .model nmos_rvt nmos (level=1 vto=    5.219822607452164e-01     kp=    1 ...
unrecognized parameter (tcv) - ignored
unrecognized parameter (bex) - ignored

Warning: Model issue on line 63 :
  .model pmos_rvt pmos (level=1 vto=   -5.011806062219269e-01     kp=    9 ...
unrecognized parameter (tcv) - ignored
unrecognized parameter (bex) - ignored

Note: Starting dynamic gmin stepping
Note: Dynamic gmin stepping completed
Note: Starting dynamic gmin stepping
Note: Dynamic gmin stepping completed
Warning: Model issue on line 61 :
  .model nmos_rvt nmos (level=1 vto=    5.004349702536792e-01     kp=    1 ...
unrecognized parameter (tcv) - ignored
unrecognized parameter (bex) - ignored

Warning: Model issue on line 63 :
  .model pmos_rvt pmos (level=1 vto=   -4.760204361532944e-01     kp=    9 ...
unrecognized parameter (tcv) - ignored
unrecognized parameter (bex) - ignored

Note: Starting dynamic gmin stepping
Note: Dynamic gmin stepping completed
Note: Starting dynamic gmin stepping
Note: Dynamic gmin stepping completed
Warning: Model issue on line 61 :
  .model nmos_rvt nmos (level=1 vto=    5.046646584694867e-01     kp=    2 ...
unrecognized parameter (tcv) - ignored
unrecognized parameter (bex) - ignored

Warning: Model issue on line 63 :
  .model pmos_rvt pmos (level=1 vto=   -5.086154213119394e-01     kp=    1 ...
unrecognized parameter (tcv) - ignored
unrecognized parameter (bex) - ignored

Note: Starting dynamic gmin stepping
Note: Dynamic gmin stepping completed
Note: Starting dynamic gmin stepping
Note: Dynamic gmin stepping completed
Warning: Model issue on line 61 :
  .model nmos_rvt nmos (level=1 vto=    5.075641513683299e-01     kp=    2 ...
unrecognized parameter (tcv) - ignored
unrecognized parameter (bex) - ignored

Warning: Model issue on line 63 :
  .model pmos_rvt pmos (level=1 vto=   -5.046971582053039e-01     kp=    1 ...
unrecognized parameter (tcv) - ignored
unrecognized parameter (bex) - ignored

Note: Starting dynamic gmin stepping
Note: Dynamic gmin stepping completed
Note: Starting dynamic gmin stepping
Note: Dynamic gmin stepping completed
Warning: Model issue on line 61 :
  .model nmos_rvt nmos (level=1 vto=    4.945398987442922e-01     kp=    2 ...
unrecognized parameter (tcv) - ignored
unrecognized parameter (bex) - ignored

Warning: Model issue on line 63 :
  .model pmos_rvt pmos (level=1 vto=   -5.577042601538064e-01     kp=    9 ...
unrecognized parameter (tcv) - ignored
unrecognized parameter (bex) - ignored

Note: Starting dynamic gmin stepping
Note: Dynamic gmin stepping completed
Note: Starting dynamic gmin stepping
Note: Dynamic gmin stepping completed
Warning: Model issue on line 61 :
  .model nmos_rvt nmos (level=1 vto=    5.110706372811072e-01     kp=    2 ...
unrecognized parameter (tcv) - ignored
unrecognized parameter (bex) - ignored

Warning: Model issue on line 63 :
  .model pmos_rvt pmos (level=1 vto=   -4.681256259600768e-01     kp=    9 ...
unrecognized parameter (tcv) - ignored
unrecognized parameter (bex) - ignored

Note: Starting dynamic gmin stepping
Note: Dynamic gmin stepping completed
Note: Starting dynamic gmin stepping
Note: Dynamic gmin stepping completed
Warning: Model issue on line 61 :
  .model nmos_rvt nmos (level=1 vto=    5.190538970406215e-01     kp=    1 ...
unrecognized parameter (tcv) - ignored
unrecognized parameter (bex) - ignored

Warning: Model issue on line 63 :
  .model pmos_rvt pmos (level=1 vto=   -4.823191497525153e-01     kp=    9 ...
unrecognized parameter (tcv) - ignored
unrecognized parameter (bex) - ignored

Note: Starting dynamic gmin stepping
Note: Dynamic gmin stepping completed
Note: Starting dynamic gmin stepping
Note: Dynamic gmin stepping completed
Warning: Model issue on line 61 :
  .model nmos_rvt nmos (level=1 vto=    5.105082536359674e-01     kp=    2 ...
unrecognized parameter (tcv) - ignored
unrecognized parameter (bex) - ignored

Warning: Model issue on line 63 :
  .model pmos_rvt pmos (level=1 vto=   -4.642423602959945e-01     kp=    9 ...
unrecognized parameter (tcv) - ignored
unrecognized parameter (bex) - ignored

Note: Starting dynamic gmin stepping
Note: Dynamic gmin stepping completed
Note: Starting dynamic gmin stepping
Note: Dynamic gmin stepping completed
Warning: Model issue on line 61 :
  .model nmos_rvt nmos (level=1 vto=    4.913820597456399e-01     kp=    1 ...
unrecognized parameter (tcv) - ignored
unrecognized parameter (bex) - ignored

Warning: Model issue on line 63 :
  .model pmos_rvt pmos (level=1 vto=   -4.926303066374559e-01     kp=    8 ...
unrecognized parameter (tcv) - ignored
unrecognized parameter (bex) - ignored

Note: Starting dynamic gmin stepping
Note: Dynamic gmin stepping completed
Note: Starting dynamic gmin stepping
Note: Dynamic gmin stepping completed
Warning: Model issue on line 61 :
  .model nmos_rvt nmos (level=1 vto=    5.301591370051018e-01     kp=    1 ...
unrecognized parameter (tcv) - ignored
unrecognized parameter (bex) - ignored

Warning: Model issue on line 63 :
  .model pmos_rvt pmos (level=1 vto=   -4.699418232174614e-01     kp=    1 ...
unrecognized parameter (tcv) - ignored
unrecognized parameter (bex) - ignored

Note: Starting dynamic gmin stepping
Note: Dynamic gmin stepping completed
Note: Starting dynamic gmin stepping
Note: Dynamic gmin stepping completed
Warning: Model issue on line 61 :
  .model nmos_rvt nmos (level=1 vto=    5.005664370940859e-01     kp=    2 ...
unrecognized parameter (tcv) - ignored
unrecognized parameter (bex) - ignored

Warning: Model issue on line 63 :
  .model pmos_rvt pmos (level=1 vto=   -5.232157730329722e-01     kp=    9 ...
unrecognized parameter (tcv) - ignored
unrecognized parameter (bex) - ignored

Note: Starting dynamic gmin stepping
Note: Dynamic gmin stepping completed
Note: Starting dynamic gmin stepping
Note: Dynamic gmin stepping completed
Warning: Model issue on line 61 :
  .model nmos_rvt nmos (level=1 vto=    4.680848563559808e-01     kp=    1 ...
unrecognized parameter (tcv) - ignored
unrecognized parameter (bex) - ignored

Warning: Model issue on line 63 :
  .model pmos_rvt pmos (level=1 vto=   -5.500296871206382e-01     kp=    9 ...
unrecognized parameter (tcv) - ignored
unrecognized parameter (bex) - ignored

Note: Starting dynamic gmin stepping
Note: Dynamic gmin stepping completed
Note: Starting dynamic gmin stepping
Note: Dynamic gmin stepping completed
Warning: Model issue on line 61 :
  .model nmos_rvt nmos (level=1 vto=    4.829976802171400e-01     kp=    1 ...
unrecognized parameter (tcv) - ignored
unrecognized parameter (bex) - ignored

Warning: Model issue on line 63 :
  .model pmos_rvt pmos (level=1 vto=   -5.059343253870751e-01     kp=    9 ...
unrecognized parameter (tcv) - ignored
unrecognized parameter (bex) - ignored

Note: Starting dynamic gmin stepping
Note: Dynamic gmin stepping completed
Note: Starting dynamic gmin stepping
Note: Dynamic gmin stepping completed
Warning: Model issue on line 61 :
  .model nmos_rvt nmos (level=1 vto=    4.799200226055328e-01     kp=    2 ...
unrecognized parameter (tcv) - ignored
unrecognized parameter (bex) - ignored

Warning: Model issue on line 63 :
  .model pmos_rvt pmos (level=1 vto=   -4.673453339634407e-01     kp=    9 ...
unrecognized parameter (tcv) - ignored
unrecognized parameter (bex) - ignored

Note: Starting dynamic gmin stepping
Note: Dynamic gmin stepping completed
Note: Starting dynamic gmin stepping
Note: Dynamic gmin stepping completed
Warning: Model issue on line 61 :
  .model nmos_rvt nmos (level=1 vto=    5.147096072054662e-01     kp=    2 ...
unrecognized parameter (tcv) - ignored
unrecognized parameter (bex) - ignored

Warning: Model issue on line 63 :
  .model pmos_rvt pmos (level=1 vto=   -5.047930323726173e-01     kp=    9 ...
unrecognized parameter (tcv) - ignored
unrecognized parameter (bex) - ignored

Note: Starting dynamic gmin stepping
Note: Dynamic gmin stepping completed
Note: Starting dynamic gmin stepping
Note: Dynamic gmin stepping completed
Warning: Model issue on line 61 :
  .model nmos_rvt nmos (level=1 vto=    5.027278624542564e-01     kp=    2 ...
unrecognized parameter (tcv) - ignored
unrecognized parameter (bex) - ignored

Warning: Model issue on line 63 :
  .model pmos_rvt pmos (level=1 vto=   -5.195573579308753e-01     kp=    9 ...
unrecognized parameter (tcv) - ignored
unrecognized parameter (bex) - ignored

Note: Starting dynamic gmin stepping
Note: Dynamic gmin stepping completed
Note: Starting dynamic gmin stepping
Note: Dynamic gmin stepping completed
Warning: Model issue on line 61 :
  .model nmos_rvt nmos (level=1 vto=    4.761539600488268e-01     kp=    2 ...
unrecognized parameter (tcv) - ignored
unrecognized parameter (bex) - ignored

Warning: Model issue on line 63 :
  .model pmos_rvt pmos (level=1 vto=   -4.787785105872523e-01     kp=    9 ...
unrecognized parameter (tcv) - ignored
unrecognized parameter (bex) - ignored

Note: Starting dynamic gmin stepping
Note: Dynamic gmin stepping completed
Note: Starting dynamic gmin stepping
Note: Dynamic gmin stepping completed
Warning: Model issue on line 61 :
  .model nmos_rvt nmos (level=1 vto=    4.949483578221227e-01     kp=    2 ...
unrecognized parameter (tcv) - ignored
unrecognized parameter (bex) - ignored

Warning: Model issue on line 63 :
  .model pmos_rvt pmos (level=1 vto=   -5.176579525158065e-01     kp=    1 ...
unrecognized parameter (tcv) - ignored
unrecognized parameter (bex) - ignored

Note: Starting dynamic gmin stepping
Note: Dynamic gmin stepping completed
Note: Starting dynamic gmin stepping
Note: Dynamic gmin stepping completed
Warning: Model issue on line 61 :
  .model nmos_rvt nmos (level=1 vto=    4.363086783957851e-01     kp=    2 ...
unrecognized parameter (tcv) - ignored
unrecognized parameter (bex) - ignored

Warning: Model issue on line 63 :
  .model pmos_rvt pmos (level=1 vto=   -5.193064779218892e-01     kp=    1 ...
unrecognized parameter (tcv) - ignored
unrecognized parameter (bex) - ignored

Note: Starting dynamic gmin stepping
Note: Dynamic gmin stepping completed
Note: Starting dynamic gmin stepping
Note: Dynamic gmin stepping completed
Warning: Model issue on line 61 :
  .model nmos_rvt nmos (level=1 vto=    4.795241574110187e-01     kp=    2 ...
unrecognized parameter (tcv) - ignored
unrecognized parameter (bex) - ignored

Warning: Model issue on line 63 :
  .model pmos_rvt pmos (level=1 vto=   -4.864644303644055e-01     kp=    9 ...
unrecognized parameter (tcv) - ignored
unrecognized parameter (bex) - ignored

Note: Starting dynamic gmin stepping
Note: Dynamic gmin stepping completed
Note: Starting dynamic gmin stepping
Note: Dynamic gmin stepping completed
Warning: Model issue on line 61 :
  .model nmos_rvt nmos (level=1 vto=    5.048392749696108e-01     kp=    1 ...
unrecognized parameter (tcv) - ignored
unrecognized parameter (bex) - ignored

Warning: Model issue on line 63 :
  .model pmos_rvt pmos (level=1 vto=   -5.306398646235515e-01     kp=    1 ...
unrecognized parameter (tcv) - ignored
unrecognized parameter (bex) - ignored

Note: Starting dynamic gmin stepping
Note: Dynamic gmin stepping completed
Note: Starting dynamic gmin stepping
Note: Dynamic gmin stepping completed
Warning: Model issue on line 61 :
  .model nmos_rvt nmos (level=1 vto=    4.919559460337529e-01     kp=    1 ...
unrecognized parameter (tcv) - ignored
unrecognized parameter (bex) - ignored

Warning: Model issue on line 63 :
  .model pmos_rvt pmos (level=1 vto=   -4.885344915490230e-01     kp=    9 ...
unrecognized parameter (tcv) - ignored
unrecognized parameter (bex) - ignored

Note: Starting dynamic gmin stepping
Note: Dynamic gmin stepping completed
Note: Starting dynamic gmin stepping
Note: Dynamic gmin stepping completed
Warning: Model issue on line 61 :
  .model nmos_rvt nmos (level=1 vto=    5.279849197804366e-01     kp=    1 ...
unrecognized parameter (tcv) - ignored
unrecognized parameter (bex) - ignored

Warning: Model issue on line 63 :
  .model pmos_rvt pmos (level=1 vto=   -4.950946603612942e-01     kp=    9 ...
unrecognized parameter (tcv) - ignored
unrecognized parameter (bex) - ignored

Note: Starting dynamic gmin stepping
Note: Dynamic gmin stepping completed
Note: Starting dynamic gmin stepping
Note: Dynamic gmin stepping completed
Warning: Model issue on line 61 :
  .model nmos_rvt nmos (level=1 vto=    4.762091748093226e-01     kp=    1 ...
unrecognized parameter (tcv) - ignored
unrecognized parameter (bex) - ignored

Warning: Model issue on line 63 :
  .model pmos_rvt pmos (level=1 vto=   -4.932144516504530e-01     kp=    1 ...
unrecognized parameter (tcv) - ignored
unrecognized parameter (bex) - ignored

Note: Starting dynamic gmin stepping
Note: Dynamic gmin stepping completed
Note: Starting dynamic gmin stepping
Note: Dynamic gmin stepping completed
Warning: Model issue on line 61 :
  .model nmos_rvt nmos (level=1 vto=    5.287202112556715e-01     kp=    1 ...
unrecognized parameter (tcv) - ignored
unrecognized parameter (bex) - ignored

Warning: Model issue on line 63 :
  .model pmos_rvt pmos (level=1 vto=   -5.063132412494061e-01     kp=    9 ...
unrecognized parameter (tcv) - ignored
unrecognized parameter (bex) - ignored

Note: Starting dynamic gmin stepping
Note: Dynamic gmin stepping completed
Note: Starting dynamic gmin stepping
Note: Dynamic gmin stepping completed
Warning: Model issue on line 61 :
  .model nmos_rvt nmos (level=1 vto=    4.944790266264065e-01     kp=    2 ...
unrecognized parameter (tcv) - ignored
unrecognized parameter (bex) - ignored

Warning: Model issue on line 63 :
  .model pmos_rvt pmos (level=1 vto=   -5.226184768238650e-01     kp=    1 ...
unrecognized parameter (tcv) - ignored
unrecognized parameter (bex) - ignored

Note: Starting dynamic gmin stepping
Note: Dynamic gmin stepping completed
Note: Starting dynamic gmin stepping
Note: Dynamic gmin stepping completed
Warning: Model issue on line 61 :
  .model nmos_rvt nmos (level=1 vto=    4.728218176685138e-01     kp=    2 ...
unrecognized parameter (tcv) - ignored
unrecognized parameter (bex) - ignored

Warning: Model issue on line 63 :
  .model pmos_rvt pmos (level=1 vto=   -5.197710549784965e-01     kp=    1 ...
unrecognized parameter (tcv) - ignored
unrecognized parameter (bex) - ignored

Note: Starting dynamic gmin stepping
Note: Dynamic gmin stepping completed
Note: Starting dynamic gmin stepping
Note: Dynamic gmin stepping completed
Warning: Model issue on line 61 :
  .model nmos_rvt nmos (level=1 vto=    4.833658091322051e-01     kp=    2 ...
unrecognized parameter (tcv) - ignored
unrecognized parameter (bex) - ignored

Warning: Model issue on line 63 :
  .model pmos_rvt pmos (level=1 vto=   -5.037151017511582e-01     kp=    9 ...
unrecognized parameter (tcv) - ignored
unrecognized parameter (bex) - ignored

Note: Starting dynamic gmin stepping
Note: Dynamic gmin stepping completed
Note: Starting dynamic gmin stepping
Note: Dynamic gmin stepping completed
Warning: Model issue on line 61 :
  .model nmos_rvt nmos (level=1 vto=    4.944183534276332e-01     kp=    2 ...
unrecognized parameter (tcv) - ignored
unrecognized parameter (bex) - ignored

Warning: Model issue on line 63 :
  .model pmos_rvt pmos (level=1 vto=   -4.902753580818138e-01     kp=    1 ...
unrecognized parameter (tcv) - ignored
unrecognized parameter (bex) - ignored

Note: Starting dynamic gmin stepping
Note: Dynamic gmin stepping completed
Note: Starting dynamic gmin stepping
Note: Dynamic gmin stepping completed
Warning: Model issue on line 61 :
  .model nmos_rvt nmos (level=1 vto=    5.034748076803731e-01     kp=    1 ...
unrecognized parameter (tcv) - ignored
unrecognized parameter (bex) - ignored

Warning: Model issue on line 63 :
  .model pmos_rvt pmos (level=1 vto=   -5.224105447825211e-01     kp=    1 ...
unrecognized parameter (tcv) - ignored
unrecognized parameter (bex) - ignored

Note: Starting dynamic gmin stepping
Note: Dynamic gmin stepping completed
Note: Starting dynamic gmin stepping
Note: Dynamic gmin stepping completed
Warning: Model issue on line 61 :
  .model nmos_rvt nmos (level=1 vto=    5.036502869495451e-01     kp=    2 ...
unrecognized parameter (tcv) - ignored
unrecognized parameter (bex) - ignored

Warning: Model issue on line 63 :
  .model pmos_rvt pmos (level=1 vto=   -4.769124419687702e-01     kp=    9 ...
unrecognized parameter (tcv) - ignored
unrecognized parameter (bex) - ignored

Note: Starting dynamic gmin stepping
Note: Dynamic gmin stepping completed
Note: Starting dynamic gmin stepping
Note: Dynamic gmin stepping completed
Warning: Model issue on line 61 :
  .model nmos_rvt nmos (level=1 vto=    5.076389941708863e-01     kp=    2 ...
unrecognized parameter (tcv) - ignored
unrecognized parameter (bex) - ignored

Warning: Model issue on line 63 :
  .model pmos_rvt pmos (level=1 vto=   -5.449776706036398e-01     kp=    1 ...
unrecognized parameter (tcv) - ignored
unrecognized parameter (bex) - ignored

Note: Starting dynamic gmin stepping
Note: Dynamic gmin stepping completed
Note: Starting dynamic gmin stepping
Note: Dynamic gmin stepping completed
Warning: Model issue on line 61 :
  .model nmos_rvt nmos (level=1 vto=    4.873207510697924e-01     kp=    2 ...
unrecognized parameter (tcv) - ignored
unrecognized parameter (bex) - ignored

Warning: Model issue on line 63 :
  .model pmos_rvt pmos (level=1 vto=   -5.380371779218830e-01     kp=    1 ...
unrecognized parameter (tcv) - ignored
unrecognized parameter (bex) - ignored

Note: Starting dynamic gmin stepping
Note: Dynamic gmin stepping completed
Note: Starting dynamic gmin stepping
Note: Dynamic gmin stepping completed
Warning: Model issue on line 61 :
  .model nmos_rvt nmos (level=1 vto=    4.834483778155332e-01     kp=    2 ...
unrecognized parameter (tcv) - ignored
unrecognized parameter (bex) - ignored

Warning: Model issue on line 63 :
  .model pmos_rvt pmos (level=1 vto=   -5.134526660616074e-01     kp=    1 ...
unrecognized parameter (tcv) - ignored
unrecognized parameter (bex) - ignored

Note: Starting dynamic gmin stepping
Note: Dynamic gmin stepping completed
Note: Starting dynamic gmin stepping
Note: Dynamic gmin stepping completed
Warning: Model issue on line 61 :
  .model nmos_rvt nmos (level=1 vto=    5.203676953546010e-01     kp=    2 ...
unrecognized parameter (tcv) - ignored
unrecognized parameter (bex) - ignored

Warning: Model issue on line 63 :
  .model pmos_rvt pmos (level=1 vto=   -5.304007221647317e-01     kp=    1 ...
unrecognized parameter (tcv) - ignored
unrecognized parameter (bex) - ignored

Note: Starting dynamic gmin stepping
Note: Dynamic gmin stepping completed
Note: Starting dynamic gmin stepping
Note: Dynamic gmin stepping completed
Warning: Model issue on line 61 :
  .model nmos_rvt nmos (level=1 vto=    5.038913937978996e-01     kp=    2 ...
unrecognized parameter (tcv) - ignored
unrecognized parameter (bex) - ignored

Warning: Model issue on line 63 :
  .model pmos_rvt pmos (level=1 vto=   -5.082117060579618e-01     kp=    1 ...
unrecognized parameter (tcv) - ignored
unrecognized parameter (bex) - ignored

Note: Starting dynamic gmin stepping
Note: Dynamic gmin stepping completed
Note: Starting dynamic gmin stepping
Note: Dynamic gmin stepping completed
Warning: Model issue on line 61 :
  .model nmos_rvt nmos (level=1 vto=    4.783714255112786e-01     kp=    2 ...
unrecognized parameter (tcv) - ignored
unrecognized parameter (bex) - ignored

Warning: Model issue on line 63 :
  .model pmos_rvt pmos (level=1 vto=   -4.994734478117714e-01     kp=    8 ...
unrecognized parameter (tcv) - ignored
unrecognized parameter (bex) - ignored

Note: Starting dynamic gmin stepping
Note: Dynamic gmin stepping completed
Note: Starting dynamic gmin stepping
Note: Dynamic gmin stepping completed
Warning: Model issue on line 61 :
  .model nmos_rvt nmos (level=1 vto=    4.970351372255752e-01     kp=    2 ...
unrecognized parameter (tcv) - ignored
unrecognized parameter (bex) - ignored

Warning: Model issue on line 63 :
  .model pmos_rvt pmos (level=1 vto=   -5.211249671191992e-01     kp=    1 ...
unrecognized parameter (tcv) - ignored
unrecognized parameter (bex) - ignored

Note: Starting dynamic gmin stepping
Note: Dynamic gmin stepping completed
Note: Starting dynamic gmin stepping
Note: Dynamic gmin stepping completed
Warning: Model issue on line 61 :
  .model nmos_rvt nmos (level=1 vto=    5.116838702339521e-01     kp=    1 ...
unrecognized parameter (tcv) - ignored
unrecognized parameter (bex) - ignored

Warning: Model issue on line 63 :
  .model pmos_rvt pmos (level=1 vto=   -5.025664491614331e-01     kp=    8 ...
unrecognized parameter (tcv) - ignored
unrecognized parameter (bex) - ignored

Note: Starting dynamic gmin stepping
Note: Dynamic gmin stepping completed
Note: Starting dynamic gmin stepping
Note: Dynamic gmin stepping completed
Warning: Model issue on line 61 :
  .model nmos_rvt nmos (level=1 vto=    4.890787241940139e-01     kp=    1 ...
unrecognized parameter (tcv) - ignored
unrecognized parameter (bex) - ignored

Warning: Model issue on line 63 :
  .model pmos_rvt pmos (level=1 vto=   -4.779402701400919e-01     kp=    1 ...
unrecognized parameter (tcv) - ignored
unrecognized parameter (bex) - ignored

Note: Starting dynamic gmin stepping
Note: Dynamic gmin stepping completed
Note: Starting dynamic gmin stepping
Note: Dynamic gmin stepping completed
Warning: Model issue on line 61 :
  .model nmos_rvt nmos (level=1 vto=    4.895382216774716e-01     kp=    2 ...
unrecognized parameter (tcv) - ignored
unrecognized parameter (bex) - ignored

Warning: Model issue on line 63 :
  .model pmos_rvt pmos (level=1 vto=   -4.945533958446807e-01     kp=    9 ...
unrecognized parameter (tcv) - ignored
unrecognized parameter (bex) - ignored

Note: Starting dynamic gmin stepping
Note: Dynamic gmin stepping completed
Note: Starting dynamic gmin stepping
Note: Dynamic gmin stepping completed
Warning: Model issue on line 61 :
  .model nmos_rvt nmos (level=1 vto=    5.163620780528521e-01     kp=    1 ...
unrecognized parameter (tcv) - ignored
unrecognized parameter (bex) - ignored

Warning: Model issue on line 63 :
  .model pmos_rvt pmos (level=1 vto=   -5.012282603775710e-01     kp=    1 ...
unrecognized parameter (tcv) - ignored
unrecognized parameter (bex) - ignored

Note: Starting dynamic gmin stepping
Note: Dynamic gmin stepping completed
Note: Starting dynamic gmin stepping
Note: Dynamic gmin stepping completed
Warning: Model issue on line 61 :
  .model nmos_rvt nmos (level=1 vto=    5.065424079678724e-01     kp=    2 ...
unrecognized parameter (tcv) - ignored
unrecognized parameter (bex) - ignored

Warning: Model issue on line 63 :
  .model pmos_rvt pmos (level=1 vto=   -4.509415707631285e-01     kp=    9 ...
unrecognized parameter (tcv) - ignored
unrecognized parameter (bex) - ignored

Note: Starting dynamic gmin stepping
Note: Dynamic gmin stepping completed
Note: Starting dynamic gmin stepping
Note: Dynamic gmin stepping completed
Warning: Model issue on line 61 :
  .model nmos_rvt nmos (level=1 vto=    5.265452173717916e-01     kp=    1 ...
unrecognized parameter (tcv) - ignored
unrecognized parameter (bex) - ignored

Warning: Model issue on line 63 :
  .model pmos_rvt pmos (level=1 vto=   -4.803879038126054e-01     kp=    1 ...
unrecognized parameter (tcv) - ignored
unrecognized parameter (bex) - ignored

Note: Starting dynamic gmin stepping
Note: Dynamic gmin stepping completed
Note: Starting dynamic gmin stepping
Note: Dynamic gmin stepping completed
Warning: Model issue on line 61 :
  .model nmos_rvt nmos (level=1 vto=    4.931619622973524e-01     kp=    2 ...
unrecognized parameter (tcv) - ignored
unrecognized parameter (bex) - ignored

Warning: Model issue on line 63 :
  .model pmos_rvt pmos (level=1 vto=   -5.116690953182886e-01     kp=    1 ...
unrecognized parameter (tcv) - ignored
unrecognized parameter (bex) - ignored

Note: Starting dynamic gmin stepping
Note: Dynamic gmin stepping completed
Note: Starting dynamic gmin stepping
Note: Dynamic gmin stepping completed
Warning: Model issue on line 61 :
  .model nmos_rvt nmos (level=1 vto=    5.248629762685240e-01     kp=    2 ...
unrecognized parameter (tcv) - ignored
unrecognized parameter (bex) - ignored

Warning: Model issue on line 63 :
  .model pmos_rvt pmos (level=1 vto=   -5.412255378160897e-01     kp=    1 ...
unrecognized parameter (tcv) - ignored
unrecognized parameter (bex) - ignored

Note: Starting dynamic gmin stepping
Note: Dynamic gmin stepping completed
Note: Starting dynamic gmin stepping
Note: Dynamic gmin stepping completed
Warning: Model issue on line 61 :
  .model nmos_rvt nmos (level=1 vto=    5.020816330887848e-01     kp=    2 ...
unrecognized parameter (tcv) - ignored
unrecognized parameter (bex) - ignored

Warning: Model issue on line 63 :
  .model pmos_rvt pmos (level=1 vto=   -4.824285307264261e-01     kp=    1 ...
unrecognized parameter (tcv) - ignored
unrecognized parameter (bex) - ignored

Note: Starting dynamic gmin stepping
Note: Dynamic gmin stepping completed
Note: Starting dynamic gmin stepping
Note: Dynamic gmin stepping completed
Warning: Model issue on line 61 :
  .model nmos_rvt nmos (level=1 vto=    5.188392727223254e-01     kp=    2 ...
unrecognized parameter (tcv) - ignored
unrecognized parameter (bex) - ignored

Warning: Model issue on line 63 :
  .model pmos_rvt pmos (level=1 vto=   -5.129657092709718e-01     kp=    1 ...
unrecognized parameter (tcv) - ignored
unrecognized parameter (bex) - ignored

Note: Starting dynamic gmin stepping
Note: Dynamic gmin stepping completed
Note: Starting dynamic gmin stepping
Note: Dynamic gmin stepping completed
Warning: Model issue on line 61 :
  .model nmos_rvt nmos (level=1 vto=    4.820628300435690e-01     kp=    2 ...
unrecognized parameter (tcv) - ignored
unrecognized parameter (bex) - ignored

Warning: Model issue on line 63 :
  .model pmos_rvt pmos (level=1 vto=   -5.447150226644807e-01     kp=    9 ...
unrecognized parameter (tcv) - ignored
unrecognized parameter (bex) - ignored

Note: Starting dynamic gmin stepping
Note: Dynamic gmin stepping completed
Note: Starting dynamic gmin stepping
Note: Dynamic gmin stepping completed
Warning: Model issue on line 61 :
  .model nmos_rvt nmos (level=1 vto=    4.865138344510165e-01     kp=    2 ...
unrecognized parameter (tcv) - ignored
unrecognized parameter (bex) - ignored

Warning: Model issue on line 63 :
  .model pmos_rvt pmos (level=1 vto=   -4.824645876999472e-01     kp=    1 ...
unrecognized parameter (tcv) - ignored
unrecognized parameter (bex) - ignored

Note: Starting dynamic gmin stepping
Note: Dynamic gmin stepping completed
Note: Starting dynamic gmin stepping
Note: Dynamic gmin stepping completed
Warning: Model issue on line 61 :
  .model nmos_rvt nmos (level=1 vto=    4.880160618373725e-01     kp=    1 ...
unrecognized parameter (tcv) - ignored
unrecognized parameter (bex) - ignored

Warning: Model issue on line 63 :
  .model pmos_rvt pmos (level=1 vto=   -5.148858087806228e-01     kp=    1 ...
unrecognized parameter (tcv) - ignored
unrecognized parameter (bex) - ignored

Note: Starting dynamic gmin stepping
Note: Dynamic gmin stepping completed
Note: Starting dynamic gmin stepping
Note: Dynamic gmin stepping completed
Warning: Model issue on line 61 :
  .model nmos_rvt nmos (level=1 vto=    5.095226115325772e-01     kp=    1 ...
unrecognized parameter (tcv) - ignored
unrecognized parameter (bex) - ignored

Warning: Model issue on line 63 :
  .model pmos_rvt pmos (level=1 vto=   -4.866912631258019e-01     kp=    9 ...
unrecognized parameter (tcv) - ignored
unrecognized parameter (bex) - ignored

Note: Starting dynamic gmin stepping
Note: Dynamic gmin stepping completed
Note: Starting dynamic gmin stepping
Note: Dynamic gmin stepping completed
Warning: Model issue on line 61 :
  .model nmos_rvt nmos (level=1 vto=    4.839158906675605e-01     kp=    1 ...
unrecognized parameter (tcv) - ignored
unrecognized parameter (bex) - ignored

Warning: Model issue on line 63 :
  .model pmos_rvt pmos (level=1 vto=   -4.754355722985389e-01     kp=    1 ...
unrecognized parameter (tcv) - ignored
unrecognized parameter (bex) - ignored

Note: Starting dynamic gmin stepping
Note: Dynamic gmin stepping completed
Note: Starting dynamic gmin stepping
Note: Dynamic gmin stepping completed
Warning: Model issue on line 61 :
  .model nmos_rvt nmos (level=1 vto=    4.821266289449507e-01     kp=    1 ...
unrecognized parameter (tcv) - ignored
unrecognized parameter (bex) - ignored

Warning: Model issue on line 63 :
  .model pmos_rvt pmos (level=1 vto=   -4.819518309176349e-01     kp=    9 ...
unrecognized parameter (tcv) - ignored
unrecognized parameter (bex) - ignored

Note: Starting dynamic gmin stepping
Note: Dynamic gmin stepping completed
Note: Starting dynamic gmin stepping
Note: Dynamic gmin stepping completed
Warning: Model issue on line 61 :
  .model nmos_rvt nmos (level=1 vto=    5.117414314893298e-01     kp=    2 ...
unrecognized parameter (tcv) - ignored
unrecognized parameter (bex) - ignored

Warning: Model issue on line 63 :
  .model pmos_rvt pmos (level=1 vto=   -5.218480614104699e-01     kp=    1 ...
unrecognized parameter (tcv) - ignored
unrecognized parameter (bex) - ignored

Note: Starting dynamic gmin stepping
Note: Dynamic gmin stepping completed
Note: Starting dynamic gmin stepping
Note: Dynamic gmin stepping completed
Warning: Model issue on line 61 :
  .model nmos_rvt nmos (level=1 vto=    5.377018280896908e-01     kp=    1 ...
unrecognized parameter (tcv) - ignored
unrecognized parameter (bex) - ignored

Warning: Model issue on line 63 :
  .model pmos_rvt pmos (level=1 vto=   -4.823644325976330e-01     kp=    1 ...
unrecognized parameter (tcv) - ignored
unrecognized parameter (bex) - ignored

Note: Starting dynamic gmin stepping
Note: Dynamic gmin stepping completed
Note: Starting dynamic gmin stepping
Note: Dynamic gmin stepping completed
Warning: Model issue on line 61 :
  .model nmos_rvt nmos (level=1 vto=    5.004488673195090e-01     kp=    1 ...
unrecognized parameter (tcv) - ignored
unrecognized parameter (bex) - ignored

Warning: Model issue on line 63 :
  .model pmos_rvt pmos (level=1 vto=   -4.884870820950729e-01     kp=    9 ...
unrecognized parameter (tcv) - ignored
unrecognized parameter (bex) - ignored

Note: Starting dynamic gmin stepping
Note: Dynamic gmin stepping completed
Note: Starting dynamic gmin stepping
Note: Dynamic gmin stepping completed
Warning: Model issue on line 61 :
  .model nmos_rvt nmos (level=1 vto=    4.650266662137981e-01     kp=    2 ...
unrecognized parameter (tcv) - ignored
unrecognized parameter (bex) - ignored

Warning: Model issue on line 63 :
  .model pmos_rvt pmos (level=1 vto=   -5.050019301569039e-01     kp=    1 ...
unrecognized parameter (tcv) - ignored
unrecognized parameter (bex) - ignored

Note: Starting dynamic gmin stepping
Note: Dynamic gmin stepping completed
Note: Starting dynamic gmin stepping
Note: Dynamic gmin stepping completed
Warning: Model issue on line 61 :
  .model nmos_rvt nmos (level=1 vto=    5.029552447067374e-01     kp=    2 ...
unrecognized parameter (tcv) - ignored
unrecognized parameter (bex) - ignored

Warning: Model issue on line 63 :
  .model pmos_rvt pmos (level=1 vto=   -4.667715329688952e-01     kp=    1 ...
unrecognized parameter (tcv) - ignored
unrecognized parameter (bex) - ignored

Note: Starting dynamic gmin stepping
Note: Dynamic gmin stepping completed
Note: Starting dynamic gmin stepping
Note: Dynamic gmin stepping completed
Warning: Model issue on line 61 :
  .model nmos_rvt nmos (level=1 vto=    4.972809795328879e-01     kp=    2 ...
unrecognized parameter (tcv) - ignored
unrecognized parameter (bex) - ignored

Warning: Model issue on line 63 :
  .model pmos_rvt pmos (level=1 vto=   -4.904858581167434e-01     kp=    1 ...
unrecognized parameter (tcv) - ignored
unrecognized parameter (bex) - ignored

Note: Starting dynamic gmin stepping
Note: Dynamic gmin stepping completed
Note: Starting dynamic gmin stepping
Note: Dynamic gmin stepping completed
Warning: Model issue on line 61 :
  .model nmos_rvt nmos (level=1 vto=    4.854581379674790e-01     kp=    2 ...
unrecognized parameter (tcv) - ignored
unrecognized parameter (bex) - ignored

Warning: Model issue on line 63 :
  .model pmos_rvt pmos (level=1 vto=   -4.784678007429370e-01     kp=    1 ...
unrecognized parameter (tcv) - ignored
unrecognized parameter (bex) - ignored

Note: Starting dynamic gmin stepping
Note: Dynamic gmin stepping completed
Note: Starting dynamic gmin stepping
Note: Dynamic gmin stepping completed
Warning: Model issue on line 61 :
  .model nmos_rvt nmos (level=1 vto=    4.734910634190698e-01     kp=    2 ...
unrecognized parameter (tcv) - ignored
unrecognized parameter (bex) - ignored

Warning: Model issue on line 63 :
  .model pmos_rvt pmos (level=1 vto=   -5.086552031080761e-01     kp=    1 ...
unrecognized parameter (tcv) - ignored
unrecognized parameter (bex) - ignored

Note: Starting dynamic gmin stepping
Note: Dynamic gmin stepping completed
Note: Starting dynamic gmin stepping
Note: Dynamic gmin stepping completed
Warning: Model issue on line 61 :
  .model nmos_rvt nmos (level=1 vto=    4.985918510712040e-01     kp=    2 ...
unrecognized parameter (tcv) - ignored
unrecognized parameter (bex) - ignored

Warning: Model issue on line 63 :
  .model pmos_rvt pmos (level=1 vto=   -4.928202542393578e-01     kp=    1 ...
unrecognized parameter (tcv) - ignored
unrecognized parameter (bex) - ignored

Note: Starting dynamic gmin stepping
Note: Dynamic gmin stepping completed
Note: Starting dynamic gmin stepping
Note: Dynamic gmin stepping completed
Warning: Model issue on line 61 :
  .model nmos_rvt nmos (level=1 vto=    5.258817451265044e-01     kp=    2 ...
unrecognized parameter (tcv) - ignored
unrecognized parameter (bex) - ignored

Warning: Model issue on line 63 :
  .model pmos_rvt pmos (level=1 vto=   -4.736526602319427e-01     kp=    9 ...
unrecognized parameter (tcv) - ignored
unrecognized parameter (bex) - ignored

Note: Starting dynamic gmin stepping
Note: Dynamic gmin stepping completed
Note: Starting dynamic gmin stepping
Note: Dynamic gmin stepping completed
Warning: Model issue on line 61 :
  .model nmos_rvt nmos (level=1 vto=    4.924132160770392e-01     kp=    1 ...
unrecognized parameter (tcv) - ignored
unrecognized parameter (bex) - ignored

Warning: Model issue on line 63 :
  .model pmos_rvt pmos (level=1 vto=   -4.818771012936107e-01     kp=    1 ...
unrecognized parameter (tcv) - ignored
unrecognized parameter (bex) - ignored

Note: Starting dynamic gmin stepping
Note: Dynamic gmin stepping completed
Note: Starting dynamic gmin stepping
Note: Dynamic gmin stepping completed
Warning: Model issue on line 61 :
  .model nmos_rvt nmos (level=1 vto=    5.055731875704802e-01     kp=    2 ...
unrecognized parameter (tcv) - ignored
unrecognized parameter (bex) - ignored

Warning: Model issue on line 63 :
  .model pmos_rvt pmos (level=1 vto=   -4.746158765122702e-01     kp=    9 ...
unrecognized parameter (tcv) - ignored
unrecognized parameter (bex) - ignored

Note: Starting dynamic gmin stepping
Note: Dynamic gmin stepping completed
Note: Starting dynamic gmin stepping
Note: Dynamic gmin stepping completed
Warning: Model issue on line 61 :
  .model nmos_rvt nmos (level=1 vto=    5.193254722932753e-01     kp=    1 ...
unrecognized parameter (tcv) - ignored
unrecognized parameter (bex) - ignored

Warning: Model issue on line 63 :
  .model pmos_rvt pmos (level=1 vto=   -4.744596476126872e-01     kp=    1 ...
unrecognized parameter (tcv) - ignored
unrecognized parameter (bex) - ignored

Note: Starting dynamic gmin stepping
Note: Dynamic gmin stepping completed
Note: Starting dynamic gmin stepping
Note: Dynamic gmin stepping completed
Warning: Model issue on line 61 :
  .model nmos_rvt nmos (level=1 vto=    4.944829909279925e-01     kp=    1 ...
unrecognized parameter (tcv) - ignored
unrecognized parameter (bex) - ignored

Warning: Model issue on line 63 :
  .model pmos_rvt pmos (level=1 vto=   -5.104230486732398e-01     kp=    1 ...
unrecognized parameter (tcv) - ignored
unrecognized parameter (bex) - ignored

Note: Starting dynamic gmin stepping
Note: Dynamic gmin stepping completed
Note: Starting dynamic gmin stepping
Note: Dynamic gmin stepping completed
Warning: Model issue on line 61 :
  .model nmos_rvt nmos (level=1 vto=    5.175946002060452e-01     kp=    1 ...
unrecognized parameter (tcv) - ignored
unrecognized parameter (bex) - ignored

Warning: Model issue on line 63 :
  .model pmos_rvt pmos (level=1 vto=   -4.888950321528456e-01     kp=    9 ...
unrecognized parameter (tcv) - ignored
unrecognized parameter (bex) - ignored

Note: Starting dynamic gmin stepping
Note: Dynamic gmin stepping completed
Note: Starting dynamic gmin stepping
Note: Dynamic gmin stepping completed
Warning: Model issue on line 61 :
  .model nmos_rvt nmos (level=1 vto=    4.843055944311538e-01     kp=    2 ...
unrecognized parameter (tcv) - ignored
unrecognized parameter (bex) - ignored

Warning: Model issue on line 63 :
  .model pmos_rvt pmos (level=1 vto=   -4.986724828232688e-01     kp=    9 ...
unrecognized parameter (tcv) - ignored
unrecognized parameter (bex) - ignored

Note: Starting dynamic gmin stepping
Note: Dynamic gmin stepping completed
Note: Starting dynamic gmin stepping
Note: Dynamic gmin stepping completed
Warning: Model issue on line 61 :
  .model nmos_rvt nmos (level=1 vto=    5.125195033560589e-01     kp=    1 ...
unrecognized parameter (tcv) - ignored
unrecognized parameter (bex) - ignored

Warning: Model issue on line 63 :
  .model pmos_rvt pmos (level=1 vto=   -5.114923888351126e-01     kp=    9 ...
unrecognized parameter (tcv) - ignored
unrecognized parameter (bex) - ignored

Note: Starting dynamic gmin stepping
Note: Dynamic gmin stepping completed
Note: Starting dynamic gmin stepping
Note: Dynamic gmin stepping completed
Warning: Model issue on line 61 :
  .model nmos_rvt nmos (level=1 vto=    5.288280822754323e-01     kp=    2 ...
unrecognized parameter (tcv) - ignored
unrecognized parameter (bex) - ignored

Warning: Model issue on line 63 :
  .model pmos_rvt pmos (level=1 vto=   -5.115195824846466e-01     kp=    1 ...
unrecognized parameter (tcv) - ignored
unrecognized parameter (bex) - ignored

Note: Starting dynamic gmin stepping
Note: Dynamic gmin stepping completed
Note: Starting dynamic gmin stepping
Note: Dynamic gmin stepping completed
Warning: Model issue on line 61 :
  .model nmos_rvt nmos (level=1 vto=    5.144422758600781e-01     kp=    2 ...
unrecognized parameter (tcv) - ignored
unrecognized parameter (bex) - ignored

Warning: Model issue on line 63 :
  .model pmos_rvt pmos (level=1 vto=   -5.186990371106021e-01     kp=    1 ...
unrecognized parameter (tcv) - ignored
unrecognized parameter (bex) - ignored

Note: Starting dynamic gmin stepping
Note: Dynamic gmin stepping completed
Note: Starting dynamic gmin stepping
Note: Dynamic gmin stepping completed
Warning: Model issue on line 61 :
  .model nmos_rvt nmos (level=1 vto=    5.421078599208633e-01     kp=    1 ...
unrecognized parameter (tcv) - ignored
unrecognized parameter (bex) - ignored

Warning: Model issue on line 63 :
  .model pmos_rvt pmos (level=1 vto=   -4.941101337393480e-01     kp=    9 ...
unrecognized parameter (tcv) - ignored
unrecognized parameter (bex) - ignored

Note: Starting dynamic gmin stepping
Note: Dynamic gmin stepping completed
Note: Starting dynamic gmin stepping
Note: Dynamic gmin stepping completed
Warning: Model issue on line 61 :
  .model nmos_rvt nmos (level=1 vto=    4.890630767738611e-01     kp=    2 ...
unrecognized parameter (tcv) - ignored
unrecognized parameter (bex) - ignored

Warning: Model issue on line 63 :
  .model pmos_rvt pmos (level=1 vto=   -4.902730576099941e-01     kp=    9 ...
unrecognized parameter (tcv) - ignored
unrecognized parameter (bex) - ignored

Note: Starting dynamic gmin stepping
Note: Dynamic gmin stepping completed
Note: Starting dynamic gmin stepping
Note: Dynamic gmin stepping completed
Warning: Model issue on line 61 :
  .model nmos_rvt nmos (level=1 vto=    4.906285958251861e-01     kp=    1 ...
unrecognized parameter (tcv) - ignored
unrecognized parameter (bex) - ignored

Warning: Model issue on line 63 :
  .model pmos_rvt pmos (level=1 vto=   -4.889033589054946e-01     kp=    9 ...
unrecognized parameter (tcv) - ignored
unrecognized parameter (bex) - ignored

Note: Starting dynamic gmin stepping
Note: Dynamic gmin stepping completed
Note: Starting dynamic gmin stepping
Note: Dynamic gmin stepping completed
Warning: Model issue on line 61 :
  .model nmos_rvt nmos (level=1 vto=    4.945843641972922e-01     kp=    1 ...
unrecognized parameter (tcv) - ignored
unrecognized parameter (bex) - ignored

Warning: Model issue on line 63 :
  .model pmos_rvt pmos (level=1 vto=   -5.192731954122620e-01     kp=    9 ...
unrecognized parameter (tcv) - ignored
unrecognized parameter (bex) - ignored

Note: Starting dynamic gmin stepping
Note: Dynamic gmin stepping completed
Note: Starting dynamic gmin stepping
Note: Dynamic gmin stepping completed
Warning: Model issue on line 61 :
  .model nmos_rvt nmos (level=1 vto=    4.807568450827414e-01     kp=    2 ...
unrecognized parameter (tcv) - ignored
unrecognized parameter (bex) - ignored

Warning: Model issue on line 63 :
  .model pmos_rvt pmos (level=1 vto=   -5.291777437147379e-01     kp=    9 ...
unrecognized parameter (tcv) - ignored
unrecognized parameter (bex) - ignored

Note: Starting dynamic gmin stepping
Note: Dynamic gmin stepping completed
Note: Starting dynamic gmin stepping
Note: Dynamic gmin stepping completed
Warning: Model issue on line 61 :
  .model nmos_rvt nmos (level=1 vto=    5.263185107644546e-01     kp=    2 ...
unrecognized parameter (tcv) - ignored
unrecognized parameter (bex) - ignored

Warning: Model issue on line 63 :
  .model pmos_rvt pmos (level=1 vto=   -4.761013920868238e-01     kp=    1 ...
unrecognized parameter (tcv) - ignored
unrecognized parameter (bex) - ignored

Note: Starting dynamic gmin stepping
Note: Dynamic gmin stepping completed
Note: Starting dynamic gmin stepping
Note: Dynamic gmin stepping completed
Warning: Model issue on line 61 :
  .model nmos_rvt nmos (level=1 vto=    5.351125453136426e-01     kp=    2 ...
unrecognized parameter (tcv) - ignored
unrecognized parameter (bex) - ignored

Warning: Model issue on line 63 :
  .model pmos_rvt pmos (level=1 vto=   -5.196984816269011e-01     kp=    9 ...
unrecognized parameter (tcv) - ignored
unrecognized parameter (bex) - ignored

Note: Starting dynamic gmin stepping
Note: Dynamic gmin stepping completed
Note: Starting dynamic gmin stepping
Note: Dynamic gmin stepping completed
Warning: Model issue on line 61 :
  .model nmos_rvt nmos (level=1 vto=    5.150434006394490e-01     kp=    1 ...
unrecognized parameter (tcv) - ignored
unrecognized parameter (bex) - ignored

Warning: Model issue on line 63 :
  .model pmos_rvt pmos (level=1 vto=   -4.702320465042836e-01     kp=    1 ...
unrecognized parameter (tcv) - ignored
unrecognized parameter (bex) - ignored

Note: Starting dynamic gmin stepping
Note: Dynamic gmin stepping completed
Note: Starting dynamic gmin stepping
Note: Dynamic gmin stepping completed
Warning: Model issue on line 61 :
  .model nmos_rvt nmos (level=1 vto=    4.883228621826117e-01     kp=    1 ...
unrecognized parameter (tcv) - ignored
unrecognized parameter (bex) - ignored

Warning: Model issue on line 63 :
  .model pmos_rvt pmos (level=1 vto=   -5.268757789033830e-01     kp=    1 ...
unrecognized parameter (tcv) - ignored
unrecognized parameter (bex) - ignored

Note: Starting dynamic gmin stepping
Note: Dynamic gmin stepping completed
Note: Starting dynamic gmin stepping
Note: Dynamic gmin stepping completed
Warning: Model issue on line 61 :
  .model nmos_rvt nmos (level=1 vto=    4.844077814129713e-01     kp=    2 ...
unrecognized parameter (tcv) - ignored
unrecognized parameter (bex) - ignored

Warning: Model issue on line 63 :
  .model pmos_rvt pmos (level=1 vto=   -5.065964134529686e-01     kp=    9 ...
unrecognized parameter (tcv) - ignored
unrecognized parameter (bex) - ignored

Note: Starting dynamic gmin stepping
Note: Dynamic gmin stepping completed
Note: Starting dynamic gmin stepping
Note: Dynamic gmin stepping completed
Warning: Model issue on line 61 :
  .model nmos_rvt nmos (level=1 vto=    5.219602001691183e-01     kp=    1 ...
unrecognized parameter (tcv) - ignored
unrecognized parameter (bex) - ignored

Warning: Model issue on line 63 :
  .model pmos_rvt pmos (level=1 vto=   -4.674093044105142e-01     kp=    1 ...
unrecognized parameter (tcv) - ignored
unrecognized parameter (bex) - ignored

Note: Starting dynamic gmin stepping
Note: Dynamic gmin stepping completed
Note: Starting dynamic gmin stepping
Note: Dynamic gmin stepping completed
Warning: Model issue on line 61 :
  .model nmos_rvt nmos (level=1 vto=    5.277970935180222e-01     kp=    2 ...
unrecognized parameter (tcv) - ignored
unrecognized parameter (bex) - ignored

Warning: Model issue on line 63 :
  .model pmos_rvt pmos (level=1 vto=   -5.120726744824382e-01     kp=    1 ...
unrecognized parameter (tcv) - ignored
unrecognized parameter (bex) - ignored

Note: Starting dynamic gmin stepping
Note: Dynamic gmin stepping completed
Note: Starting dynamic gmin stepping
Note: Dynamic gmin stepping completed
Warning: Model issue on line 61 :
  .model nmos_rvt nmos (level=1 vto=    4.987534531436879e-01     kp=    2 ...
unrecognized parameter (tcv) - ignored
unrecognized parameter (bex) - ignored

Warning: Model issue on line 63 :
  .model pmos_rvt pmos (level=1 vto=   -4.955030599913497e-01     kp=    1 ...
unrecognized parameter (tcv) - ignored
unrecognized parameter (bex) - ignored

Note: Starting dynamic gmin stepping
Note: Dynamic gmin stepping completed
Note: Starting dynamic gmin stepping
Note: Dynamic gmin stepping completed
Warning: Model issue on line 61 :
  .model nmos_rvt nmos (level=1 vto=    4.864564745168289e-01     kp=    1 ...
unrecognized parameter (tcv) - ignored
unrecognized parameter (bex) - ignored

Warning: Model issue on line 63 :
  .model pmos_rvt pmos (level=1 vto=   -5.342275785639423e-01     kp=    1 ...
unrecognized parameter (tcv) - ignored
unrecognized parameter (bex) - ignored

Note: Starting dynamic gmin stepping
Note: Dynamic gmin stepping completed
Note: Starting dynamic gmin stepping
Note: Dynamic gmin stepping completed
Warning: Model issue on line 61 :
  .model nmos_rvt nmos (level=1 vto=    4.982009161719920e-01     kp=    1 ...
unrecognized parameter (tcv) - ignored
unrecognized parameter (bex) - ignored

Warning: Model issue on line 63 :
  .model pmos_rvt pmos (level=1 vto=   -5.152644967549466e-01     kp=    1 ...
unrecognized parameter (tcv) - ignored
unrecognized parameter (bex) - ignored

Note: Starting dynamic gmin stepping
Note: Dynamic gmin stepping completed
Note: Starting dynamic gmin stepping
Note: Dynamic gmin stepping completed
Warning: Model issue on line 61 :
  .model nmos_rvt nmos (level=1 vto=    4.501935072482547e-01     kp=    2 ...
unrecognized parameter (tcv) - ignored
unrecognized parameter (bex) - ignored

Warning: Model issue on line 63 :
  .model pmos_rvt pmos (level=1 vto=   -4.752915940181589e-01     kp=    1 ...
unrecognized parameter (tcv) - ignored
unrecognized parameter (bex) - ignored

Note: Starting dynamic gmin stepping
Note: Dynamic gmin stepping completed
Note: Starting dynamic gmin stepping
Note: Dynamic gmin stepping completed
Warning: Model issue on line 61 :
  .model nmos_rvt nmos (level=1 vto=    5.200206132881235e-01     kp=    1 ...
unrecognized parameter (tcv) - ignored
unrecognized parameter (bex) - ignored

Warning: Model issue on line 63 :
  .model pmos_rvt pmos (level=1 vto=   -4.697720312503105e-01     kp=    9 ...
unrecognized parameter (tcv) - ignored
unrecognized parameter (bex) - ignored

Note: Starting dynamic gmin stepping
Note: Dynamic gmin stepping completed
Note: Starting dynamic gmin stepping
Note: Dynamic gmin stepping completed
Warning: Model issue on line 61 :
  .model nmos_rvt nmos (level=1 vto=    4.885908352622073e-01     kp=    2 ...
unrecognized parameter (tcv) - ignored
unrecognized parameter (bex) - ignored

Warning: Model issue on line 63 :
  .model pmos_rvt pmos (level=1 vto=   -4.813895893674249e-01     kp=    1 ...
unrecognized parameter (tcv) - ignored
unrecognized parameter (bex) - ignored

Note: Starting dynamic gmin stepping
Note: Dynamic gmin stepping completed
Note: Starting dynamic gmin stepping
Note: Dynamic gmin stepping completed
Warning: Model issue on line 61 :
  .model nmos_rvt nmos (level=1 vto=    4.992367901007048e-01     kp=    1 ...
unrecognized parameter (tcv) - ignored
unrecognized parameter (bex) - ignored

Warning: Model issue on line 63 :
  .model pmos_rvt pmos (level=1 vto=   -4.609658266928264e-01     kp=    1 ...
unrecognized parameter (tcv) - ignored
unrecognized parameter (bex) - ignored

Note: Starting dynamic gmin stepping
Note: Dynamic gmin stepping completed
Note: Starting dynamic gmin stepping
Note: Dynamic gmin stepping completed
Warning: Model issue on line 61 :
  .model nmos_rvt nmos (level=1 vto=    5.264013100791531e-01     kp=    2 ...
unrecognized parameter (tcv) - ignored
unrecognized parameter (bex) - ignored

Warning: Model issue on line 63 :
  .model pmos_rvt pmos (level=1 vto=   -4.805843411090465e-01     kp=    1 ...
unrecognized parameter (tcv) - ignored
unrecognized parameter (bex) - ignored

Note: Starting dynamic gmin stepping
Note: Dynamic gmin stepping completed
Note: Starting dynamic gmin stepping
Note: Dynamic gmin stepping completed
Warning: Model issue on line 61 :
  .model nmos_rvt nmos (level=1 vto=    5.229462043827611e-01     kp=    2 ...
unrecognized parameter (tcv) - ignored
unrecognized parameter (bex) - ignored

Warning: Model issue on line 63 :
  .model pmos_rvt pmos (level=1 vto=   -4.913197322792812e-01     kp=    1 ...
unrecognized parameter (tcv) - ignored
unrecognized parameter (bex) - ignored

Note: Starting dynamic gmin stepping
Note: Dynamic gmin stepping completed
Note: Starting dynamic gmin stepping
Note: Dynamic gmin stepping completed
Warning: Model issue on line 61 :
  .model nmos_rvt nmos (level=1 vto=    4.888603256217578e-01     kp=    1 ...
unrecognized parameter (tcv) - ignored
unrecognized parameter (bex) - ignored

Warning: Model issue on line 63 :
  .model pmos_rvt pmos (level=1 vto=   -4.692826559809772e-01     kp=    9 ...
unrecognized parameter (tcv) - ignored
unrecognized parameter (bex) - ignored

Note: Starting dynamic gmin stepping
Note: Dynamic gmin stepping completed
Note: Starting dynamic gmin stepping
Note: Dynamic gmin stepping completed
Warning: Model issue on line 61 :
  .model nmos_rvt nmos (level=1 vto=    5.096085902529608e-01     kp=    1 ...
unrecognized parameter (tcv) - ignored
unrecognized parameter (bex) - ignored

Warning: Model issue on line 63 :
  .model pmos_rvt pmos (level=1 vto=   -4.926168956122741e-01     kp=    1 ...
unrecognized parameter (tcv) - ignored
unrecognized parameter (bex) - ignored

Note: Starting dynamic gmin stepping
Note: Dynamic gmin stepping completed
Note: Starting dynamic gmin stepping
Note: Dynamic gmin stepping completed
Warning: Model issue on line 61 :
  .model nmos_rvt nmos (level=1 vto=    5.254283858269971e-01     kp=    1 ...
unrecognized parameter (tcv) - ignored
unrecognized parameter (bex) - ignored

Warning: Model issue on line 63 :
  .model pmos_rvt pmos (level=1 vto=   -4.610438843218587e-01     kp=    1 ...
unrecognized parameter (tcv) - ignored
unrecognized parameter (bex) - ignored

Note: Starting dynamic gmin stepping
Note: Dynamic gmin stepping completed
Note: Starting dynamic gmin stepping
Note: Dynamic gmin stepping completed
Warning: Model issue on line 61 :
  .model nmos_rvt nmos (level=1 vto=    4.766444925918260e-01     kp=    2 ...
unrecognized parameter (tcv) - ignored
unrecognized parameter (bex) - ignored

Warning: Model issue on line 63 :
  .model pmos_rvt pmos (level=1 vto=   -5.108961690081072e-01     kp=    1 ...
unrecognized parameter (tcv) - ignored
unrecognized parameter (bex) - ignored

Note: Starting dynamic gmin stepping
Note: Dynamic gmin stepping completed
Note: Starting dynamic gmin stepping
Note: Dynamic gmin stepping completed
Warning: Model issue on line 61 :
  .model nmos_rvt nmos (level=1 vto=    5.028326813628979e-01     kp=    1 ...
unrecognized parameter (tcv) - ignored
unrecognized parameter (bex) - ignored

Warning: Model issue on line 63 :
  .model pmos_rvt pmos (level=1 vto=   -4.990186601397293e-01     kp=    9 ...
unrecognized parameter (tcv) - ignored
unrecognized parameter (bex) - ignored

Note: Starting dynamic gmin stepping
Note: Dynamic gmin stepping completed
Note: Starting dynamic gmin stepping
Note: Dynamic gmin stepping completed
Warning: Model issue on line 61 :
  .model nmos_rvt nmos (level=1 vto=    4.902864575239865e-01     kp=    1 ...
unrecognized parameter (tcv) - ignored
unrecognized parameter (bex) - ignored

Warning: Model issue on line 63 :
  .model pmos_rvt pmos (level=1 vto=   -4.857924184751538e-01     kp=    9 ...
unrecognized parameter (tcv) - ignored
unrecognized parameter (bex) - ignored

Note: Starting dynamic gmin stepping
Note: Dynamic gmin stepping completed
Note: Starting dynamic gmin stepping
Note: Dynamic gmin stepping completed
Warning: Model issue on line 61 :
  .model nmos_rvt nmos (level=1 vto=    4.855074323863333e-01     kp=    1 ...
unrecognized parameter (tcv) - ignored
unrecognized parameter (bex) - ignored

Warning: Model issue on line 63 :
  .model pmos_rvt pmos (level=1 vto=   -4.885293327429567e-01     kp=    9 ...
unrecognized parameter (tcv) - ignored
unrecognized parameter (bex) - ignored

Note: Starting dynamic gmin stepping
Note: Dynamic gmin stepping completed
Note: Starting dynamic gmin stepping
Note: Dynamic gmin stepping completed
Warning: Model issue on line 61 :
  .model nmos_rvt nmos (level=1 vto=    5.184449426329625e-01     kp=    1 ...
unrecognized parameter (tcv) - ignored
unrecognized parameter (bex) - ignored

Warning: Model issue on line 63 :
  .model pmos_rvt pmos (level=1 vto=   -4.917685843030373e-01     kp=    9 ...
unrecognized parameter (tcv) - ignored
unrecognized parameter (bex) - ignored

Note: Starting dynamic gmin stepping
Note: Dynamic gmin stepping completed
Note: Starting dynamic gmin stepping
Note: Dynamic gmin stepping completed
Warning: Model issue on line 61 :
  .model nmos_rvt nmos (level=1 vto=    4.650974496817749e-01     kp=    2 ...
unrecognized parameter (tcv) - ignored
unrecognized parameter (bex) - ignored

Warning: Model issue on line 63 :
  .model pmos_rvt pmos (level=1 vto=   -4.474034615713093e-01     kp=    9 ...
unrecognized parameter (tcv) - ignored
unrecognized parameter (bex) - ignored

Note: Starting dynamic gmin stepping
Note: Dynamic gmin stepping completed
Note: Starting dynamic gmin stepping
Note: Dynamic gmin stepping completed
Warning: Model issue on line 61 :
  .model nmos_rvt nmos (level=1 vto=    4.840570443597574e-01     kp=    2 ...
unrecognized parameter (tcv) - ignored
unrecognized parameter (bex) - ignored

Warning: Model issue on line 63 :
  .model pmos_rvt pmos (level=1 vto=   -4.923624539078553e-01     kp=    1 ...
unrecognized parameter (tcv) - ignored
unrecognized parameter (bex) - ignored

Note: Starting dynamic gmin stepping
Note: Dynamic gmin stepping completed
Note: Starting dynamic gmin stepping
Note: Dynamic gmin stepping completed
Warning: Model issue on line 61 :
  .model nmos_rvt nmos (level=1 vto=    4.997412476516258e-01     kp=    1 ...
unrecognized parameter (tcv) - ignored
unrecognized parameter (bex) - ignored

Warning: Model issue on line 63 :
  .model pmos_rvt pmos (level=1 vto=   -5.255954730424318e-01     kp=    9 ...
unrecognized parameter (tcv) - ignored
unrecognized parameter (bex) - ignored

Note: Starting dynamic gmin stepping
Note: Dynamic gmin stepping completed
Note: Starting dynamic gmin stepping
Note: Dynamic gmin stepping completed
Warning: Model issue on line 61 :
  .model nmos_rvt nmos (level=1 vto=    4.898193918195544e-01     kp=    1 ...
unrecognized parameter (tcv) - ignored
unrecognized parameter (bex) - ignored

Warning: Model issue on line 63 :
  .model pmos_rvt pmos (level=1 vto=   -4.933552710705566e-01     kp=    1 ...
unrecognized parameter (tcv) - ignored
unrecognized parameter (bex) - ignored

Note: Starting dynamic gmin stepping
Note: Dynamic gmin stepping completed
Note: Starting dynamic gmin stepping
Note: Dynamic gmin stepping completed
Warning: Model issue on line 61 :
  .model nmos_rvt nmos (level=1 vto=    5.077842940190879e-01     kp=    2 ...
unrecognized parameter (tcv) - ignored
unrecognized parameter (bex) - ignored

Warning: Model issue on line 63 :
  .model pmos_rvt pmos (level=1 vto=   -5.127191465671471e-01     kp=    1 ...
unrecognized parameter (tcv) - ignored
unrecognized parameter (bex) - ignored

Note: Starting dynamic gmin stepping
Note: Dynamic gmin stepping completed
Note: Starting dynamic gmin stepping
Note: Dynamic gmin stepping completed
Warning: Model issue on line 61 :
  .model nmos_rvt nmos (level=1 vto=    4.620578670925475e-01     kp=    2 ...
unrecognized parameter (tcv) - ignored
unrecognized parameter (bex) - ignored

Warning: Model issue on line 63 :
  .model pmos_rvt pmos (level=1 vto=   -4.973340055421206e-01     kp=    1 ...
unrecognized parameter (tcv) - ignored
unrecognized parameter (bex) - ignored

Note: Starting dynamic gmin stepping
Note: Dynamic gmin stepping completed
Note: Starting dynamic gmin stepping
Note: Dynamic gmin stepping completed
Warning: Model issue on line 61 :
  .model nmos_rvt nmos (level=1 vto=    5.017814771701745e-01     kp=    1 ...
unrecognized parameter (tcv) - ignored
unrecognized parameter (bex) - ignored

Warning: Model issue on line 63 :
  .model pmos_rvt pmos (level=1 vto=   -4.824350486379302e-01     kp=    9 ...
unrecognized parameter (tcv) - ignored
unrecognized parameter (bex) - ignored

Note: Starting dynamic gmin stepping
Note: Dynamic gmin stepping completed
Note: Starting dynamic gmin stepping
Note: Dynamic gmin stepping completed
Warning: Model issue on line 61 :
  .model nmos_rvt nmos (level=1 vto=    5.173374334993576e-01     kp=    2 ...
unrecognized parameter (tcv) - ignored
unrecognized parameter (bex) - ignored

Warning: Model issue on line 63 :
  .model pmos_rvt pmos (level=1 vto=   -4.782330560981295e-01     kp=    9 ...
unrecognized parameter (tcv) - ignored
unrecognized parameter (bex) - ignored

Note: Starting dynamic gmin stepping
Note: Dynamic gmin stepping completed
Note: Starting dynamic gmin stepping
Note: Dynamic gmin stepping completed
Warning: Model issue on line 61 :
  .model nmos_rvt nmos (level=1 vto=    5.312400271525616e-01     kp=    2 ...
unrecognized parameter (tcv) - ignored
unrecognized parameter (bex) - ignored

Warning: Model issue on line 63 :
  .model pmos_rvt pmos (level=1 vto=   -5.121106152336123e-01     kp=    1 ...
unrecognized parameter (tcv) - ignored
unrecognized parameter (bex) - ignored

Note: Starting dynamic gmin stepping
Note: Dynamic gmin stepping completed
Note: Starting dynamic gmin stepping
Note: Dynamic gmin stepping completed
Warning: Model issue on line 61 :
  .model nmos_rvt nmos (level=1 vto=    4.891193268050679e-01     kp=    1 ...
unrecognized parameter (tcv) - ignored
unrecognized parameter (bex) - ignored

Warning: Model issue on line 63 :
  .model pmos_rvt pmos (level=1 vto=   -5.091524530436076e-01     kp=    9 ...
unrecognized parameter (tcv) - ignored
unrecognized parameter (bex) - ignored

Note: Starting dynamic gmin stepping
Note: Dynamic gmin stepping completed
Note: Starting dynamic gmin stepping
Note: Dynamic gmin stepping completed
Warning: Model issue on line 61 :
  .model nmos_rvt nmos (level=1 vto=    5.078065558067628e-01     kp=    2 ...
unrecognized parameter (tcv) - ignored
unrecognized parameter (bex) - ignored

Warning: Model issue on line 63 :
  .model pmos_rvt pmos (level=1 vto=   -5.021390044904993e-01     kp=    9 ...
unrecognized parameter (tcv) - ignored
unrecognized parameter (bex) - ignored

Note: Starting dynamic gmin stepping
Note: Dynamic gmin stepping completed
Note: Starting dynamic gmin stepping
Note: Dynamic gmin stepping completed
Warning: Model issue on line 61 :
  .model nmos_rvt nmos (level=1 vto=    5.043950524823081e-01     kp=    1 ...
unrecognized parameter (tcv) - ignored
unrecognized parameter (bex) - ignored

Warning: Model issue on line 63 :
  .model pmos_rvt pmos (level=1 vto=   -4.824703246599849e-01     kp=    1 ...
unrecognized parameter (tcv) - ignored
unrecognized parameter (bex) - ignored

Note: Starting dynamic gmin stepping
Note: Dynamic gmin stepping completed
Note: Starting dynamic gmin stepping
Note: Dynamic gmin stepping completed
Warning: Model issue on line 61 :
  .model nmos_rvt nmos (level=1 vto=    5.043060713422850e-01     kp=    2 ...
unrecognized parameter (tcv) - ignored
unrecognized parameter (bex) - ignored

Warning: Model issue on line 63 :
  .model pmos_rvt pmos (level=1 vto=   -5.242760388760008e-01     kp=    1 ...
unrecognized parameter (tcv) - ignored
unrecognized parameter (bex) - ignored

Note: Starting dynamic gmin stepping
Note: Dynamic gmin stepping completed
Note: Starting dynamic gmin stepping
Note: Dynamic gmin stepping completed
Warning: Model issue on line 61 :
  .model nmos_rvt nmos (level=1 vto=    4.794448027520007e-01     kp=    1 ...
unrecognized parameter (tcv) - ignored
unrecognized parameter (bex) - ignored

Warning: Model issue on line 63 :
  .model pmos_rvt pmos (level=1 vto=   -5.398725818517883e-01     kp=    9 ...
unrecognized parameter (tcv) - ignored
unrecognized parameter (bex) - ignored

Note: Starting dynamic gmin stepping
Note: Dynamic gmin stepping completed
Note: Starting dynamic gmin stepping
Note: Dynamic gmin stepping completed
Warning: Model issue on line 61 :
  .model nmos_rvt nmos (level=1 vto=    5.015458088528614e-01     kp=    1 ...
unrecognized parameter (tcv) - ignored
unrecognized parameter (bex) - ignored

Warning: Model issue on line 63 :
  .model pmos_rvt pmos (level=1 vto=   -4.974306805789465e-01     kp=    9 ...
unrecognized parameter (tcv) - ignored
unrecognized parameter (bex) - ignored

Note: Starting dynamic gmin stepping
Note: Dynamic gmin stepping completed
Note: Starting dynamic gmin stepping
Note: Dynamic gmin stepping completed
Warning: Model issue on line 61 :
  .model nmos_rvt nmos (level=1 vto=    4.996974244837163e-01     kp=    1 ...
unrecognized parameter (tcv) - ignored
unrecognized parameter (bex) - ignored

Warning: Model issue on line 63 :
  .model pmos_rvt pmos (level=1 vto=   -4.895468410080501e-01     kp=    1 ...
unrecognized parameter (tcv) - ignored
unrecognized parameter (bex) - ignored

Note: Starting dynamic gmin stepping
Note: Dynamic gmin stepping completed
Note: Starting dynamic gmin stepping
Note: Dynamic gmin stepping completed
Warning: Model issue on line 61 :
  .model nmos_rvt nmos (level=1 vto=    4.660890916204479e-01     kp=    1 ...
unrecognized parameter (tcv) - ignored
unrecognized parameter (bex) - ignored

Warning: Model issue on line 63 :
  .model pmos_rvt pmos (level=1 vto=   -5.293964440590959e-01     kp=    1 ...
unrecognized parameter (tcv) - ignored
unrecognized parameter (bex) - ignored

Note: Starting dynamic gmin stepping
Note: Dynamic gmin stepping completed
Note: Starting dynamic gmin stepping
Note: Dynamic gmin stepping completed
Warning: Model issue on line 61 :
  .model nmos_rvt nmos (level=1 vto=    5.140971493613119e-01     kp=    1 ...
unrecognized parameter (tcv) - ignored
unrecognized parameter (bex) - ignored

Warning: Model issue on line 63 :
  .model pmos_rvt pmos (level=1 vto=   -4.825218746869252e-01     kp=    1 ...
unrecognized parameter (tcv) - ignored
unrecognized parameter (bex) - ignored

Note: Starting dynamic gmin stepping
Note: Dynamic gmin stepping completed
Note: Starting dynamic gmin stepping
Note: Dynamic gmin stepping completed
Warning: Model issue on line 61 :
  .model nmos_rvt nmos (level=1 vto=    5.056225893745707e-01     kp=    2 ...
unrecognized parameter (tcv) - ignored
unrecognized parameter (bex) - ignored

Warning: Model issue on line 63 :
  .model pmos_rvt pmos (level=1 vto=   -4.734657990407989e-01     kp=    1 ...
unrecognized parameter (tcv) - ignored
unrecognized parameter (bex) - ignored

Note: Starting dynamic gmin stepping
Note: Dynamic gmin stepping completed
Note: Starting dynamic gmin stepping
Note: Dynamic gmin stepping completed
Warning: Model issue on line 61 :
  .model nmos_rvt nmos (level=1 vto=    5.180216577878516e-01     kp=    2 ...
unrecognized parameter (tcv) - ignored
unrecognized parameter (bex) - ignored

Warning: Model issue on line 63 :
  .model pmos_rvt pmos (level=1 vto=   -5.315336344346934e-01     kp=    1 ...
unrecognized parameter (tcv) - ignored
unrecognized parameter (bex) - ignored

Note: Starting dynamic gmin stepping
Note: Dynamic gmin stepping completed
Note: Starting dynamic gmin stepping
Note: Dynamic gmin stepping completed
Warning: Model issue on line 61 :
  .model nmos_rvt nmos (level=1 vto=    4.675860024887934e-01     kp=    2 ...
unrecognized parameter (tcv) - ignored
unrecognized parameter (bex) - ignored

Warning: Model issue on line 63 :
  .model pmos_rvt pmos (level=1 vto=   -5.051774800824378e-01     kp=    1 ...
unrecognized parameter (tcv) - ignored
unrecognized parameter (bex) - ignored

Note: Starting dynamic gmin stepping
Note: Dynamic gmin stepping completed
Note: Starting dynamic gmin stepping
Note: Dynamic gmin stepping completed
Warning: Model issue on line 61 :
  .model nmos_rvt nmos (level=1 vto=    4.800203011059154e-01     kp=    1 ...
unrecognized parameter (tcv) - ignored
unrecognized parameter (bex) - ignored

Warning: Model issue on line 63 :
  .model pmos_rvt pmos (level=1 vto=   -4.744840605178710e-01     kp=    9 ...
unrecognized parameter (tcv) - ignored
unrecognized parameter (bex) - ignored

Note: Starting dynamic gmin stepping
Note: Dynamic gmin stepping completed
Note: Starting dynamic gmin stepping
Note: Dynamic gmin stepping completed
Warning: Model issue on line 61 :
  .model nmos_rvt nmos (level=1 vto=    5.044389423035183e-01     kp=    2 ...
unrecognized parameter (tcv) - ignored
unrecognized parameter (bex) - ignored

Warning: Model issue on line 63 :
  .model pmos_rvt pmos (level=1 vto=   -5.226294605668311e-01     kp=    1 ...
unrecognized parameter (tcv) - ignored
unrecognized parameter (bex) - ignored

Note: Starting dynamic gmin stepping
Note: Dynamic gmin stepping completed
Note: Starting dynamic gmin stepping
Note: Dynamic gmin stepping completed
Warning: Model issue on line 61 :
  .model nmos_rvt nmos (level=1 vto=    4.745896809435886e-01     kp=    2 ...
unrecognized parameter (tcv) - ignored
unrecognized parameter (bex) - ignored

Warning: Model issue on line 63 :
  .model pmos_rvt pmos (level=1 vto=   -4.725878352249469e-01     kp=    1 ...
unrecognized parameter (tcv) - ignored
unrecognized parameter (bex) - ignored

Note: Starting dynamic gmin stepping
Note: Dynamic gmin stepping completed
Note: Starting dynamic gmin stepping
Note: Dynamic gmin stepping completed
Warning: Model issue on line 61 :
  .model nmos_rvt nmos (level=1 vto=    5.221238487994541e-01     kp=    1 ...
unrecognized parameter (tcv) - ignored
unrecognized parameter (bex) - ignored

Warning: Model issue on line 63 :
  .model pmos_rvt pmos (level=1 vto=   -5.291332131714415e-01     kp=    1 ...
unrecognized parameter (tcv) - ignored
unrecognized parameter (bex) - ignored

Note: Starting dynamic gmin stepping
Note: Dynamic gmin stepping completed
Note: Starting dynamic gmin stepping
Note: Dynamic gmin stepping completed
Warning: Model issue on line 61 :
  .model nmos_rvt nmos (level=1 vto=    4.870084918490928e-01     kp=    2 ...
unrecognized parameter (tcv) - ignored
unrecognized parameter (bex) - ignored

Warning: Model issue on line 63 :
  .model pmos_rvt pmos (level=1 vto=   -5.398696351841253e-01     kp=    9 ...
unrecognized parameter (tcv) - ignored
unrecognized parameter (bex) - ignored

Note: Starting dynamic gmin stepping
Note: Dynamic gmin stepping completed
Note: Starting dynamic gmin stepping
Note: Dynamic gmin stepping completed
Warning: Model issue on line 61 :
  .model nmos_rvt nmos (level=1 vto=    4.829961846102248e-01     kp=    1 ...
unrecognized parameter (tcv) - ignored
unrecognized parameter (bex) - ignored

Warning: Model issue on line 63 :
  .model pmos_rvt pmos (level=1 vto=   -5.220018881052471e-01     kp=    1 ...
unrecognized parameter (tcv) - ignored
unrecognized parameter (bex) - ignored

Note: Starting dynamic gmin stepping
Note: Dynamic gmin stepping completed
Note: Starting dynamic gmin stepping
Note: Dynamic gmin stepping completed
Warning: Model issue on line 61 :
  .model nmos_rvt nmos (level=1 vto=    5.068825540519807e-01     kp=    2 ...
unrecognized parameter (tcv) - ignored
unrecognized parameter (bex) - ignored

Warning: Model issue on line 63 :
  .model pmos_rvt pmos (level=1 vto=   -5.105914580989758e-01     kp=    1 ...
unrecognized parameter (tcv) - ignored
unrecognized parameter (bex) - ignored

Note: Starting dynamic gmin stepping
Note: Dynamic gmin stepping completed
Note: Starting dynamic gmin stepping
Note: Dynamic gmin stepping completed
Warning: Model issue on line 61 :
  .model nmos_rvt nmos (level=1 vto=    5.069675898411771e-01     kp=    1 ...
unrecognized parameter (tcv) - ignored
unrecognized parameter (bex) - ignored

Warning: Model issue on line 63 :
  .model pmos_rvt pmos (level=1 vto=   -4.942119098960209e-01     kp=    9 ...
unrecognized parameter (tcv) - ignored
unrecognized parameter (bex) - ignored

Note: Starting dynamic gmin stepping
Note: Dynamic gmin stepping completed
Note: Starting dynamic gmin stepping
Note: Dynamic gmin stepping completed
Warning: Model issue on line 61 :
  .model nmos_rvt nmos (level=1 vto=    5.046039831262744e-01     kp=    2 ...
unrecognized parameter (tcv) - ignored
unrecognized parameter (bex) - ignored

Warning: Model issue on line 63 :
  .model pmos_rvt pmos (level=1 vto=   -5.003702557385146e-01     kp=    9 ...
unrecognized parameter (tcv) - ignored
unrecognized parameter (bex) - ignored

Note: Starting dynamic gmin stepping
Note: Dynamic gmin stepping completed
Note: Starting dynamic gmin stepping
Note: Dynamic gmin stepping completed
Warning: Model issue on line 61 :
  .model nmos_rvt nmos (level=1 vto=    5.208351694442672e-01     kp=    2 ...
unrecognized parameter (tcv) - ignored
unrecognized parameter (bex) - ignored

Warning: Model issue on line 63 :
  .model pmos_rvt pmos (level=1 vto=   -4.800883873607997e-01     kp=    1 ...
unrecognized parameter (tcv) - ignored
unrecognized parameter (bex) - ignored

Note: Starting dynamic gmin stepping
Note: Dynamic gmin stepping completed
Note: Starting dynamic gmin stepping
Note: Dynamic gmin stepping completed
Warning: Model issue on line 61 :
  .model nmos_rvt nmos (level=1 vto=    5.151552936207179e-01     kp=    1 ...
unrecognized parameter (tcv) - ignored
unrecognized parameter (bex) - ignored

Warning: Model issue on line 63 :
  .model pmos_rvt pmos (level=1 vto=   -4.859338852439782e-01     kp=    9 ...
unrecognized parameter (tcv) - ignored
unrecognized parameter (bex) - ignored

Note: Starting dynamic gmin stepping
Note: Dynamic gmin stepping completed
Note: Starting dynamic gmin stepping
Note: Dynamic gmin stepping completed
Warning: Model issue on line 61 :
  .model nmos_rvt nmos (level=1 vto=    5.320478920396188e-01     kp=    2 ...
unrecognized parameter (tcv) - ignored
unrecognized parameter (bex) - ignored

Warning: Model issue on line 63 :
  .model pmos_rvt pmos (level=1 vto=   -5.181108866524708e-01     kp=    9 ...
unrecognized parameter (tcv) - ignored
unrecognized parameter (bex) - ignored

Note: Starting dynamic gmin stepping
Note: Dynamic gmin stepping completed
Note: Starting dynamic gmin stepping
Note: Dynamic gmin stepping completed
Warning: Model issue on line 61 :
  .model nmos_rvt nmos (level=1 vto=    5.142323262655090e-01     kp=    1 ...
unrecognized parameter (tcv) - ignored
unrecognized parameter (bex) - ignored

Warning: Model issue on line 63 :
  .model pmos_rvt pmos (level=1 vto=   -5.119867189661841e-01     kp=    9 ...
unrecognized parameter (tcv) - ignored
unrecognized parameter (bex) - ignored

Note: Starting dynamic gmin stepping
Note: Dynamic gmin stepping completed
Note: Starting dynamic gmin stepping
Note: Dynamic gmin stepping completed
Warning: Model issue on line 61 :
  .model nmos_rvt nmos (level=1 vto=    5.177981215416272e-01     kp=    2 ...
unrecognized parameter (tcv) - ignored
unrecognized parameter (bex) - ignored

Warning: Model issue on line 63 :
  .model pmos_rvt pmos (level=1 vto=   -4.754218368132338e-01     kp=    9 ...
unrecognized parameter (tcv) - ignored
unrecognized parameter (bex) - ignored

Note: Starting dynamic gmin stepping
Note: Dynamic gmin stepping completed
Note: Starting dynamic gmin stepping
Note: Dynamic gmin stepping completed
Warning: Model issue on line 61 :
  .model nmos_rvt nmos (level=1 vto=    5.029982669954450e-01     kp=    1 ...
unrecognized parameter (tcv) - ignored
unrecognized parameter (bex) - ignored

Warning: Model issue on line 63 :
  .model pmos_rvt pmos (level=1 vto=   -4.836856731952909e-01     kp=    9 ...
unrecognized parameter (tcv) - ignored
unrecognized parameter (bex) - ignored

Note: Starting dynamic gmin stepping
Note: Dynamic gmin stepping completed
Note: Starting dynamic gmin stepping
Note: Dynamic gmin stepping completed
Warning: Model issue on line 61 :
  .model nmos_rvt nmos (level=1 vto=    4.927902816333417e-01     kp=    2 ...
unrecognized parameter (tcv) - ignored
unrecognized parameter (bex) - ignored

Warning: Model issue on line 63 :
  .model pmos_rvt pmos (level=1 vto=   -5.039639135730986e-01     kp=    1 ...
unrecognized parameter (tcv) - ignored
unrecognized parameter (bex) - ignored

Note: Starting dynamic gmin stepping
Note: Dynamic gmin stepping completed
Note: Starting dynamic gmin stepping
Note: Dynamic gmin stepping completed
Warning: Model issue on line 61 :
  .model nmos_rvt nmos (level=1 vto=    4.946826296248244e-01     kp=    2 ...
unrecognized parameter (tcv) - ignored
unrecognized parameter (bex) - ignored

Warning: Model issue on line 63 :
  .model pmos_rvt pmos (level=1 vto=   -4.779134811798300e-01     kp=    9 ...
unrecognized parameter (tcv) - ignored
unrecognized parameter (bex) - ignored

Note: Starting dynamic gmin stepping
Note: Dynamic gmin stepping completed
Note: Starting dynamic gmin stepping
Note: Dynamic gmin stepping completed
Warning: Model issue on line 61 :
  .model nmos_rvt nmos (level=1 vto=    5.202335211876694e-01     kp=    2 ...
unrecognized parameter (tcv) - ignored
unrecognized parameter (bex) - ignored

Warning: Model issue on line 63 :
  .model pmos_rvt pmos (level=1 vto=   -4.859002228617135e-01     kp=    1 ...
unrecognized parameter (tcv) - ignored
unrecognized parameter (bex) - ignored

Note: Starting dynamic gmin stepping
Note: Dynamic gmin stepping completed
Note: Starting dynamic gmin stepping
Note: Dynamic gmin stepping completed
Warning: Model issue on line 61 :
  .model nmos_rvt nmos (level=1 vto=    5.027493926714320e-01     kp=    1 ...
unrecognized parameter (tcv) - ignored
unrecognized parameter (bex) - ignored

Warning: Model issue on line 63 :
  .model pmos_rvt pmos (level=1 vto=   -4.924694178964203e-01     kp=    1 ...
unrecognized parameter (tcv) - ignored
unrecognized parameter (bex) - ignored

Note: Starting dynamic gmin stepping
Note: Dynamic gmin stepping completed
Note: Starting dynamic gmin stepping
Note: Dynamic gmin stepping completed
Warning: Model issue on line 61 :
  .model nmos_rvt nmos (level=1 vto=    4.643393721990461e-01     kp=    2 ...
unrecognized parameter (tcv) - ignored
unrecognized parameter (bex) - ignored

Warning: Model issue on line 63 :
  .model pmos_rvt pmos (level=1 vto=   -4.896258280761923e-01     kp=    1 ...
unrecognized parameter (tcv) - ignored
unrecognized parameter (bex) - ignored

Note: Starting dynamic gmin stepping
Note: Dynamic gmin stepping completed
Note: Starting dynamic gmin stepping
Note: Dynamic gmin stepping completed
Warning: Model issue on line 61 :
  .model nmos_rvt nmos (level=1 vto=    5.355353985584629e-01     kp=    2 ...
unrecognized parameter (tcv) - ignored
unrecognized parameter (bex) - ignored

Warning: Model issue on line 63 :
  .model pmos_rvt pmos (level=1 vto=   -5.119104798344626e-01     kp=    1 ...
unrecognized parameter (tcv) - ignored
unrecognized parameter (bex) - ignored

Note: Starting dynamic gmin stepping
Note: Dynamic gmin stepping completed
Note: Starting dynamic gmin stepping
Note: Dynamic gmin stepping completed
Warning: Model issue on line 61 :
  .model nmos_rvt nmos (level=1 vto=    5.131829910176896e-01     kp=    2 ...
unrecognized parameter (tcv) - ignored
unrecognized parameter (bex) - ignored

Warning: Model issue on line 63 :
  .model pmos_rvt pmos (level=1 vto=   -5.067029885458267e-01     kp=    9 ...
unrecognized parameter (tcv) - ignored
unrecognized parameter (bex) - ignored

Note: Starting dynamic gmin stepping
Note: Dynamic gmin stepping completed
Note: Starting dynamic gmin stepping
Note: Dynamic gmin stepping completed
Warning: Model issue on line 61 :
  .model nmos_rvt nmos (level=1 vto=    5.309336163732518e-01     kp=    2 ...
unrecognized parameter (tcv) - ignored
unrecognized parameter (bex) - ignored

Warning: Model issue on line 63 :
  .model pmos_rvt pmos (level=1 vto=   -5.053568909684154e-01     kp=    9 ...
unrecognized parameter (tcv) - ignored
unrecognized parameter (bex) - ignored

Note: Starting dynamic gmin stepping
Note: Dynamic gmin stepping completed
Note: Starting dynamic gmin stepping
Note: Dynamic gmin stepping completed
Warning: Model issue on line 61 :
  .model nmos_rvt nmos (level=1 vto=    4.998256340503140e-01     kp=    2 ...
unrecognized parameter (tcv) - ignored
unrecognized parameter (bex) - ignored

Warning: Model issue on line 63 :
  .model pmos_rvt pmos (level=1 vto=   -5.044799577097363e-01     kp=    9 ...
unrecognized parameter (tcv) - ignored
unrecognized parameter (bex) - ignored

Note: Starting dynamic gmin stepping
Note: Dynamic gmin stepping completed
Note: Starting dynamic gmin stepping
Note: Dynamic gmin stepping completed
Warning: Model issue on line 61 :
  .model nmos_rvt nmos (level=1 vto=    4.999259579357833e-01     kp=    2 ...
unrecognized parameter (tcv) - ignored
unrecognized parameter (bex) - ignored

Warning: Model issue on line 63 :
  .model pmos_rvt pmos (level=1 vto=   -4.881576007099271e-01     kp=    9 ...
unrecognized parameter (tcv) - ignored
unrecognized parameter (bex) - ignored

Note: Starting dynamic gmin stepping
Note: Dynamic gmin stepping completed
Note: Starting dynamic gmin stepping
Note: Dynamic gmin stepping completed
Warning: Model issue on line 61 :
  .model nmos_rvt nmos (level=1 vto=    4.904251410531785e-01     kp=    2 ...
unrecognized parameter (tcv) - ignored
unrecognized parameter (bex) - ignored

Warning: Model issue on line 63 :
  .model pmos_rvt pmos (level=1 vto=   -4.997510469031470e-01     kp=    1 ...
unrecognized parameter (tcv) - ignored
unrecognized parameter (bex) - ignored

Note: Starting dynamic gmin stepping
Note: Dynamic gmin stepping completed
Note: Starting dynamic gmin stepping
Note: Dynamic gmin stepping completed
Warning: Model issue on line 61 :
  .model nmos_rvt nmos (level=1 vto=    4.983109999849600e-01     kp=    2 ...
unrecognized parameter (tcv) - ignored
unrecognized parameter (bex) - ignored

Warning: Model issue on line 63 :
  .model pmos_rvt pmos (level=1 vto=   -4.931123327137230e-01     kp=    1 ...
unrecognized parameter (tcv) - ignored
unrecognized parameter (bex) - ignored

Note: Starting dynamic gmin stepping
Note: Dynamic gmin stepping completed
Note: Starting dynamic gmin stepping
Note: Dynamic gmin stepping completed
Warning: Model issue on line 61 :
  .model nmos_rvt nmos (level=1 vto=    5.048500837578656e-01     kp=    2 ...
unrecognized parameter (tcv) - ignored
unrecognized parameter (bex) - ignored

Warning: Model issue on line 63 :
  .model pmos_rvt pmos (level=1 vto=   -5.027640203807966e-01     kp=    8 ...
unrecognized parameter (tcv) - ignored
unrecognized parameter (bex) - ignored

Note: Starting dynamic gmin stepping
Note: Dynamic gmin stepping completed
Note: Starting dynamic gmin stepping
Note: Dynamic gmin stepping completed
Warning: Model issue on line 61 :
  .model nmos_rvt nmos (level=1 vto=    4.955568687810197e-01     kp=    1 ...
unrecognized parameter (tcv) - ignored
unrecognized parameter (bex) - ignored

Warning: Model issue on line 63 :
  .model pmos_rvt pmos (level=1 vto=   -4.961892787437869e-01     kp=    9 ...
unrecognized parameter (tcv) - ignored
unrecognized parameter (bex) - ignored

Note: Starting dynamic gmin stepping
Note: Dynamic gmin stepping completed
Note: Starting dynamic gmin stepping
Note: Dynamic gmin stepping completed
Warning: Model issue on line 61 :
  .model nmos_rvt nmos (level=1 vto=    4.976262949133241e-01     kp=    2 ...
unrecognized parameter (tcv) - ignored
unrecognized parameter (bex) - ignored

Warning: Model issue on line 63 :
  .model pmos_rvt pmos (level=1 vto=   -4.802194176271369e-01     kp=    1 ...
unrecognized parameter (tcv) - ignored
unrecognized parameter (bex) - ignored

Note: Starting dynamic gmin stepping
Note: Dynamic gmin stepping completed
Note: Starting dynamic gmin stepping
Note: Dynamic gmin stepping completed
Warning: Model issue on line 61 :
  .model nmos_rvt nmos (level=1 vto=    4.828639201844753e-01     kp=    1 ...
unrecognized parameter (tcv) - ignored
unrecognized parameter (bex) - ignored

Warning: Model issue on line 63 :
  .model pmos_rvt pmos (level=1 vto=   -4.993185015697541e-01     kp=    9 ...
unrecognized parameter (tcv) - ignored
unrecognized parameter (bex) - ignored

Note: Starting dynamic gmin stepping
Note: Dynamic gmin stepping completed
Note: Starting dynamic gmin stepping
Note: Dynamic gmin stepping completed
Warning: Model issue on line 61 :
  .model nmos_rvt nmos (level=1 vto=    4.870877910125007e-01     kp=    2 ...
unrecognized parameter (tcv) - ignored
unrecognized parameter (bex) - ignored

Warning: Model issue on line 63 :
  .model pmos_rvt pmos (level=1 vto=   -5.033039372596919e-01     kp=    1 ...
unrecognized parameter (tcv) - ignored
unrecognized parameter (bex) - ignored

Note: Starting dynamic gmin stepping
Note: Dynamic gmin stepping completed
Note: Starting dynamic gmin stepping
Note: Dynamic gmin stepping completed
Warning: Model issue on line 61 :
  .model nmos_rvt nmos (level=1 vto=    4.831437961914268e-01     kp=    2 ...
unrecognized parameter (tcv) - ignored
unrecognized parameter (bex) - ignored

Warning: Model issue on line 63 :
  .model pmos_rvt pmos (level=1 vto=   -5.032795824521344e-01     kp=    9 ...
unrecognized parameter (tcv) - ignored
unrecognized parameter (bex) - ignored

Note: Starting dynamic gmin stepping
Note: Dynamic gmin stepping completed
Note: Starting dynamic gmin stepping
Note: Dynamic gmin stepping completed
Warning: Model issue on line 61 :
  .model nmos_rvt nmos (level=1 vto=    5.347382761384576e-01     kp=    1 ...
unrecognized parameter (tcv) - ignored
unrecognized parameter (bex) - ignored

Warning: Model issue on line 63 :
  .model pmos_rvt pmos (level=1 vto=   -5.370113707321607e-01     kp=    1 ...
unrecognized parameter (tcv) - ignored
unrecognized parameter (bex) - ignored

Note: Starting dynamic gmin stepping
Note: Dynamic gmin stepping completed
Note: Starting dynamic gmin stepping
Note: Dynamic gmin stepping completed
Warning: Model issue on line 61 :
  .model nmos_rvt nmos (level=1 vto=    5.204429642852135e-01     kp=    2 ...
unrecognized parameter (tcv) - ignored
unrecognized parameter (bex) - ignored

Warning: Model issue on line 63 :
  .model pmos_rvt pmos (level=1 vto=   -5.119714045695074e-01     kp=    1 ...
unrecognized parameter (tcv) - ignored
unrecognized parameter (bex) - ignored

Note: Starting dynamic gmin stepping
Note: Dynamic gmin stepping completed
Note: Starting dynamic gmin stepping
Note: Dynamic gmin stepping completed
Warning: Model issue on line 61 :
  .model nmos_rvt nmos (level=1 vto=    4.855038654383940e-01     kp=    1 ...
unrecognized parameter (tcv) - ignored
unrecognized parameter (bex) - ignored

Warning: Model issue on line 63 :
  .model pmos_rvt pmos (level=1 vto=   -4.641376596983871e-01     kp=    9 ...
unrecognized parameter (tcv) - ignored
unrecognized parameter (bex) - ignored

Note: Starting dynamic gmin stepping
Note: Dynamic gmin stepping completed
Note: Starting dynamic gmin stepping
Note: Dynamic gmin stepping completed
Warning: Model issue on line 61 :
  .model nmos_rvt nmos (level=1 vto=    4.745544893808193e-01     kp=    2 ...
unrecognized parameter (tcv) - ignored
unrecognized parameter (bex) - ignored

Warning: Model issue on line 63 :
  .model pmos_rvt pmos (level=1 vto=   -4.721528014187402e-01     kp=    1 ...
unrecognized parameter (tcv) - ignored
unrecognized parameter (bex) - ignored

Note: Starting dynamic gmin stepping
Note: Dynamic gmin stepping completed
Note: Starting dynamic gmin stepping
Note: Dynamic gmin stepping completed
Warning: Model issue on line 61 :
  .model nmos_rvt nmos (level=1 vto=    5.467507962351313e-01     kp=    2 ...
unrecognized parameter (tcv) - ignored
unrecognized parameter (bex) - ignored

Warning: Model issue on line 63 :
  .model pmos_rvt pmos (level=1 vto=   -4.933694955998006e-01     kp=    1 ...
unrecognized parameter (tcv) - ignored
unrecognized parameter (bex) - ignored

Note: Starting dynamic gmin stepping
Note: Dynamic gmin stepping completed
Note: Starting dynamic gmin stepping
Note: Dynamic gmin stepping completed
Warning: Model issue on line 61 :
  .model nmos_rvt nmos (level=1 vto=    5.113713024775547e-01     kp=    2 ...
unrecognized parameter (tcv) - ignored
unrecognized parameter (bex) - ignored

Warning: Model issue on line 63 :
  .model pmos_rvt pmos (level=1 vto=   -4.852755789033021e-01     kp=    1 ...
unrecognized parameter (tcv) - ignored
unrecognized parameter (bex) - ignored

Note: Starting dynamic gmin stepping
Note: Dynamic gmin stepping completed
Note: Starting dynamic gmin stepping
Note: Dynamic gmin stepping completed
Warning: Model issue on line 61 :
  .model nmos_rvt nmos (level=1 vto=    5.497095341135679e-01     kp=    2 ...
unrecognized parameter (tcv) - ignored
unrecognized parameter (bex) - ignored

Warning: Model issue on line 63 :
  .model pmos_rvt pmos (level=1 vto=   -4.893481019341012e-01     kp=    9 ...
unrecognized parameter (tcv) - ignored
unrecognized parameter (bex) - ignored

Note: Starting dynamic gmin stepping
Note: Dynamic gmin stepping completed
Note: Starting dynamic gmin stepping
Note: Dynamic gmin stepping completed
Warning: Model issue on line 61 :
  .model nmos_rvt nmos (level=1 vto=    5.383353446145228e-01     kp=    1 ...
unrecognized parameter (tcv) - ignored
unrecognized parameter (bex) - ignored

Warning: Model issue on line 63 :
  .model pmos_rvt pmos (level=1 vto=   -4.924240512062243e-01     kp=    9 ...
unrecognized parameter (tcv) - ignored
unrecognized parameter (bex) - ignored

Note: Starting dynamic gmin stepping
Note: Dynamic gmin stepping completed
Note: Starting dynamic gmin stepping
Note: Dynamic gmin stepping completed
Warning: Model issue on line 61 :
  .model nmos_rvt nmos (level=1 vto=    5.139434064418817e-01     kp=    1 ...
unrecognized parameter (tcv) - ignored
unrecognized parameter (bex) - ignored

Warning: Model issue on line 63 :
  .model pmos_rvt pmos (level=1 vto=   -5.124886056981597e-01     kp=    9 ...
unrecognized parameter (tcv) - ignored
unrecognized parameter (bex) - ignored

Note: Starting dynamic gmin stepping
Note: Dynamic gmin stepping completed
Note: Starting dynamic gmin stepping
Note: Dynamic gmin stepping completed
Warning: Model issue on line 61 :
  .model nmos_rvt nmos (level=1 vto=    5.223992115632412e-01     kp=    2 ...
unrecognized parameter (tcv) - ignored
unrecognized parameter (bex) - ignored

Warning: Model issue on line 63 :
  .model pmos_rvt pmos (level=1 vto=   -4.775974778061697e-01     kp=    1 ...
unrecognized parameter (tcv) - ignored
unrecognized parameter (bex) - ignored

Note: Starting dynamic gmin stepping
Note: Dynamic gmin stepping completed
Note: Starting dynamic gmin stepping
Note: Dynamic gmin stepping completed
Warning: Model issue on line 61 :
  .model nmos_rvt nmos (level=1 vto=    4.827646421262498e-01     kp=    1 ...
unrecognized parameter (tcv) - ignored
unrecognized parameter (bex) - ignored

Warning: Model issue on line 63 :
  .model pmos_rvt pmos (level=1 vto=   -4.973993546013384e-01     kp=    1 ...
unrecognized parameter (tcv) - ignored
unrecognized parameter (bex) - ignored

Note: Starting dynamic gmin stepping
Note: Dynamic gmin stepping completed
Note: Starting dynamic gmin stepping
Note: Dynamic gmin stepping completed
Warning: Model issue on line 61 :
  .model nmos_rvt nmos (level=1 vto=    5.163181587402464e-01     kp=    2 ...
unrecognized parameter (tcv) - ignored
unrecognized parameter (bex) - ignored

Warning: Model issue on line 63 :
  .model pmos_rvt pmos (level=1 vto=   -5.004625533345282e-01     kp=    9 ...
unrecognized parameter (tcv) - ignored
unrecognized parameter (bex) - ignored

Note: Starting dynamic gmin stepping
Note: Dynamic gmin stepping completed
Note: Starting dynamic gmin stepping
Note: Dynamic gmin stepping completed
Warning: Model issue on line 61 :
  .model nmos_rvt nmos (level=1 vto=    5.196449714621512e-01     kp=    2 ...
unrecognized parameter (tcv) - ignored
unrecognized parameter (bex) - ignored

Warning: Model issue on line 63 :
  .model pmos_rvt pmos (level=1 vto=   -4.820656000149076e-01     kp=    1 ...
unrecognized parameter (tcv) - ignored
unrecognized parameter (bex) - ignored

Note: Starting dynamic gmin stepping
Note: Dynamic gmin stepping completed
Note: Starting dynamic gmin stepping
Note: Dynamic gmin stepping completed
