
Note: No compatibility mode selected!


Circuit: leung_nmcf_pin_3 cmos LOT MC

Warning: Model issue on line 61 :
  .model nmos_rvt nmos (level=1 vto=    4.866732254569428e-01     kp=    1 ...
unrecognized parameter (tcv) - ignored
unrecognized parameter (bex) - ignored

Warning: Model issue on line 63 :
  .model pmos_rvt pmos (level=1 vto=   -4.811879138123766e-01     kp=    1 ...
unrecognized parameter (tcv) - ignored
unrecognized parameter (bex) - ignored

MC_BEGIN
Reset re-loads circuit leung_nmcf_pin_3 cmos LOT MC

Circuit: leung_nmcf_pin_3 cmos LOT MC

Warning: Model issue on line 61 :
  .model nmos_rvt nmos (level=1 vto=    5.118726999607638e-01     kp=    2 ...
unrecognized parameter (tcv) - ignored
unrecognized parameter (bex) - ignored

Warning: Model issue on line 63 :
  .model pmos_rvt pmos (level=1 vto=   -4.839489384416764e-01     kp=    9 ...
unrecognized parameter (tcv) - ignored
unrecognized parameter (bex) - ignored

Note: Starting dynamic gmin stepping
Note: Dynamic gmin stepping completed
Note: Starting dynamic gmin stepping
Note: Dynamic gmin stepping completed
Doing analysis at TEMP = 27.000000 and TNOM = 27.000000

Using SPARSE 1.3 as Direct Linear Solver

No. of Data Rows : 1
Doing analysis at TEMP = 27.000000 and TNOM = 27.000000

Using SPARSE 1.3 as Direct Linear Solver

No. of Data Rows : 181
dcgain_             =  1.11147e+02
ugf_hz              =  3.65788e+05
phase_at_ugf        =  8.90355e+01
ugf_hz = 3.657879e+05
pm_deg = 8.903553e+01
Reset re-loads circuit leung_nmcf_pin_3 cmos LOT MC

Circuit: leung_nmcf_pin_3 cmos LOT MC

Warning: Model issue on line 61 :
  .model nmos_rvt nmos (level=1 vto=    4.919178702285354e-01     kp=    2 ...
unrecognized parameter (tcv) - ignored
unrecognized parameter (bex) - ignored

Warning: Model issue on line 63 :
  .model pmos_rvt pmos (level=1 vto=   -4.726345171514100e-01     kp=    9 ...
unrecognized parameter (tcv) - ignored
unrecognized parameter (bex) - ignored

Note: Starting dynamic gmin stepping
Note: Dynamic gmin stepping completed
Note: Starting dynamic gmin stepping
Note: Dynamic gmin stepping completed
Doing analysis at TEMP = 27.000000 and TNOM = 27.000000

Using SPARSE 1.3 as Direct Linear Solver

No. of Data Rows : 1
Doing analysis at TEMP = 27.000000 and TNOM = 27.000000

Using SPARSE 1.3 as Direct Linear Solver

No. of Data Rows : 181
dcgain_             =  1.11145e+02
ugf_hz              =  3.65776e+05
phase_at_ugf        =  8.90350e+01
ugf_hz = 3.657765e+05
pm_deg = 8.903496e+01
Reset re-loads circuit leung_nmcf_pin_3 cmos LOT MC

Circuit: leung_nmcf_pin_3 cmos LOT MC

Warning: Model issue on line 61 :
  .model nmos_rvt nmos (level=1 vto=    4.815868651896803e-01     kp=    1 ...
unrecognized parameter (tcv) - ignored
unrecognized parameter (bex) - ignored

Warning: Model issue on line 63 :
  .model pmos_rvt pmos (level=1 vto=   -5.086273771088622e-01     kp=    1 ...
unrecognized parameter (tcv) - ignored
unrecognized parameter (bex) - ignored

Note: Starting dynamic gmin stepping
Note: Dynamic gmin stepping completed
Note: Starting dynamic gmin stepping
Note: Dynamic gmin stepping completed
Doing analysis at TEMP = 27.000000 and TNOM = 27.000000

Using SPARSE 1.3 as Direct Linear Solver

No. of Data Rows : 1
Doing analysis at TEMP = 27.000000 and TNOM = 27.000000

Using SPARSE 1.3 as Direct Linear Solver

No. of Data Rows : 181
dcgain_             =  1.11427e+02
ugf_hz              =  3.78235e+05
phase_at_ugf        =  8.90341e+01
ugf_hz = 3.782350e+05
pm_deg = 8.903407e+01
Reset re-loads circuit leung_nmcf_pin_3 cmos LOT MC

Circuit: leung_nmcf_pin_3 cmos LOT MC

Warning: Model issue on line 61 :
  .model nmos_rvt nmos (level=1 vto=    5.043569454568005e-01     kp=    1 ...
unrecognized parameter (tcv) - ignored
unrecognized parameter (bex) - ignored

Warning: Model issue on line 63 :
  .model pmos_rvt pmos (level=1 vto=   -4.942036990581920e-01     kp=    1 ...
unrecognized parameter (tcv) - ignored
unrecognized parameter (bex) - ignored

Note: Starting dynamic gmin stepping
Note: Dynamic gmin stepping completed
Note: Starting dynamic gmin stepping
Note: Dynamic gmin stepping completed
Doing analysis at TEMP = 27.000000 and TNOM = 27.000000

Using SPARSE 1.3 as Direct Linear Solver

No. of Data Rows : 1
Doing analysis at TEMP = 27.000000 and TNOM = 27.000000

Using SPARSE 1.3 as Direct Linear Solver

No. of Data Rows : 181
dcgain_             =  1.11210e+02
ugf_hz              =  3.68690e+05
phase_at_ugf        =  8.90338e+01
ugf_hz = 3.686904e+05
pm_deg = 8.903375e+01
Reset re-loads circuit leung_nmcf_pin_3 cmos LOT MC

Circuit: leung_nmcf_pin_3 cmos LOT MC

Warning: Model issue on line 61 :
  .model nmos_rvt nmos (level=1 vto=    4.941363932927114e-01     kp=    2 ...
unrecognized parameter (tcv) - ignored
unrecognized parameter (bex) - ignored

Warning: Model issue on line 63 :
  .model pmos_rvt pmos (level=1 vto=   -5.140889042945399e-01     kp=    9 ...
unrecognized parameter (tcv) - ignored
unrecognized parameter (bex) - ignored

Note: Starting dynamic gmin stepping
Note: Dynamic gmin stepping completed
Note: Starting dynamic gmin stepping
Note: Dynamic gmin stepping completed
Doing analysis at TEMP = 27.000000 and TNOM = 27.000000

Using SPARSE 1.3 as Direct Linear Solver

No. of Data Rows : 1
Doing analysis at TEMP = 27.000000 and TNOM = 27.000000

Using SPARSE 1.3 as Direct Linear Solver

No. of Data Rows : 181
dcgain_             =  1.10879e+02
ugf_hz              =  3.54091e+05
phase_at_ugf        =  8.90375e+01
ugf_hz = 3.540905e+05
pm_deg = 8.903746e+01
Reset re-loads circuit leung_nmcf_pin_3 cmos LOT MC

Circuit: leung_nmcf_pin_3 cmos LOT MC

Warning: Model issue on line 61 :
  .model nmos_rvt nmos (level=1 vto=    5.011888315130976e-01     kp=    1 ...
unrecognized parameter (tcv) - ignored
unrecognized parameter (bex) - ignored

Warning: Model issue on line 63 :
  .model pmos_rvt pmos (level=1 vto=   -5.022423579334100e-01     kp=    9 ...
unrecognized parameter (tcv) - ignored
unrecognized parameter (bex) - ignored

Note: Starting dynamic gmin stepping
Note: Dynamic gmin stepping completed
Note: Starting dynamic gmin stepping
Note: Dynamic gmin stepping completed
Doing analysis at TEMP = 27.000000 and TNOM = 27.000000

Using SPARSE 1.3 as Direct Linear Solver

No. of Data Rows : 1
Doing analysis at TEMP = 27.000000 and TNOM = 27.000000

Using SPARSE 1.3 as Direct Linear Solver

No. of Data Rows : 181
dcgain_             =  1.11144e+02
ugf_hz              =  3.65841e+05
phase_at_ugf        =  8.90329e+01
ugf_hz = 3.658406e+05
pm_deg = 8.903293e+01
Reset re-loads circuit leung_nmcf_pin_3 cmos LOT MC

Circuit: leung_nmcf_pin_3 cmos LOT MC

Warning: Model issue on line 61 :
  .model nmos_rvt nmos (level=1 vto=    5.151181615612374e-01     kp=    1 ...
unrecognized parameter (tcv) - ignored
unrecognized parameter (bex) - ignored

Warning: Model issue on line 63 :
  .model pmos_rvt pmos (level=1 vto=   -4.881412910324991e-01     kp=    1 ...
unrecognized parameter (tcv) - ignored
unrecognized parameter (bex) - ignored

Note: Starting dynamic gmin stepping
Note: Dynamic gmin stepping completed
Note: Starting dynamic gmin stepping
Note: Dynamic gmin stepping completed
Doing analysis at TEMP = 27.000000 and TNOM = 27.000000

Using SPARSE 1.3 as Direct Linear Solver

No. of Data Rows : 1
Doing analysis at TEMP = 27.000000 and TNOM = 27.000000

Using SPARSE 1.3 as Direct Linear Solver

No. of Data Rows : 181
dcgain_             =  1.11226e+02
ugf_hz              =  3.69453e+05
phase_at_ugf        =  8.90322e+01
ugf_hz = 3.694525e+05
pm_deg = 8.903216e+01
Reset re-loads circuit leung_nmcf_pin_3 cmos LOT MC

Circuit: leung_nmcf_pin_3 cmos LOT MC

Warning: Model issue on line 61 :
  .model nmos_rvt nmos (level=1 vto=    4.768840496363828e-01     kp=    1 ...
unrecognized parameter (tcv) - ignored
unrecognized parameter (bex) - ignored

Warning: Model issue on line 63 :
  .model pmos_rvt pmos (level=1 vto=   -4.893780126507122e-01     kp=    1 ...
unrecognized parameter (tcv) - ignored
unrecognized parameter (bex) - ignored

Note: Starting dynamic gmin stepping
Note: Dynamic gmin stepping completed
Note: Starting dynamic gmin stepping
Note: Dynamic gmin stepping completed
Doing analysis at TEMP = 27.000000 and TNOM = 27.000000

Using SPARSE 1.3 as Direct Linear Solver

No. of Data Rows : 1
Doing analysis at TEMP = 27.000000 and TNOM = 27.000000

Using SPARSE 1.3 as Direct Linear Solver

No. of Data Rows : 181
dcgain_             =  1.11474e+02
ugf_hz              =  3.80320e+05
phase_at_ugf        =  8.90338e+01
ugf_hz = 3.803202e+05
pm_deg = 8.903377e+01
Reset re-loads circuit leung_nmcf_pin_3 cmos LOT MC

Circuit: leung_nmcf_pin_3 cmos LOT MC

Warning: Model issue on line 61 :
  .model nmos_rvt nmos (level=1 vto=    5.059665335842447e-01     kp=    1 ...
unrecognized parameter (tcv) - ignored
unrecognized parameter (bex) - ignored

Warning: Model issue on line 63 :
  .model pmos_rvt pmos (level=1 vto=   -5.326786397082998e-01     kp=    1 ...
unrecognized parameter (tcv) - ignored
unrecognized parameter (bex) - ignored

Note: Starting dynamic gmin stepping
Note: Dynamic gmin stepping completed
Note: Starting dynamic gmin stepping
Note: Dynamic gmin stepping completed
Doing analysis at TEMP = 27.000000 and TNOM = 27.000000

Using SPARSE 1.3 as Direct Linear Solver

No. of Data Rows : 1
Doing analysis at TEMP = 27.000000 and TNOM = 27.000000

Using SPARSE 1.3 as Direct Linear Solver

No. of Data Rows : 181
dcgain_             =  1.11648e+02
ugf_hz              =  3.87901e+05
phase_at_ugf        =  8.90341e+01
ugf_hz = 3.879010e+05
pm_deg = 8.903411e+01
Reset re-loads circuit leung_nmcf_pin_3 cmos LOT MC

Circuit: leung_nmcf_pin_3 cmos LOT MC

Warning: Model issue on line 61 :
  .model nmos_rvt nmos (level=1 vto=    5.069200430861315e-01     kp=    2 ...
unrecognized parameter (tcv) - ignored
unrecognized parameter (bex) - ignored

Warning: Model issue on line 63 :
  .model pmos_rvt pmos (level=1 vto=   -4.895637057037296e-01     kp=    9 ...
unrecognized parameter (tcv) - ignored
unrecognized parameter (bex) - ignored

Note: Starting dynamic gmin stepping
Note: Dynamic gmin stepping completed
Note: Starting dynamic gmin stepping
Note: Dynamic gmin stepping completed
Doing analysis at TEMP = 27.000000 and TNOM = 27.000000

Using SPARSE 1.3 as Direct Linear Solver

No. of Data Rows : 1
Doing analysis at TEMP = 27.000000 and TNOM = 27.000000

Using SPARSE 1.3 as Direct Linear Solver

No. of Data Rows : 181
dcgain_             =  1.11080e+02
ugf_hz              =  3.62942e+05
phase_at_ugf        =  8.90346e+01
ugf_hz = 3.629418e+05
pm_deg = 8.903457e+01
Reset re-loads circuit leung_nmcf_pin_3 cmos LOT MC

Circuit: leung_nmcf_pin_3 cmos LOT MC

Warning: Model issue on line 61 :
  .model nmos_rvt nmos (level=1 vto=    4.992798971235579e-01     kp=    2 ...
unrecognized parameter (tcv) - ignored
unrecognized parameter (bex) - ignored

Warning: Model issue on line 63 :
  .model pmos_rvt pmos (level=1 vto=   -4.656120739359740e-01     kp=    9 ...
unrecognized parameter (tcv) - ignored
unrecognized parameter (bex) - ignored

Note: Starting dynamic gmin stepping
Note: Dynamic gmin stepping completed
Note: Starting dynamic gmin stepping
Note: Dynamic gmin stepping completed
Doing analysis at TEMP = 27.000000 and TNOM = 27.000000

Using SPARSE 1.3 as Direct Linear Solver

No. of Data Rows : 1
Doing analysis at TEMP = 27.000000 and TNOM = 27.000000

Using SPARSE 1.3 as Direct Linear Solver

No. of Data Rows : 181
dcgain_             =  1.10964e+02
ugf_hz              =  3.57754e+05
phase_at_ugf        =  8.90368e+01
ugf_hz = 3.577543e+05
pm_deg = 8.903680e+01
Reset re-loads circuit leung_nmcf_pin_3 cmos LOT MC

Circuit: leung_nmcf_pin_3 cmos LOT MC

Warning: Model issue on line 61 :
  .model nmos_rvt nmos (level=1 vto=    4.761437860384223e-01     kp=    2 ...
unrecognized parameter (tcv) - ignored
unrecognized parameter (bex) - ignored

Warning: Model issue on line 63 :
  .model pmos_rvt pmos (level=1 vto=   -4.825713243652298e-01     kp=    1 ...
unrecognized parameter (tcv) - ignored
unrecognized parameter (bex) - ignored

Note: Starting dynamic gmin stepping
Note: Dynamic gmin stepping completed
Note: Starting dynamic gmin stepping
Note: Dynamic gmin stepping completed
Doing analysis at TEMP = 27.000000 and TNOM = 27.000000

Using SPARSE 1.3 as Direct Linear Solver

No. of Data Rows : 1
Doing analysis at TEMP = 27.000000 and TNOM = 27.000000

Using SPARSE 1.3 as Direct Linear Solver

No. of Data Rows : 181
dcgain_             =  1.11173e+02
ugf_hz              =  3.67007e+05
phase_at_ugf        =  8.90356e+01
ugf_hz = 3.670066e+05
pm_deg = 8.903555e+01
Reset re-loads circuit leung_nmcf_pin_3 cmos LOT MC

Circuit: leung_nmcf_pin_3 cmos LOT MC

Warning: Model issue on line 61 :
  .model nmos_rvt nmos (level=1 vto=    4.968019933381991e-01     kp=    2 ...
unrecognized parameter (tcv) - ignored
unrecognized parameter (bex) - ignored

Warning: Model issue on line 63 :
  .model pmos_rvt pmos (level=1 vto=   -4.843263854998697e-01     kp=    9 ...
unrecognized parameter (tcv) - ignored
unrecognized parameter (bex) - ignored

Note: Starting dynamic gmin stepping
Note: Dynamic gmin stepping completed
Note: Starting dynamic gmin stepping
Note: Dynamic gmin stepping completed
Doing analysis at TEMP = 27.000000 and TNOM = 27.000000

Using SPARSE 1.3 as Direct Linear Solver

No. of Data Rows : 1
Doing analysis at TEMP = 27.000000 and TNOM = 27.000000

Using SPARSE 1.3 as Direct Linear Solver

No. of Data Rows : 181
dcgain_             =  1.11095e+02
ugf_hz              =  3.63560e+05
phase_at_ugf        =  8.90356e+01
ugf_hz = 3.635604e+05
pm_deg = 8.903561e+01
Reset re-loads circuit leung_nmcf_pin_3 cmos LOT MC

Circuit: leung_nmcf_pin_3 cmos LOT MC

Warning: Model issue on line 61 :
  .model nmos_rvt nmos (level=1 vto=    4.801943373149329e-01     kp=    1 ...
unrecognized parameter (tcv) - ignored
unrecognized parameter (bex) - ignored

Warning: Model issue on line 63 :
  .model pmos_rvt pmos (level=1 vto=   -4.845255428584213e-01     kp=    9 ...
unrecognized parameter (tcv) - ignored
unrecognized parameter (bex) - ignored

Note: Starting dynamic gmin stepping
Note: Dynamic gmin stepping completed
Note: Starting dynamic gmin stepping
Note: Dynamic gmin stepping completed
Doing analysis at TEMP = 27.000000 and TNOM = 27.000000

Using SPARSE 1.3 as Direct Linear Solver

No. of Data Rows : 1
Doing analysis at TEMP = 27.000000 and TNOM = 27.000000

Using SPARSE 1.3 as Direct Linear Solver

No. of Data Rows : 181
dcgain_             =  1.11139e+02
ugf_hz              =  3.65612e+05
phase_at_ugf        =  8.90343e+01
ugf_hz = 3.656118e+05
pm_deg = 8.903434e+01
Reset re-loads circuit leung_nmcf_pin_3 cmos LOT MC

Circuit: leung_nmcf_pin_3 cmos LOT MC

Warning: Model issue on line 61 :
  .model nmos_rvt nmos (level=1 vto=    4.910844982116726e-01     kp=    1 ...
unrecognized parameter (tcv) - ignored
unrecognized parameter (bex) - ignored

Warning: Model issue on line 63 :
  .model pmos_rvt pmos (level=1 vto=   -4.857315885439052e-01     kp=    9 ...
unrecognized parameter (tcv) - ignored
unrecognized parameter (bex) - ignored

Note: Starting dynamic gmin stepping
Note: Dynamic gmin stepping completed
Note: Starting dynamic gmin stepping
Note: Dynamic gmin stepping completed
Doing analysis at TEMP = 27.000000 and TNOM = 27.000000

Using SPARSE 1.3 as Direct Linear Solver

No. of Data Rows : 1
Doing analysis at TEMP = 27.000000 and TNOM = 27.000000

Using SPARSE 1.3 as Direct Linear Solver

No. of Data Rows : 181
dcgain_             =  1.11034e+02
ugf_hz              =  3.61097e+05
phase_at_ugf        =  8.90327e+01
ugf_hz = 3.610966e+05
pm_deg = 8.903272e+01
Reset re-loads circuit leung_nmcf_pin_3 cmos LOT MC

Circuit: leung_nmcf_pin_3 cmos LOT MC

Warning: Model issue on line 61 :
  .model nmos_rvt nmos (level=1 vto=    5.038568987384164e-01     kp=    1 ...
unrecognized parameter (tcv) - ignored
unrecognized parameter (bex) - ignored

Warning: Model issue on line 63 :
  .model pmos_rvt pmos (level=1 vto=   -4.670423405045849e-01     kp=    9 ...
unrecognized parameter (tcv) - ignored
unrecognized parameter (bex) - ignored

Note: Starting dynamic gmin stepping
Note: Dynamic gmin stepping completed
Note: Starting dynamic gmin stepping
Note: Dynamic gmin stepping completed
Doing analysis at TEMP = 27.000000 and TNOM = 27.000000

Using SPARSE 1.3 as Direct Linear Solver

No. of Data Rows : 1
Doing analysis at TEMP = 27.000000 and TNOM = 27.000000

Using SPARSE 1.3 as Direct Linear Solver

No. of Data Rows : 181
dcgain_             =  1.11168e+02
ugf_hz              =  3.66836e+05
phase_at_ugf        =  8.90339e+01
ugf_hz = 3.668358e+05
pm_deg = 8.903387e+01
Reset re-loads circuit leung_nmcf_pin_3 cmos LOT MC

Circuit: leung_nmcf_pin_3 cmos LOT MC

Warning: Model issue on line 61 :
  .model nmos_rvt nmos (level=1 vto=    5.453159797823159e-01     kp=    1 ...
unrecognized parameter (tcv) - ignored
unrecognized parameter (bex) - ignored

Warning: Model issue on line 63 :
  .model pmos_rvt pmos (level=1 vto=   -5.292679584900424e-01     kp=    9 ...
unrecognized parameter (tcv) - ignored
unrecognized parameter (bex) - ignored

Note: Starting dynamic gmin stepping
Note: Dynamic gmin stepping completed
Note: Starting dynamic gmin stepping
Note: Dynamic gmin stepping completed
Doing analysis at TEMP = 27.000000 and TNOM = 27.000000

Using SPARSE 1.3 as Direct Linear Solver

No. of Data Rows : 1
Doing analysis at TEMP = 27.000000 and TNOM = 27.000000

Using SPARSE 1.3 as Direct Linear Solver
 Reference value :  1.77828e+07
No. of Data Rows : 181
dcgain_             =  1.11016e+02
ugf_hz              =  3.60226e+05
phase_at_ugf        =  8.90320e+01
ugf_hz = 3.602260e+05
pm_deg = 8.903201e+01
Reset re-loads circuit leung_nmcf_pin_3 cmos LOT MC

Circuit: leung_nmcf_pin_3 cmos LOT MC

Warning: Model issue on line 61 :
  .model nmos_rvt nmos (level=1 vto=    4.838617088451554e-01     kp=    2 ...
unrecognized parameter (tcv) - ignored
unrecognized parameter (bex) - ignored

Warning: Model issue on line 63 :
  .model pmos_rvt pmos (level=1 vto=   -4.913065289086057e-01     kp=    9 ...
unrecognized parameter (tcv) - ignored
unrecognized parameter (bex) - ignored

Note: Starting dynamic gmin stepping
Note: Dynamic gmin stepping completed
Note: Starting dynamic gmin stepping
Note: Dynamic gmin stepping completed
Doing analysis at TEMP = 27.000000 and TNOM = 27.000000

Using SPARSE 1.3 as Direct Linear Solver

No. of Data Rows : 1
Doing analysis at TEMP = 27.000000 and TNOM = 27.000000

Using SPARSE 1.3 as Direct Linear Solver

No. of Data Rows : 181
dcgain_             =  1.10928e+02
ugf_hz              =  3.56225e+05
phase_at_ugf        =  8.90365e+01
ugf_hz = 3.562250e+05
pm_deg = 8.903651e+01
Reset re-loads circuit leung_nmcf_pin_3 cmos LOT MC

Circuit: leung_nmcf_pin_3 cmos LOT MC

Warning: Model issue on line 61 :
  .model nmos_rvt nmos (level=1 vto=    4.818125858094346e-01     kp=    2 ...
unrecognized parameter (tcv) - ignored
unrecognized parameter (bex) - ignored

Warning: Model issue on line 63 :
  .model pmos_rvt pmos (level=1 vto=   -4.506796789794961e-01     kp=    9 ...
unrecognized parameter (tcv) - ignored
unrecognized parameter (bex) - ignored

Note: Starting dynamic gmin stepping
Note: Dynamic gmin stepping completed
Note: Starting dynamic gmin stepping
Note: Dynamic gmin stepping completed
Doing analysis at TEMP = 27.000000 and TNOM = 27.000000

Using SPARSE 1.3 as Direct Linear Solver

No. of Data Rows : 1
Doing analysis at TEMP = 27.000000 and TNOM = 27.000000

Using SPARSE 1.3 as Direct Linear Solver

No. of Data Rows : 181
dcgain_             =  1.11065e+02
ugf_hz              =  3.62221e+05
phase_at_ugf        =  8.90360e+01
ugf_hz = 3.622211e+05
pm_deg = 8.903604e+01
Reset re-loads circuit leung_nmcf_pin_3 cmos LOT MC

Circuit: leung_nmcf_pin_3 cmos LOT MC

Warning: Model issue on line 61 :
  .model nmos_rvt nmos (level=1 vto=    4.826372447531470e-01     kp=    2 ...
unrecognized parameter (tcv) - ignored
unrecognized parameter (bex) - ignored

Warning: Model issue on line 63 :
  .model pmos_rvt pmos (level=1 vto=   -5.311393373836980e-01     kp=    9 ...
unrecognized parameter (tcv) - ignored
unrecognized parameter (bex) - ignored

Note: Starting dynamic gmin stepping
Note: Dynamic gmin stepping completed
Note: Starting dynamic gmin stepping
Note: Dynamic gmin stepping completed
Doing analysis at TEMP = 27.000000 and TNOM = 27.000000

Using SPARSE 1.3 as Direct Linear Solver

No. of Data Rows : 1
Doing analysis at TEMP = 27.000000 and TNOM = 27.000000

Using SPARSE 1.3 as Direct Linear Solver

No. of Data Rows : 181
dcgain_             =  1.11065e+02
ugf_hz              =  3.62286e+05
phase_at_ugf        =  8.90358e+01
ugf_hz = 3.622864e+05
pm_deg = 8.903584e+01
Reset re-loads circuit leung_nmcf_pin_3 cmos LOT MC

Circuit: leung_nmcf_pin_3 cmos LOT MC

Warning: Model issue on line 61 :
  .model nmos_rvt nmos (level=1 vto=    4.943810675058383e-01     kp=    2 ...
unrecognized parameter (tcv) - ignored
unrecognized parameter (bex) - ignored

Warning: Model issue on line 63 :
  .model pmos_rvt pmos (level=1 vto=   -5.233923344375848e-01     kp=    9 ...
unrecognized parameter (tcv) - ignored
unrecognized parameter (bex) - ignored

Note: Starting dynamic gmin stepping
Note: Dynamic gmin stepping completed
Note: Starting dynamic gmin stepping
Note: Dynamic gmin stepping completed
Doing analysis at TEMP = 27.000000 and TNOM = 27.000000

Using SPARSE 1.3 as Direct Linear Solver

No. of Data Rows : 1
Doing analysis at TEMP = 27.000000 and TNOM = 27.000000

Using SPARSE 1.3 as Direct Linear Solver

No. of Data Rows : 181
dcgain_             =  1.10766e+02
ugf_hz              =  3.49628e+05
phase_at_ugf        =  8.90378e+01
ugf_hz = 3.496277e+05
pm_deg = 8.903781e+01
Reset re-loads circuit leung_nmcf_pin_3 cmos LOT MC

Circuit: leung_nmcf_pin_3 cmos LOT MC

Warning: Model issue on line 61 :
  .model nmos_rvt nmos (level=1 vto=    4.869615348768725e-01     kp=    2 ...
unrecognized parameter (tcv) - ignored
unrecognized parameter (bex) - ignored

Warning: Model issue on line 63 :
  .model pmos_rvt pmos (level=1 vto=   -4.957601809544975e-01     kp=    1 ...
unrecognized parameter (tcv) - ignored
unrecognized parameter (bex) - ignored

Note: Starting dynamic gmin stepping
Note: Dynamic gmin stepping completed
Note: Starting dynamic gmin stepping
Note: Dynamic gmin stepping completed
Doing analysis at TEMP = 27.000000 and TNOM = 27.000000

Using SPARSE 1.3 as Direct Linear Solver

No. of Data Rows : 1
Doing analysis at TEMP = 27.000000 and TNOM = 27.000000

Using SPARSE 1.3 as Direct Linear Solver

No. of Data Rows : 181
dcgain_             =  1.11329e+02
ugf_hz              =  3.73703e+05
phase_at_ugf        =  8.90369e+01
ugf_hz = 3.737027e+05
pm_deg = 8.903686e+01
Reset re-loads circuit leung_nmcf_pin_3 cmos LOT MC

Circuit: leung_nmcf_pin_3 cmos LOT MC

Warning: Model issue on line 61 :
  .model nmos_rvt nmos (level=1 vto=    4.825838523210004e-01     kp=    2 ...
unrecognized parameter (tcv) - ignored
unrecognized parameter (bex) - ignored

Warning: Model issue on line 63 :
  .model pmos_rvt pmos (level=1 vto=   -4.664059933881153e-01     kp=    1 ...
unrecognized parameter (tcv) - ignored
unrecognized parameter (bex) - ignored

Note: Starting dynamic gmin stepping
Note: Dynamic gmin stepping completed
Note: Starting dynamic gmin stepping
Note: Dynamic gmin stepping completed
Doing analysis at TEMP = 27.000000 and TNOM = 27.000000

Using SPARSE 1.3 as Direct Linear Solver

No. of Data Rows : 1
Doing analysis at TEMP = 27.000000 and TNOM = 27.000000

Using SPARSE 1.3 as Direct Linear Solver

No. of Data Rows : 181
dcgain_             =  1.11472e+02
ugf_hz              =  3.80119e+05
phase_at_ugf        =  8.90352e+01
ugf_hz = 3.801188e+05
pm_deg = 8.903516e+01
Reset re-loads circuit leung_nmcf_pin_3 cmos LOT MC

Circuit: leung_nmcf_pin_3 cmos LOT MC

Warning: Model issue on line 61 :
  .model nmos_rvt nmos (level=1 vto=    5.244836882449855e-01     kp=    2 ...
unrecognized parameter (tcv) - ignored
unrecognized parameter (bex) - ignored

Warning: Model issue on line 63 :
  .model pmos_rvt pmos (level=1 vto=   -4.808793411569686e-01     kp=    1 ...
unrecognized parameter (tcv) - ignored
unrecognized parameter (bex) - ignored

Note: Starting dynamic gmin stepping
Note: Dynamic gmin stepping completed
Note: Starting dynamic gmin stepping
Note: Dynamic gmin stepping completed
Doing analysis at TEMP = 27.000000 and TNOM = 27.000000

Using SPARSE 1.3 as Direct Linear Solver

No. of Data Rows : 1
Doing analysis at TEMP = 27.000000 and TNOM = 27.000000

Using SPARSE 1.3 as Direct Linear Solver

No. of Data Rows : 181
dcgain_             =  1.11334e+02
ugf_hz              =  3.74086e+05
phase_at_ugf        =  8.90332e+01
ugf_hz = 3.740861e+05
pm_deg = 8.903319e+01
Reset re-loads circuit leung_nmcf_pin_3 cmos LOT MC

Circuit: leung_nmcf_pin_3 cmos LOT MC

Warning: Model issue on line 61 :
  .model nmos_rvt nmos (level=1 vto=    4.858570428688007e-01     kp=    2 ...
unrecognized parameter (tcv) - ignored
unrecognized parameter (bex) - ignored

Warning: Model issue on line 63 :
  .model pmos_rvt pmos (level=1 vto=   -4.880365984846319e-01     kp=    1 ...
unrecognized parameter (tcv) - ignored
unrecognized parameter (bex) - ignored

Note: Starting dynamic gmin stepping
Note: Dynamic gmin stepping completed
Note: Starting dynamic gmin stepping
Note: Dynamic gmin stepping completed
Doing analysis at TEMP = 27.000000 and TNOM = 27.000000

Using SPARSE 1.3 as Direct Linear Solver

No. of Data Rows : 1
Doing analysis at TEMP = 27.000000 and TNOM = 27.000000

Using SPARSE 1.3 as Direct Linear Solver

No. of Data Rows : 181
dcgain_             =  1.11185e+02
ugf_hz              =  3.67547e+05
phase_at_ugf        =  8.90353e+01
ugf_hz = 3.675468e+05
pm_deg = 8.903531e+01
Reset re-loads circuit leung_nmcf_pin_3 cmos LOT MC

Circuit: leung_nmcf_pin_3 cmos LOT MC

Warning: Model issue on line 61 :
  .model nmos_rvt nmos (level=1 vto=    5.031835651839444e-01     kp=    1 ...
unrecognized parameter (tcv) - ignored
unrecognized parameter (bex) - ignored

Warning: Model issue on line 63 :
  .model pmos_rvt pmos (level=1 vto=   -5.135242842423680e-01     kp=    9 ...
unrecognized parameter (tcv) - ignored
unrecognized parameter (bex) - ignored

Note: Starting dynamic gmin stepping
Note: Dynamic gmin stepping completed
Note: Starting dynamic gmin stepping
Note: Dynamic gmin stepping completed
Doing analysis at TEMP = 27.000000 and TNOM = 27.000000

Using SPARSE 1.3 as Direct Linear Solver

No. of Data Rows : 1
Doing analysis at TEMP = 27.000000 and TNOM = 27.000000

Using SPARSE 1.3 as Direct Linear Solver

No. of Data Rows : 181
dcgain_             =  1.11098e+02
ugf_hz              =  3.63955e+05
phase_at_ugf        =  8.90315e+01
ugf_hz = 3.639552e+05
pm_deg = 8.903146e+01
Reset re-loads circuit leung_nmcf_pin_3 cmos LOT MC

Circuit: leung_nmcf_pin_3 cmos LOT MC

Warning: Model issue on line 61 :
  .model nmos_rvt nmos (level=1 vto=    5.102549017395603e-01     kp=    1 ...
unrecognized parameter (tcv) - ignored
unrecognized parameter (bex) - ignored

Warning: Model issue on line 63 :
  .model pmos_rvt pmos (level=1 vto=   -5.219725771415191e-01     kp=    1 ...
unrecognized parameter (tcv) - ignored
unrecognized parameter (bex) - ignored

Note: Starting dynamic gmin stepping
Note: Dynamic gmin stepping completed
Note: Starting dynamic gmin stepping
Note: Dynamic gmin stepping completed
Doing analysis at TEMP = 27.000000 and TNOM = 27.000000

Using SPARSE 1.3 as Direct Linear Solver

No. of Data Rows : 1
Doing analysis at TEMP = 27.000000 and TNOM = 27.000000

Using SPARSE 1.3 as Direct Linear Solver

No. of Data Rows : 181
dcgain_             =  1.11242e+02
ugf_hz              =  3.70096e+05
phase_at_ugf        =  8.90335e+01
ugf_hz = 3.700957e+05
pm_deg = 8.903352e+01
Reset re-loads circuit leung_nmcf_pin_3 cmos LOT MC

Circuit: leung_nmcf_pin_3 cmos LOT MC

Warning: Model issue on line 61 :
  .model nmos_rvt nmos (level=1 vto=    5.549092174075420e-01     kp=    2 ...
unrecognized parameter (tcv) - ignored
unrecognized parameter (bex) - ignored

Warning: Model issue on line 63 :
  .model pmos_rvt pmos (level=1 vto=   -5.089831102966439e-01     kp=    9 ...
unrecognized parameter (tcv) - ignored
unrecognized parameter (bex) - ignored

Note: Starting dynamic gmin stepping
Note: Dynamic gmin stepping completed
Note: Starting dynamic gmin stepping
Note: Dynamic gmin stepping completed
Doing analysis at TEMP = 27.000000 and TNOM = 27.000000

Using SPARSE 1.3 as Direct Linear Solver

No. of Data Rows : 1
Doing analysis at TEMP = 27.000000 and TNOM = 27.000000

Using SPARSE 1.3 as Direct Linear Solver

No. of Data Rows : 181
dcgain_             =  1.11165e+02
ugf_hz              =  3.66525e+05
phase_at_ugf        =  8.90344e+01
ugf_hz = 3.665252e+05
pm_deg = 8.903438e+01
Reset re-loads circuit leung_nmcf_pin_3 cmos LOT MC

Circuit: leung_nmcf_pin_3 cmos LOT MC

Warning: Model issue on line 61 :
  .model nmos_rvt nmos (level=1 vto=    5.121581437613267e-01     kp=    1 ...
unrecognized parameter (tcv) - ignored
unrecognized parameter (bex) - ignored

Warning: Model issue on line 63 :
  .model pmos_rvt pmos (level=1 vto=   -4.951982174098612e-01     kp=    9 ...
unrecognized parameter (tcv) - ignored
unrecognized parameter (bex) - ignored

Note: Starting dynamic gmin stepping
Note: Dynamic gmin stepping completed
Note: Starting dynamic gmin stepping
Note: Dynamic gmin stepping completed
Doing analysis at TEMP = 27.000000 and TNOM = 27.000000

Using SPARSE 1.3 as Direct Linear Solver

No. of Data Rows : 1
Doing analysis at TEMP = 27.000000 and TNOM = 27.000000

Using SPARSE 1.3 as Direct Linear Solver

No. of Data Rows : 181
dcgain_             =  1.10878e+02
ugf_hz              =  3.54205e+05
phase_at_ugf        =  8.90341e+01
ugf_hz = 3.542050e+05
pm_deg = 8.903414e+01
Reset re-loads circuit leung_nmcf_pin_3 cmos LOT MC

Circuit: leung_nmcf_pin_3 cmos LOT MC

Warning: Model issue on line 61 :
  .model nmos_rvt nmos (level=1 vto=    4.747465647148401e-01     kp=    1 ...
unrecognized parameter (tcv) - ignored
unrecognized parameter (bex) - ignored

Warning: Model issue on line 63 :
  .model pmos_rvt pmos (level=1 vto=   -4.664530840343785e-01     kp=    1 ...
unrecognized parameter (tcv) - ignored
unrecognized parameter (bex) - ignored

Note: Starting dynamic gmin stepping
Note: Dynamic gmin stepping completed
Note: Starting dynamic gmin stepping
Note: Dynamic gmin stepping completed
Doing analysis at TEMP = 27.000000 and TNOM = 27.000000

Using SPARSE 1.3 as Direct Linear Solver

No. of Data Rows : 1
Doing analysis at TEMP = 27.000000 and TNOM = 27.000000

Using SPARSE 1.3 as Direct Linear Solver

No. of Data Rows : 181
dcgain_             =  1.11318e+02
ugf_hz              =  3.73456e+05
phase_at_ugf        =  8.90343e+01
ugf_hz = 3.734560e+05
pm_deg = 8.903433e+01
Reset re-loads circuit leung_nmcf_pin_3 cmos LOT MC

Circuit: leung_nmcf_pin_3 cmos LOT MC

Warning: Model issue on line 61 :
  .model nmos_rvt nmos (level=1 vto=    5.358386688039378e-01     kp=    2 ...
unrecognized parameter (tcv) - ignored
unrecognized parameter (bex) - ignored

Warning: Model issue on line 63 :
  .model pmos_rvt pmos (level=1 vto=   -5.209848779471767e-01     kp=    9 ...
unrecognized parameter (tcv) - ignored
unrecognized parameter (bex) - ignored

Note: Starting dynamic gmin stepping
Note: Dynamic gmin stepping completed
Note: Starting dynamic gmin stepping
Note: Dynamic gmin stepping completed
Doing analysis at TEMP = 27.000000 and TNOM = 27.000000

Using SPARSE 1.3 as Direct Linear Solver

No. of Data Rows : 1
Doing analysis at TEMP = 27.000000 and TNOM = 27.000000

Using SPARSE 1.3 as Direct Linear Solver

No. of Data Rows : 181
dcgain_             =  1.10810e+02
ugf_hz              =  3.51485e+05
phase_at_ugf        =  8.90341e+01
ugf_hz = 3.514853e+05
pm_deg = 8.903412e+01
Reset re-loads circuit leung_nmcf_pin_3 cmos LOT MC

Circuit: leung_nmcf_pin_3 cmos LOT MC

Warning: Model issue on line 61 :
  .model nmos_rvt nmos (level=1 vto=    4.963539266776497e-01     kp=    2 ...
unrecognized parameter (tcv) - ignored
unrecognized parameter (bex) - ignored

Warning: Model issue on line 63 :
  .model pmos_rvt pmos (level=1 vto=   -5.351722618175223e-01     kp=    1 ...
unrecognized parameter (tcv) - ignored
unrecognized parameter (bex) - ignored

Note: Starting dynamic gmin stepping
Note: Dynamic gmin stepping completed
Note: Starting dynamic gmin stepping
Note: Dynamic gmin stepping completed
Doing analysis at TEMP = 27.000000 and TNOM = 27.000000

Using SPARSE 1.3 as Direct Linear Solver

No. of Data Rows : 1
Doing analysis at TEMP = 27.000000 and TNOM = 27.000000

Using SPARSE 1.3 as Direct Linear Solver
 Reference value :  7.94328e+06
No. of Data Rows : 181
dcgain_             =  1.11172e+02
ugf_hz              =  3.66850e+05
phase_at_ugf        =  8.90364e+01
ugf_hz = 3.668498e+05
pm_deg = 8.903641e+01
Reset re-loads circuit leung_nmcf_pin_3 cmos LOT MC

Circuit: leung_nmcf_pin_3 cmos LOT MC

Warning: Model issue on line 61 :
  .model nmos_rvt nmos (level=1 vto=    5.057079579048872e-01     kp=    1 ...
unrecognized parameter (tcv) - ignored
unrecognized parameter (bex) - ignored

Warning: Model issue on line 63 :
  .model pmos_rvt pmos (level=1 vto=   -5.032401636657945e-01     kp=    1 ...
unrecognized parameter (tcv) - ignored
unrecognized parameter (bex) - ignored

Note: Starting dynamic gmin stepping
Note: Dynamic gmin stepping completed
Note: Starting dynamic gmin stepping
Note: Dynamic gmin stepping completed
Doing analysis at TEMP = 27.000000 and TNOM = 27.000000

Using SPARSE 1.3 as Direct Linear Solver

No. of Data Rows : 1
Doing analysis at TEMP = 27.000000 and TNOM = 27.000000

Using SPARSE 1.3 as Direct Linear Solver

No. of Data Rows : 181
dcgain_             =  1.11319e+02
ugf_hz              =  3.73452e+05
phase_at_ugf        =  8.90335e+01
ugf_hz = 3.734524e+05
pm_deg = 8.903348e+01
Reset re-loads circuit leung_nmcf_pin_3 cmos LOT MC

Circuit: leung_nmcf_pin_3 cmos LOT MC

Warning: Model issue on line 61 :
  .model nmos_rvt nmos (level=1 vto=    5.070661524720744e-01     kp=    2 ...
unrecognized parameter (tcv) - ignored
unrecognized parameter (bex) - ignored

Warning: Model issue on line 63 :
  .model pmos_rvt pmos (level=1 vto=   -5.258233562600633e-01     kp=    9 ...
unrecognized parameter (tcv) - ignored
unrecognized parameter (bex) - ignored

Note: Starting dynamic gmin stepping
Note: Dynamic gmin stepping completed
Note: Starting dynamic gmin stepping
Note: Dynamic gmin stepping completed
Doing analysis at TEMP = 27.000000 and TNOM = 27.000000

Using SPARSE 1.3 as Direct Linear Solver

No. of Data Rows : 1
Doing analysis at TEMP = 27.000000 and TNOM = 27.000000

Using SPARSE 1.3 as Direct Linear Solver

No. of Data Rows : 181
dcgain_             =  1.11005e+02
ugf_hz              =  3.59553e+05
phase_at_ugf        =  8.90361e+01
ugf_hz = 3.595531e+05
pm_deg = 8.903613e+01
Reset re-loads circuit leung_nmcf_pin_3 cmos LOT MC

Circuit: leung_nmcf_pin_3 cmos LOT MC

Warning: Model issue on line 61 :
  .model nmos_rvt nmos (level=1 vto=    5.002875504113916e-01     kp=    1 ...
unrecognized parameter (tcv) - ignored
unrecognized parameter (bex) - ignored

Warning: Model issue on line 63 :
  .model pmos_rvt pmos (level=1 vto=   -4.676913916338479e-01     kp=    1 ...
unrecognized parameter (tcv) - ignored
unrecognized parameter (bex) - ignored

Note: Starting dynamic gmin stepping
Note: Dynamic gmin stepping completed
Note: Starting dynamic gmin stepping
Note: Dynamic gmin stepping completed
Doing analysis at TEMP = 27.000000 and TNOM = 27.000000

Using SPARSE 1.3 as Direct Linear Solver

No. of Data Rows : 1
Doing analysis at TEMP = 27.000000 and TNOM = 27.000000

Using SPARSE 1.3 as Direct Linear Solver

No. of Data Rows : 181
dcgain_             =  1.11366e+02
ugf_hz              =  3.75517e+05
phase_at_ugf        =  8.90337e+01
ugf_hz = 3.755175e+05
pm_deg = 8.903375e+01
Reset re-loads circuit leung_nmcf_pin_3 cmos LOT MC

Circuit: leung_nmcf_pin_3 cmos LOT MC

Warning: Model issue on line 61 :
  .model nmos_rvt nmos (level=1 vto=    5.172217973448090e-01     kp=    2 ...
unrecognized parameter (tcv) - ignored
unrecognized parameter (bex) - ignored

Warning: Model issue on line 63 :
  .model pmos_rvt pmos (level=1 vto=   -4.872246058852697e-01     kp=    1 ...
unrecognized parameter (tcv) - ignored
unrecognized parameter (bex) - ignored

Note: Starting dynamic gmin stepping
Note: Dynamic gmin stepping completed
Note: Starting dynamic gmin stepping
Note: Dynamic gmin stepping completed
Doing analysis at TEMP = 27.000000 and TNOM = 27.000000

Using SPARSE 1.3 as Direct Linear Solver

No. of Data Rows : 1
Doing analysis at TEMP = 27.000000 and TNOM = 27.000000

Using SPARSE 1.3 as Direct Linear Solver

No. of Data Rows : 181
dcgain_             =  1.11339e+02
ugf_hz              =  3.74084e+05
phase_at_ugf        =  8.90365e+01
ugf_hz = 3.740841e+05
pm_deg = 8.903647e+01
Reset re-loads circuit leung_nmcf_pin_3 cmos LOT MC

Circuit: leung_nmcf_pin_3 cmos LOT MC

Warning: Model issue on line 61 :
  .model nmos_rvt nmos (level=1 vto=    4.782562751715579e-01     kp=    1 ...
unrecognized parameter (tcv) - ignored
unrecognized parameter (bex) - ignored

Warning: Model issue on line 63 :
  .model pmos_rvt pmos (level=1 vto=   -4.759278639423862e-01     kp=    1 ...
unrecognized parameter (tcv) - ignored
unrecognized parameter (bex) - ignored

Note: Starting dynamic gmin stepping
Note: Dynamic gmin stepping completed
Note: Starting dynamic gmin stepping
Note: Dynamic gmin stepping completed
Doing analysis at TEMP = 27.000000 and TNOM = 27.000000

Using SPARSE 1.3 as Direct Linear Solver

No. of Data Rows : 1
Doing analysis at TEMP = 27.000000 and TNOM = 27.000000

Using SPARSE 1.3 as Direct Linear Solver

No. of Data Rows : 181
dcgain_             =  1.11187e+02
ugf_hz              =  3.67655e+05
phase_at_ugf        =  8.90347e+01
ugf_hz = 3.676548e+05
pm_deg = 8.903468e+01
Reset re-loads circuit leung_nmcf_pin_3 cmos LOT MC

Circuit: leung_nmcf_pin_3 cmos LOT MC

Warning: Model issue on line 61 :
  .model nmos_rvt nmos (level=1 vto=    5.320617213572933e-01     kp=    2 ...
unrecognized parameter (tcv) - ignored
unrecognized parameter (bex) - ignored

Warning: Model issue on line 63 :
  .model pmos_rvt pmos (level=1 vto=   -5.181213203968745e-01     kp=    8 ...
unrecognized parameter (tcv) - ignored
unrecognized parameter (bex) - ignored

Note: Starting dynamic gmin stepping
Note: Dynamic gmin stepping completed
Note: Starting dynamic gmin stepping
Note: Dynamic gmin stepping completed
Doing analysis at TEMP = 27.000000 and TNOM = 27.000000

Using SPARSE 1.3 as Direct Linear Solver

No. of Data Rows : 1
Doing analysis at TEMP = 27.000000 and TNOM = 27.000000

Using SPARSE 1.3 as Direct Linear Solver

No. of Data Rows : 181
dcgain_             =  1.10671e+02
ugf_hz              =  3.45856e+05
phase_at_ugf        =  8.90373e+01
ugf_hz = 3.458561e+05
pm_deg = 8.903726e+01
Reset re-loads circuit leung_nmcf_pin_3 cmos LOT MC

Circuit: leung_nmcf_pin_3 cmos LOT MC

Warning: Model issue on line 61 :
  .model nmos_rvt nmos (level=1 vto=    4.959927227319101e-01     kp=    2 ...
unrecognized parameter (tcv) - ignored
unrecognized parameter (bex) - ignored

Warning: Model issue on line 63 :
  .model pmos_rvt pmos (level=1 vto=   -4.934878521646565e-01     kp=    1 ...
unrecognized parameter (tcv) - ignored
unrecognized parameter (bex) - ignored

Note: Starting dynamic gmin stepping
Note: Dynamic gmin stepping completed
Note: Starting dynamic gmin stepping
Note: Dynamic gmin stepping completed
Doing analysis at TEMP = 27.000000 and TNOM = 27.000000

Using SPARSE 1.3 as Direct Linear Solver

No. of Data Rows : 1
Doing analysis at TEMP = 27.000000 and TNOM = 27.000000

Using SPARSE 1.3 as Direct Linear Solver

No. of Data Rows : 181
dcgain_             =  1.11554e+02
ugf_hz              =  3.83745e+05
phase_at_ugf        =  8.90347e+01
ugf_hz = 3.837454e+05
pm_deg = 8.903468e+01
Reset re-loads circuit leung_nmcf_pin_3 cmos LOT MC

Circuit: leung_nmcf_pin_3 cmos LOT MC

Warning: Model issue on line 61 :
  .model nmos_rvt nmos (level=1 vto=    4.971402522468900e-01     kp=    1 ...
unrecognized parameter (tcv) - ignored
unrecognized parameter (bex) - ignored

Warning: Model issue on line 63 :
  .model pmos_rvt pmos (level=1 vto=   -4.981198228420507e-01     kp=    9 ...
unrecognized parameter (tcv) - ignored
unrecognized parameter (bex) - ignored

Note: Starting dynamic gmin stepping
Note: Dynamic gmin stepping completed
Note: Starting dynamic gmin stepping
Note: Dynamic gmin stepping completed
Doing analysis at TEMP = 27.000000 and TNOM = 27.000000

Using SPARSE 1.3 as Direct Linear Solver

No. of Data Rows : 1
Doing analysis at TEMP = 27.000000 and TNOM = 27.000000

Using SPARSE 1.3 as Direct Linear Solver

No. of Data Rows : 181
dcgain_             =  1.11068e+02
ugf_hz              =  3.62536e+05
phase_at_ugf        =  8.90333e+01
ugf_hz = 3.625365e+05
pm_deg = 8.903326e+01
Reset re-loads circuit leung_nmcf_pin_3 cmos LOT MC

Circuit: leung_nmcf_pin_3 cmos LOT MC

Warning: Model issue on line 61 :
  .model nmos_rvt nmos (level=1 vto=    4.807325582709465e-01     kp=    2 ...
unrecognized parameter (tcv) - ignored
unrecognized parameter (bex) - ignored

Warning: Model issue on line 63 :
  .model pmos_rvt pmos (level=1 vto=   -4.939910968070214e-01     kp=    9 ...
unrecognized parameter (tcv) - ignored
unrecognized parameter (bex) - ignored

Note: Starting dynamic gmin stepping
Note: Dynamic gmin stepping completed
Note: Starting dynamic gmin stepping
Note: Dynamic gmin stepping completed
Doing analysis at TEMP = 27.000000 and TNOM = 27.000000

Using SPARSE 1.3 as Direct Linear Solver

No. of Data Rows : 1
Doing analysis at TEMP = 27.000000 and TNOM = 27.000000

Using SPARSE 1.3 as Direct Linear Solver

No. of Data Rows : 181
dcgain_             =  1.11034e+02
ugf_hz              =  3.60747e+05
phase_at_ugf        =  8.90386e+01
ugf_hz = 3.607469e+05
pm_deg = 8.903861e+01
Reset re-loads circuit leung_nmcf_pin_3 cmos LOT MC

Circuit: leung_nmcf_pin_3 cmos LOT MC

Warning: Model issue on line 61 :
  .model nmos_rvt nmos (level=1 vto=    5.195037834592688e-01     kp=    2 ...
unrecognized parameter (tcv) - ignored
unrecognized parameter (bex) - ignored

Warning: Model issue on line 63 :
  .model pmos_rvt pmos (level=1 vto=   -5.369762703474349e-01     kp=    9 ...
unrecognized parameter (tcv) - ignored
unrecognized parameter (bex) - ignored

Note: Starting dynamic gmin stepping
Note: Dynamic gmin stepping completed
Note: Starting dynamic gmin stepping
Note: Dynamic gmin stepping completed
Doing analysis at TEMP = 27.000000 and TNOM = 27.000000

Using SPARSE 1.3 as Direct Linear Solver

No. of Data Rows : 1
Doing analysis at TEMP = 27.000000 and TNOM = 27.000000

Using SPARSE 1.3 as Direct Linear Solver

No. of Data Rows : 181
dcgain_             =  1.11088e+02
ugf_hz              =  3.63155e+05
phase_at_ugf        =  8.90360e+01
ugf_hz = 3.631549e+05
pm_deg = 8.903598e+01
Reset re-loads circuit leung_nmcf_pin_3 cmos LOT MC

Circuit: leung_nmcf_pin_3 cmos LOT MC

Warning: Model issue on line 61 :
  .model nmos_rvt nmos (level=1 vto=    5.282421443198233e-01     kp=    2 ...
unrecognized parameter (tcv) - ignored
unrecognized parameter (bex) - ignored

Warning: Model issue on line 63 :
  .model pmos_rvt pmos (level=1 vto=   -4.968668523240327e-01     kp=    1 ...
unrecognized parameter (tcv) - ignored
unrecognized parameter (bex) - ignored

Note: Starting dynamic gmin stepping
Note: Dynamic gmin stepping completed
Note: Starting dynamic gmin stepping
Note: Dynamic gmin stepping completed
Doing analysis at TEMP = 27.000000 and TNOM = 27.000000

Using SPARSE 1.3 as Direct Linear Solver

No. of Data Rows : 1
Doing analysis at TEMP = 27.000000 and TNOM = 27.000000

Using SPARSE 1.3 as Direct Linear Solver

No. of Data Rows : 181
dcgain_             =  1.11294e+02
ugf_hz              =  3.72291e+05
phase_at_ugf        =  8.90340e+01
ugf_hz = 3.722905e+05
pm_deg = 8.903397e+01
Reset re-loads circuit leung_nmcf_pin_3 cmos LOT MC

Circuit: leung_nmcf_pin_3 cmos LOT MC

Warning: Model issue on line 61 :
  .model nmos_rvt nmos (level=1 vto=    5.108624730716269e-01     kp=    1 ...
unrecognized parameter (tcv) - ignored
unrecognized parameter (bex) - ignored

Warning: Model issue on line 63 :
  .model pmos_rvt pmos (level=1 vto=   -4.749112261407346e-01     kp=    9 ...
unrecognized parameter (tcv) - ignored
unrecognized parameter (bex) - ignored

Note: Starting dynamic gmin stepping
Note: Dynamic gmin stepping completed
Note: Starting dynamic gmin stepping
Note: Dynamic gmin stepping completed
Doing analysis at TEMP = 27.000000 and TNOM = 27.000000

Using SPARSE 1.3 as Direct Linear Solver

No. of Data Rows : 1
Doing analysis at TEMP = 27.000000 and TNOM = 27.000000

Using SPARSE 1.3 as Direct Linear Solver

No. of Data Rows : 181
dcgain_             =  1.11013e+02
ugf_hz              =  3.60109e+05
phase_at_ugf        =  8.90329e+01
ugf_hz = 3.601086e+05
pm_deg = 8.903287e+01
Reset re-loads circuit leung_nmcf_pin_3 cmos LOT MC

Circuit: leung_nmcf_pin_3 cmos LOT MC

Warning: Model issue on line 61 :
  .model nmos_rvt nmos (level=1 vto=    4.975809052024630e-01     kp=    1 ...
unrecognized parameter (tcv) - ignored
unrecognized parameter (bex) - ignored

Warning: Model issue on line 63 :
  .model pmos_rvt pmos (level=1 vto=   -5.089035584990239e-01     kp=    1 ...
unrecognized parameter (tcv) - ignored
unrecognized parameter (bex) - ignored

Note: Starting dynamic gmin stepping
Note: Dynamic gmin stepping completed
Doing analysis at TEMP = 27.000000 and TNOM = 27.000000

Using SPARSE 1.3 as Direct Linear Solver
 Reference value :  0.00000e+00Note: Starting dynamic gmin stepping
Note: Dynamic gmin stepping completed

No. of Data Rows : 1
Doing analysis at TEMP = 27.000000 and TNOM = 27.000000

Using SPARSE 1.3 as Direct Linear Solver

No. of Data Rows : 181
dcgain_             =  1.11250e+02
ugf_hz              =  3.70649e+05
phase_at_ugf        =  8.90307e+01
ugf_hz = 3.706492e+05
pm_deg = 8.903070e+01
Reset re-loads circuit leung_nmcf_pin_3 cmos LOT MC

Circuit: leung_nmcf_pin_3 cmos LOT MC

Warning: Model issue on line 61 :
  .model nmos_rvt nmos (level=1 vto=    5.140643399116640e-01     kp=    1 ...
unrecognized parameter (tcv) - ignored
unrecognized parameter (bex) - ignored

Warning: Model issue on line 63 :
  .model pmos_rvt pmos (level=1 vto=   -4.691031235872395e-01     kp=    1 ...
unrecognized parameter (tcv) - ignored
unrecognized parameter (bex) - ignored

Note: Starting dynamic gmin stepping
Note: Dynamic gmin stepping completed
Note: Starting dynamic gmin stepping
Note: Dynamic gmin stepping completed
Doing analysis at TEMP = 27.000000 and TNOM = 27.000000

Using SPARSE 1.3 as Direct Linear Solver

No. of Data Rows : 1
Doing analysis at TEMP = 27.000000 and TNOM = 27.000000

Using SPARSE 1.3 as Direct Linear Solver

No. of Data Rows : 181
dcgain_             =  1.11594e+02
ugf_hz              =  3.85532e+05
phase_at_ugf        =  8.90332e+01
ugf_hz = 3.855321e+05
pm_deg = 8.903321e+01
Reset re-loads circuit leung_nmcf_pin_3 cmos LOT MC

Circuit: leung_nmcf_pin_3 cmos LOT MC

Warning: Model issue on line 61 :
  .model nmos_rvt nmos (level=1 vto=    4.928774225789941e-01     kp=    1 ...
unrecognized parameter (tcv) - ignored
unrecognized parameter (bex) - ignored

Warning: Model issue on line 63 :
  .model pmos_rvt pmos (level=1 vto=   -5.122026097900294e-01     kp=    9 ...
unrecognized parameter (tcv) - ignored
unrecognized parameter (bex) - ignored

Note: Starting dynamic gmin stepping
Note: Dynamic gmin stepping completed
Note: Starting dynamic gmin stepping
Note: Dynamic gmin stepping completed
Doing analysis at TEMP = 27.000000 and TNOM = 27.000000

Using SPARSE 1.3 as Direct Linear Solver

No. of Data Rows : 1
Doing analysis at TEMP = 27.000000 and TNOM = 27.000000

Using SPARSE 1.3 as Direct Linear Solver

No. of Data Rows : 181
dcgain_             =  1.10715e+02
ugf_hz              =  3.47864e+05
phase_at_ugf        =  8.90341e+01
ugf_hz = 3.478643e+05
pm_deg = 8.903409e+01
Reset re-loads circuit leung_nmcf_pin_3 cmos LOT MC

Circuit: leung_nmcf_pin_3 cmos LOT MC

Warning: Model issue on line 61 :
  .model nmos_rvt nmos (level=1 vto=    4.962393754705163e-01     kp=    1 ...
unrecognized parameter (tcv) - ignored
unrecognized parameter (bex) - ignored

Warning: Model issue on line 63 :
  .model pmos_rvt pmos (level=1 vto=   -5.298924966591793e-01     kp=    1 ...
unrecognized parameter (tcv) - ignored
unrecognized parameter (bex) - ignored

Note: Starting dynamic gmin stepping
Note: Dynamic gmin stepping completed
Note: Starting dynamic gmin stepping
Note: Dynamic gmin stepping completed
Doing analysis at TEMP = 27.000000 and TNOM = 27.000000

Using SPARSE 1.3 as Direct Linear Solver

No. of Data Rows : 1
Doing analysis at TEMP = 27.000000 and TNOM = 27.000000

Using SPARSE 1.3 as Direct Linear Solver

No. of Data Rows : 181
dcgain_             =  1.11413e+02
ugf_hz              =  3.77843e+05
phase_at_ugf        =  8.90306e+01
ugf_hz = 3.778434e+05
pm_deg = 8.903055e+01
Reset re-loads circuit leung_nmcf_pin_3 cmos LOT MC

Circuit: leung_nmcf_pin_3 cmos LOT MC

Warning: Model issue on line 61 :
  .model nmos_rvt nmos (level=1 vto=    4.559770377339373e-01     kp=    1 ...
unrecognized parameter (tcv) - ignored
unrecognized parameter (bex) - ignored

Warning: Model issue on line 63 :
  .model pmos_rvt pmos (level=1 vto=   -5.052790703932956e-01     kp=    9 ...
unrecognized parameter (tcv) - ignored
unrecognized parameter (bex) - ignored

Note: Starting dynamic gmin stepping
Note: Dynamic gmin stepping completed
Note: Starting dynamic gmin stepping
Note: Dynamic gmin stepping completed
Doing analysis at TEMP = 27.000000 and TNOM = 27.000000

Using SPARSE 1.3 as Direct Linear Solver

No. of Data Rows : 1
Doing analysis at TEMP = 27.000000 and TNOM = 27.000000

Using SPARSE 1.3 as Direct Linear Solver

No. of Data Rows : 181
dcgain_             =  1.10712e+02
ugf_hz              =  3.47804e+05
phase_at_ugf        =  8.90345e+01
ugf_hz = 3.478043e+05
pm_deg = 8.903451e+01
Reset re-loads circuit leung_nmcf_pin_3 cmos LOT MC

Circuit: leung_nmcf_pin_3 cmos LOT MC

Warning: Model issue on line 61 :
  .model nmos_rvt nmos (level=1 vto=    4.672142706628868e-01     kp=    1 ...
unrecognized parameter (tcv) - ignored
unrecognized parameter (bex) - ignored

Warning: Model issue on line 63 :
  .model pmos_rvt pmos (level=1 vto=   -4.982641297022584e-01     kp=    1 ...
unrecognized parameter (tcv) - ignored
unrecognized parameter (bex) - ignored

Note: Starting dynamic gmin stepping
Note: Dynamic gmin stepping completed
Note: Starting dynamic gmin stepping
Note: Dynamic gmin stepping completed
Doing analysis at TEMP = 27.000000 and TNOM = 27.000000

Using SPARSE 1.3 as Direct Linear Solver

No. of Data Rows : 1
Doing analysis at TEMP = 27.000000 and TNOM = 27.000000

Using SPARSE 1.3 as Direct Linear Solver

No. of Data Rows : 181
dcgain_             =  1.11284e+02
ugf_hz              =  3.71981e+05
phase_at_ugf        =  8.90340e+01
ugf_hz = 3.719811e+05
pm_deg = 8.903397e+01
Reset re-loads circuit leung_nmcf_pin_3 cmos LOT MC

Circuit: leung_nmcf_pin_3 cmos LOT MC

Warning: Model issue on line 61 :
  .model nmos_rvt nmos (level=1 vto=    5.043352159368011e-01     kp=    1 ...
unrecognized parameter (tcv) - ignored
unrecognized parameter (bex) - ignored

Warning: Model issue on line 63 :
  .model pmos_rvt pmos (level=1 vto=   -4.892826031579566e-01     kp=    9 ...
unrecognized parameter (tcv) - ignored
unrecognized parameter (bex) - ignored

Note: Starting dynamic gmin stepping
Note: Dynamic gmin stepping completed
Note: Starting dynamic gmin stepping
Note: Dynamic gmin stepping completed
Doing analysis at TEMP = 27.000000 and TNOM = 27.000000

Using SPARSE 1.3 as Direct Linear Solver

No. of Data Rows : 1
Doing analysis at TEMP = 27.000000 and TNOM = 27.000000

Using SPARSE 1.3 as Direct Linear Solver

No. of Data Rows : 181
dcgain_             =  1.10906e+02
ugf_hz              =  3.55456e+05
phase_at_ugf        =  8.90330e+01
ugf_hz = 3.554555e+05
pm_deg = 8.903296e+01
Reset re-loads circuit leung_nmcf_pin_3 cmos LOT MC

Circuit: leung_nmcf_pin_3 cmos LOT MC

Warning: Model issue on line 61 :
  .model nmos_rvt nmos (level=1 vto=    4.746191046290943e-01     kp=    2 ...
unrecognized parameter (tcv) - ignored
unrecognized parameter (bex) - ignored

Warning: Model issue on line 63 :
  .model pmos_rvt pmos (level=1 vto=   -4.644496524523321e-01     kp=    1 ...
unrecognized parameter (tcv) - ignored
unrecognized parameter (bex) - ignored

Note: Starting dynamic gmin stepping
Note: Dynamic gmin stepping completed
Note: Starting dynamic gmin stepping
Note: Dynamic gmin stepping completed
Doing analysis at TEMP = 27.000000 and TNOM = 27.000000

Using SPARSE 1.3 as Direct Linear Solver

No. of Data Rows : 1
Doing analysis at TEMP = 27.000000 and TNOM = 27.000000

Using SPARSE 1.3 as Direct Linear Solver

No. of Data Rows : 181
dcgain_             =  1.11185e+02
ugf_hz              =  3.67544e+05
phase_at_ugf        =  8.90357e+01
ugf_hz = 3.675437e+05
pm_deg = 8.903566e+01
Reset re-loads circuit leung_nmcf_pin_3 cmos LOT MC

Circuit: leung_nmcf_pin_3 cmos LOT MC

Warning: Model issue on line 61 :
  .model nmos_rvt nmos (level=1 vto=    4.896037876079909e-01     kp=    1 ...
unrecognized parameter (tcv) - ignored
unrecognized parameter (bex) - ignored

Warning: Model issue on line 63 :
  .model pmos_rvt pmos (level=1 vto=   -4.677015346150982e-01     kp=    9 ...
unrecognized parameter (tcv) - ignored
unrecognized parameter (bex) - ignored

Note: Starting dynamic gmin stepping
Note: Dynamic gmin stepping completed
Note: Starting dynamic gmin stepping
Note: Dynamic gmin stepping completed
Doing analysis at TEMP = 27.000000 and TNOM = 27.000000

Using SPARSE 1.3 as Direct Linear Solver

No. of Data Rows : 1
Doing analysis at TEMP = 27.000000 and TNOM = 27.000000

Using SPARSE 1.3 as Direct Linear Solver

No. of Data Rows : 181
dcgain_             =  1.11115e+02
ugf_hz              =  3.64534e+05
phase_at_ugf        =  8.90338e+01
ugf_hz = 3.645340e+05
pm_deg = 8.903384e+01
Reset re-loads circuit leung_nmcf_pin_3 cmos LOT MC

Circuit: leung_nmcf_pin_3 cmos LOT MC

Warning: Model issue on line 61 :
  .model nmos_rvt nmos (level=1 vto=    5.266690243568017e-01     kp=    1 ...
unrecognized parameter (tcv) - ignored
unrecognized parameter (bex) - ignored

Warning: Model issue on line 63 :
  .model pmos_rvt pmos (level=1 vto=   -5.007851046787181e-01     kp=    9 ...
unrecognized parameter (tcv) - ignored
unrecognized parameter (bex) - ignored

Note: Starting dynamic gmin stepping
Note: Dynamic gmin stepping completed
Note: Starting dynamic gmin stepping
Note: Dynamic gmin stepping completed
Doing analysis at TEMP = 27.000000 and TNOM = 27.000000

Using SPARSE 1.3 as Direct Linear Solver

No. of Data Rows : 1
Doing analysis at TEMP = 27.000000 and TNOM = 27.000000

Using SPARSE 1.3 as Direct Linear Solver

No. of Data Rows : 181
dcgain_             =  1.10897e+02
ugf_hz              =  3.54971e+05
phase_at_ugf        =  8.90334e+01
ugf_hz = 3.549712e+05
pm_deg = 8.903340e+01
Reset re-loads circuit leung_nmcf_pin_3 cmos LOT MC

Circuit: leung_nmcf_pin_3 cmos LOT MC

Warning: Model issue on line 61 :
  .model nmos_rvt nmos (level=1 vto=    5.166690695245776e-01     kp=    2 ...
unrecognized parameter (tcv) - ignored
unrecognized parameter (bex) - ignored

Warning: Model issue on line 63 :
  .model pmos_rvt pmos (level=1 vto=   -5.142971448179907e-01     kp=    1 ...
unrecognized parameter (tcv) - ignored
unrecognized parameter (bex) - ignored

Note: Starting dynamic gmin stepping
Note: Dynamic gmin stepping completed
Note: Starting dynamic gmin stepping
Note: Dynamic gmin stepping completed
Doing analysis at TEMP = 27.000000 and TNOM = 27.000000

Using SPARSE 1.3 as Direct Linear Solver

No. of Data Rows : 1
Doing analysis at TEMP = 27.000000 and TNOM = 27.000000

Using SPARSE 1.3 as Direct Linear Solver

No. of Data Rows : 181
dcgain_             =  1.11510e+02
ugf_hz              =  3.81761e+05
phase_at_ugf        =  8.90344e+01
ugf_hz = 3.817605e+05
pm_deg = 8.903442e+01
Reset re-loads circuit leung_nmcf_pin_3 cmos LOT MC

Circuit: leung_nmcf_pin_3 cmos LOT MC

Warning: Model issue on line 61 :
  .model nmos_rvt nmos (level=1 vto=    5.367524289747513e-01     kp=    2 ...
unrecognized parameter (tcv) - ignored
unrecognized parameter (bex) - ignored

Warning: Model issue on line 63 :
  .model pmos_rvt pmos (level=1 vto=   -5.044024252465025e-01     kp=    9 ...
unrecognized parameter (tcv) - ignored
unrecognized parameter (bex) - ignored

Note: Starting dynamic gmin stepping
Note: Dynamic gmin stepping completed
Note: Starting dynamic gmin stepping
Note: Dynamic gmin stepping completed
Doing analysis at TEMP = 27.000000 and TNOM = 27.000000

Using SPARSE 1.3 as Direct Linear Solver

No. of Data Rows : 1
Doing analysis at TEMP = 27.000000 and TNOM = 27.000000

Using SPARSE 1.3 as Direct Linear Solver
 Reference value :  3.54813e+06
No. of Data Rows : 181
dcgain_             =  1.11140e+02
ugf_hz              =  3.65583e+05
phase_at_ugf        =  8.90328e+01
ugf_hz = 3.655831e+05
pm_deg = 8.903282e+01
Reset re-loads circuit leung_nmcf_pin_3 cmos LOT MC

Circuit: leung_nmcf_pin_3 cmos LOT MC

Warning: Model issue on line 61 :
  .model nmos_rvt nmos (level=1 vto=    5.220877674523207e-01     kp=    1 ...
unrecognized parameter (tcv) - ignored
unrecognized parameter (bex) - ignored

Warning: Model issue on line 63 :
  .model pmos_rvt pmos (level=1 vto=   -5.082091699138048e-01     kp=    1 ...
unrecognized parameter (tcv) - ignored
unrecognized parameter (bex) - ignored

Note: Starting dynamic gmin stepping
Note: Dynamic gmin stepping completed
Note: Starting dynamic gmin stepping
Note: Dynamic gmin stepping completed
Doing analysis at TEMP = 27.000000 and TNOM = 27.000000

Using SPARSE 1.3 as Direct Linear Solver

No. of Data Rows : 1
Doing analysis at TEMP = 27.000000 and TNOM = 27.000000

Using SPARSE 1.3 as Direct Linear Solver

No. of Data Rows : 181
dcgain_             =  1.11378e+02
ugf_hz              =  3.76200e+05
phase_at_ugf        =  8.90306e+01
ugf_hz = 3.762002e+05
pm_deg = 8.903062e+01
Reset re-loads circuit leung_nmcf_pin_3 cmos LOT MC

Circuit: leung_nmcf_pin_3 cmos LOT MC

Warning: Model issue on line 61 :
  .model nmos_rvt nmos (level=1 vto=    5.430673894682430e-01     kp=    1 ...
unrecognized parameter (tcv) - ignored
unrecognized parameter (bex) - ignored

Warning: Model issue on line 63 :
  .model pmos_rvt pmos (level=1 vto=   -4.843997660471010e-01     kp=    1 ...
unrecognized parameter (tcv) - ignored
unrecognized parameter (bex) - ignored

Note: Starting dynamic gmin stepping
Note: Dynamic gmin stepping completed
Note: Starting dynamic gmin stepping
Note: Dynamic gmin stepping completed
Doing analysis at TEMP = 27.000000 and TNOM = 27.000000

Using SPARSE 1.3 as Direct Linear Solver

No. of Data Rows : 1
Doing analysis at TEMP = 27.000000 and TNOM = 27.000000

Using SPARSE 1.3 as Direct Linear Solver

No. of Data Rows : 181
dcgain_             =  1.11597e+02
ugf_hz              =  3.85668e+05
phase_at_ugf        =  8.90320e+01
ugf_hz = 3.856677e+05
pm_deg = 8.903198e+01
Reset re-loads circuit leung_nmcf_pin_3 cmos LOT MC

Circuit: leung_nmcf_pin_3 cmos LOT MC

Warning: Model issue on line 61 :
  .model nmos_rvt nmos (level=1 vto=    4.997355935047602e-01     kp=    1 ...
unrecognized parameter (tcv) - ignored
unrecognized parameter (bex) - ignored

Warning: Model issue on line 63 :
  .model pmos_rvt pmos (level=1 vto=   -5.209431599181296e-01     kp=    9 ...
unrecognized parameter (tcv) - ignored
unrecognized parameter (bex) - ignored

Note: Starting dynamic gmin stepping
Note: Dynamic gmin stepping completed
Note: Starting dynamic gmin stepping
Note: Dynamic gmin stepping completed
Doing analysis at TEMP = 27.000000 and TNOM = 27.000000

Using SPARSE 1.3 as Direct Linear Solver

No. of Data Rows : 1
Doing analysis at TEMP = 27.000000 and TNOM = 27.000000

Using SPARSE 1.3 as Direct Linear Solver

No. of Data Rows : 181
dcgain_             =  1.10881e+02
ugf_hz              =  3.54326e+05
phase_at_ugf        =  8.90349e+01
ugf_hz = 3.543259e+05
pm_deg = 8.903493e+01
Reset re-loads circuit leung_nmcf_pin_3 cmos LOT MC

Circuit: leung_nmcf_pin_3 cmos LOT MC

Warning: Model issue on line 61 :
  .model nmos_rvt nmos (level=1 vto=    5.359877004447042e-01     kp=    1 ...
unrecognized parameter (tcv) - ignored
unrecognized parameter (bex) - ignored

Warning: Model issue on line 63 :
  .model pmos_rvt pmos (level=1 vto=   -4.518472404834687e-01     kp=    1 ...
unrecognized parameter (tcv) - ignored
unrecognized parameter (bex) - ignored

Note: Starting dynamic gmin stepping
Note: Dynamic gmin stepping completed
Note: Starting dynamic gmin stepping
Note: Dynamic gmin stepping completed
Doing analysis at TEMP = 27.000000 and TNOM = 27.000000

Using SPARSE 1.3 as Direct Linear Solver

No. of Data Rows : 1
Doing analysis at TEMP = 27.000000 and TNOM = 27.000000

Using SPARSE 1.3 as Direct Linear Solver

No. of Data Rows : 181
dcgain_             =  1.11344e+02
ugf_hz              =  3.74590e+05
phase_at_ugf        =  8.90318e+01
ugf_hz = 3.745897e+05
pm_deg = 8.903183e+01
Reset re-loads circuit leung_nmcf_pin_3 cmos LOT MC

Circuit: leung_nmcf_pin_3 cmos LOT MC

Warning: Model issue on line 61 :
  .model nmos_rvt nmos (level=1 vto=    5.127927736217782e-01     kp=    1 ...
unrecognized parameter (tcv) - ignored
unrecognized parameter (bex) - ignored

Warning: Model issue on line 63 :
  .model pmos_rvt pmos (level=1 vto=   -4.861033736455212e-01     kp=    9 ...
unrecognized parameter (tcv) - ignored
unrecognized parameter (bex) - ignored

Note: Starting dynamic gmin stepping
Note: Dynamic gmin stepping completed
Note: Starting dynamic gmin stepping
Note: Dynamic gmin stepping completed
Doing analysis at TEMP = 27.000000 and TNOM = 27.000000

Using SPARSE 1.3 as Direct Linear Solver

No. of Data Rows : 1
Doing analysis at TEMP = 27.000000 and TNOM = 27.000000

Using SPARSE 1.3 as Direct Linear Solver

No. of Data Rows : 181
dcgain_             =  1.11145e+02
ugf_hz              =  3.65945e+05
phase_at_ugf        =  8.90320e+01
ugf_hz = 3.659446e+05
pm_deg = 8.903198e+01
Reset re-loads circuit leung_nmcf_pin_3 cmos LOT MC

Circuit: leung_nmcf_pin_3 cmos LOT MC

Warning: Model issue on line 61 :
  .model nmos_rvt nmos (level=1 vto=    5.087948483468470e-01     kp=    2 ...
unrecognized parameter (tcv) - ignored
unrecognized parameter (bex) - ignored

Warning: Model issue on line 63 :
  .model pmos_rvt pmos (level=1 vto=   -5.109568424667612e-01     kp=    1 ...
unrecognized parameter (tcv) - ignored
unrecognized parameter (bex) - ignored

Note: Starting dynamic gmin stepping
Note: Dynamic gmin stepping completed
Note: Starting dynamic gmin stepping
Note: Dynamic gmin stepping completed
Doing analysis at TEMP = 27.000000 and TNOM = 27.000000

Using SPARSE 1.3 as Direct Linear Solver

No. of Data Rows : 1
Doing analysis at TEMP = 27.000000 and TNOM = 27.000000

Using SPARSE 1.3 as Direct Linear Solver

No. of Data Rows : 181
dcgain_             =  1.11460e+02
ugf_hz              =  3.79494e+05
phase_at_ugf        =  8.90354e+01
ugf_hz = 3.794940e+05
pm_deg = 8.903542e+01
Reset re-loads circuit leung_nmcf_pin_3 cmos LOT MC

Circuit: leung_nmcf_pin_3 cmos LOT MC

Warning: Model issue on line 61 :
  .model nmos_rvt nmos (level=1 vto=    4.956280029964518e-01     kp=    1 ...
unrecognized parameter (tcv) - ignored
unrecognized parameter (bex) - ignored

Warning: Model issue on line 63 :
  .model pmos_rvt pmos (level=1 vto=   -4.890504031946922e-01     kp=    1 ...
unrecognized parameter (tcv) - ignored
unrecognized parameter (bex) - ignored

Note: Starting dynamic gmin stepping
Note: Dynamic gmin stepping completed
Note: Starting dynamic gmin stepping
Note: Dynamic gmin stepping completed
Doing analysis at TEMP = 27.000000 and TNOM = 27.000000

Using SPARSE 1.3 as Direct Linear Solver

No. of Data Rows : 1
Doing analysis at TEMP = 27.000000 and TNOM = 27.000000

Using SPARSE 1.3 as Direct Linear Solver

No. of Data Rows : 181
dcgain_             =  1.11373e+02
ugf_hz              =  3.75989e+05
phase_at_ugf        =  8.90316e+01
ugf_hz = 3.759890e+05
pm_deg = 8.903155e+01
Reset re-loads circuit leung_nmcf_pin_3 cmos LOT MC

Circuit: leung_nmcf_pin_3 cmos LOT MC

Warning: Model issue on line 61 :
  .model nmos_rvt nmos (level=1 vto=    4.922469505633189e-01     kp=    1 ...
unrecognized parameter (tcv) - ignored
unrecognized parameter (bex) - ignored

Warning: Model issue on line 63 :
  .model pmos_rvt pmos (level=1 vto=   -5.082559913818824e-01     kp=    1 ...
unrecognized parameter (tcv) - ignored
unrecognized parameter (bex) - ignored

Note: Starting dynamic gmin stepping
Note: Dynamic gmin stepping completed
Note: Starting dynamic gmin stepping
Note: Dynamic gmin stepping completed
Doing analysis at TEMP = 27.000000 and TNOM = 27.000000

Using SPARSE 1.3 as Direct Linear Solver

No. of Data Rows : 1
Doing analysis at TEMP = 27.000000 and TNOM = 27.000000

Using SPARSE 1.3 as Direct Linear Solver

No. of Data Rows : 181
dcgain_             =  1.11299e+02
ugf_hz              =  3.72827e+05
phase_at_ugf        =  8.90306e+01
ugf_hz = 3.728274e+05
pm_deg = 8.903060e+01
Reset re-loads circuit leung_nmcf_pin_3 cmos LOT MC

Circuit: leung_nmcf_pin_3 cmos LOT MC

Warning: Model issue on line 61 :
  .model nmos_rvt nmos (level=1 vto=    5.272966454789570e-01     kp=    1 ...
unrecognized parameter (tcv) - ignored
unrecognized parameter (bex) - ignored

Warning: Model issue on line 63 :
  .model pmos_rvt pmos (level=1 vto=   -5.226403685052201e-01     kp=    9 ...
unrecognized parameter (tcv) - ignored
unrecognized parameter (bex) - ignored

Note: Starting dynamic gmin stepping
Note: Dynamic gmin stepping completed
Note: Starting dynamic gmin stepping
Note: Dynamic gmin stepping completed
Doing analysis at TEMP = 27.000000 and TNOM = 27.000000

Using SPARSE 1.3 as Direct Linear Solver

No. of Data Rows : 1
Doing analysis at TEMP = 27.000000 and TNOM = 27.000000

Using SPARSE 1.3 as Direct Linear Solver

No. of Data Rows : 181
dcgain_             =  1.11064e+02
ugf_hz              =  3.62329e+05
phase_at_ugf        =  8.90327e+01
ugf_hz = 3.623291e+05
pm_deg = 8.903272e+01
Reset re-loads circuit leung_nmcf_pin_3 cmos LOT MC

Circuit: leung_nmcf_pin_3 cmos LOT MC

Warning: Model issue on line 61 :
  .model nmos_rvt nmos (level=1 vto=    4.912536455075042e-01     kp=    2 ...
unrecognized parameter (tcv) - ignored
unrecognized parameter (bex) - ignored

Warning: Model issue on line 63 :
  .model pmos_rvt pmos (level=1 vto=   -4.812355293773944e-01     kp=    9 ...
unrecognized parameter (tcv) - ignored
unrecognized parameter (bex) - ignored

Note: Starting dynamic gmin stepping
Note: Dynamic gmin stepping completed
Note: Starting dynamic gmin stepping
Note: Dynamic gmin stepping completed
Doing analysis at TEMP = 27.000000 and TNOM = 27.000000

Using SPARSE 1.3 as Direct Linear Solver

No. of Data Rows : 1
Doing analysis at TEMP = 27.000000 and TNOM = 27.000000

Using SPARSE 1.3 as Direct Linear Solver

No. of Data Rows : 181
dcgain_             =  1.10965e+02
ugf_hz              =  3.57654e+05
phase_at_ugf        =  8.90393e+01
ugf_hz = 3.576542e+05
pm_deg = 8.903932e+01
Reset re-loads circuit leung_nmcf_pin_3 cmos LOT MC

Circuit: leung_nmcf_pin_3 cmos LOT MC

Warning: Model issue on line 61 :
  .model nmos_rvt nmos (level=1 vto=    4.719992472758375e-01     kp=    2 ...
unrecognized parameter (tcv) - ignored
unrecognized parameter (bex) - ignored

Warning: Model issue on line 63 :
  .model pmos_rvt pmos (level=1 vto=   -4.839774971891664e-01     kp=    1 ...
unrecognized parameter (tcv) - ignored
unrecognized parameter (bex) - ignored

Note: Starting dynamic gmin stepping
Note: Dynamic gmin stepping completed
Note: Starting dynamic gmin stepping
Note: Dynamic gmin stepping completed
Doing analysis at TEMP = 27.000000 and TNOM = 27.000000

Using SPARSE 1.3 as Direct Linear Solver

No. of Data Rows : 1
Doing analysis at TEMP = 27.000000 and TNOM = 27.000000

Using SPARSE 1.3 as Direct Linear Solver

No. of Data Rows : 181
dcgain_             =  1.11206e+02
ugf_hz              =  3.68417e+05
phase_at_ugf        =  8.90361e+01
ugf_hz = 3.684170e+05
pm_deg = 8.903608e+01
Reset re-loads circuit leung_nmcf_pin_3 cmos LOT MC

Circuit: leung_nmcf_pin_3 cmos LOT MC

Warning: Model issue on line 61 :
  .model nmos_rvt nmos (level=1 vto=    5.149683724657101e-01     kp=    1 ...
unrecognized parameter (tcv) - ignored
unrecognized parameter (bex) - ignored

Warning: Model issue on line 63 :
  .model pmos_rvt pmos (level=1 vto=   -5.040299691223379e-01     kp=    9 ...
unrecognized parameter (tcv) - ignored
unrecognized parameter (bex) - ignored

Note: Starting dynamic gmin stepping
Note: Dynamic gmin stepping completed
Note: Starting dynamic gmin stepping
Note: Dynamic gmin stepping completed
Doing analysis at TEMP = 27.000000 and TNOM = 27.000000

Using SPARSE 1.3 as Direct Linear Solver

No. of Data Rows : 1
Doing analysis at TEMP = 27.000000 and TNOM = 27.000000

Using SPARSE 1.3 as Direct Linear Solver

No. of Data Rows : 181
dcgain_             =  1.10902e+02
ugf_hz              =  3.55232e+05
phase_at_ugf        =  8.90337e+01
ugf_hz = 3.552319e+05
pm_deg = 8.903369e+01
Reset re-loads circuit leung_nmcf_pin_3 cmos LOT MC

Circuit: leung_nmcf_pin_3 cmos LOT MC

Warning: Model issue on line 61 :
  .model nmos_rvt nmos (level=1 vto=    5.252263370166476e-01     kp=    2 ...
unrecognized parameter (tcv) - ignored
unrecognized parameter (bex) - ignored

Warning: Model issue on line 63 :
  .model pmos_rvt pmos (level=1 vto=   -4.953664589335787e-01     kp=    1 ...
unrecognized parameter (tcv) - ignored
unrecognized parameter (bex) - ignored

Note: Starting dynamic gmin stepping
Note: Dynamic gmin stepping completed
Note: Starting dynamic gmin stepping
Note: Dynamic gmin stepping completed
Doing analysis at TEMP = 27.000000 and TNOM = 27.000000

Using SPARSE 1.3 as Direct Linear Solver

No. of Data Rows : 1
Doing analysis at TEMP = 27.000000 and TNOM = 27.000000

Using SPARSE 1.3 as Direct Linear Solver

No. of Data Rows : 181
dcgain_             =  1.11549e+02
ugf_hz              =  3.83481e+05
phase_at_ugf        =  8.90338e+01
ugf_hz = 3.834812e+05
pm_deg = 8.903381e+01
Reset re-loads circuit leung_nmcf_pin_3 cmos LOT MC

Circuit: leung_nmcf_pin_3 cmos LOT MC

Warning: Model issue on line 61 :
  .model nmos_rvt nmos (level=1 vto=    4.752896519377345e-01     kp=    2 ...
unrecognized parameter (tcv) - ignored
unrecognized parameter (bex) - ignored

Warning: Model issue on line 63 :
  .model pmos_rvt pmos (level=1 vto=   -5.118722356409166e-01     kp=    9 ...
unrecognized parameter (tcv) - ignored
unrecognized parameter (bex) - ignored

Note: Starting dynamic gmin stepping
Note: Dynamic gmin stepping completed
Note: Starting dynamic gmin stepping
Note: Dynamic gmin stepping completed
Doing analysis at TEMP = 27.000000 and TNOM = 27.000000

Using SPARSE 1.3 as Direct Linear Solver

No. of Data Rows : 1
Doing analysis at TEMP = 27.000000 and TNOM = 27.000000

Using SPARSE 1.3 as Direct Linear Solver
 Reference value :  3.54813e+01
No. of Data Rows : 181
dcgain_             =  1.10997e+02
ugf_hz              =  3.59263e+05
phase_at_ugf        =  8.90364e+01
ugf_hz = 3.592629e+05
pm_deg = 8.903637e+01
Reset re-loads circuit leung_nmcf_pin_3 cmos LOT MC

Circuit: leung_nmcf_pin_3 cmos LOT MC

Warning: Model issue on line 61 :
  .model nmos_rvt nmos (level=1 vto=    5.083544016327645e-01     kp=    1 ...
unrecognized parameter (tcv) - ignored
unrecognized parameter (bex) - ignored

Warning: Model issue on line 63 :
  .model pmos_rvt pmos (level=1 vto=   -5.081637966787640e-01     kp=    1 ...
unrecognized parameter (tcv) - ignored
unrecognized parameter (bex) - ignored

Note: Starting dynamic gmin stepping
Note: Dynamic gmin stepping completed
Note: Starting dynamic gmin stepping
Note: Dynamic gmin stepping completed
Doing analysis at TEMP = 27.000000 and TNOM = 27.000000

Using SPARSE 1.3 as Direct Linear Solver

No. of Data Rows : 1
Doing analysis at TEMP = 27.000000 and TNOM = 27.000000

Using SPARSE 1.3 as Direct Linear Solver

No. of Data Rows : 181
dcgain_             =  1.11359e+02
ugf_hz              =  3.75316e+05
phase_at_ugf        =  8.90319e+01
ugf_hz = 3.753164e+05
pm_deg = 8.903188e+01
Reset re-loads circuit leung_nmcf_pin_3 cmos LOT MC

Circuit: leung_nmcf_pin_3 cmos LOT MC

Warning: Model issue on line 61 :
  .model nmos_rvt nmos (level=1 vto=    4.718968059150563e-01     kp=    2 ...
unrecognized parameter (tcv) - ignored
unrecognized parameter (bex) - ignored

Warning: Model issue on line 63 :
  .model pmos_rvt pmos (level=1 vto=   -4.689408490960936e-01     kp=    9 ...
unrecognized parameter (tcv) - ignored
unrecognized parameter (bex) - ignored

Note: Starting dynamic gmin stepping
Note: Dynamic gmin stepping completed
Note: Starting dynamic gmin stepping
Note: Dynamic gmin stepping completed
Doing analysis at TEMP = 27.000000 and TNOM = 27.000000

Using SPARSE 1.3 as Direct Linear Solver

No. of Data Rows : 1
Doing analysis at TEMP = 27.000000 and TNOM = 27.000000

Using SPARSE 1.3 as Direct Linear Solver

No. of Data Rows : 181
dcgain_             =  1.10939e+02
ugf_hz              =  3.56647e+05
phase_at_ugf        =  8.90382e+01
ugf_hz = 3.566475e+05
pm_deg = 8.903820e+01
Reset re-loads circuit leung_nmcf_pin_3 cmos LOT MC

Circuit: leung_nmcf_pin_3 cmos LOT MC

Warning: Model issue on line 61 :
  .model nmos_rvt nmos (level=1 vto=    4.870424312722698e-01     kp=    1 ...
unrecognized parameter (tcv) - ignored
unrecognized parameter (bex) - ignored

Warning: Model issue on line 63 :
  .model pmos_rvt pmos (level=1 vto=   -4.910222382248534e-01     kp=    1 ...
unrecognized parameter (tcv) - ignored
unrecognized parameter (bex) - ignored

Note: Starting dynamic gmin stepping
Note: Dynamic gmin stepping completed
Note: Starting dynamic gmin stepping
Note: Dynamic gmin stepping completed
Doing analysis at TEMP = 27.000000 and TNOM = 27.000000

Using SPARSE 1.3 as Direct Linear Solver

No. of Data Rows : 1
Doing analysis at TEMP = 27.000000 and TNOM = 27.000000

Using SPARSE 1.3 as Direct Linear Solver

No. of Data Rows : 181
dcgain_             =  1.11349e+02
ugf_hz              =  3.74902e+05
phase_at_ugf        =  8.90327e+01
ugf_hz = 3.749017e+05
pm_deg = 8.903274e+01
Reset re-loads circuit leung_nmcf_pin_3 cmos LOT MC

Circuit: leung_nmcf_pin_3 cmos LOT MC

Warning: Model issue on line 61 :
  .model nmos_rvt nmos (level=1 vto=    4.926707156342039e-01     kp=    1 ...
unrecognized parameter (tcv) - ignored
unrecognized parameter (bex) - ignored

Warning: Model issue on line 63 :
  .model pmos_rvt pmos (level=1 vto=   -4.985024891923059e-01     kp=    9 ...
unrecognized parameter (tcv) - ignored
unrecognized parameter (bex) - ignored

Note: Starting dynamic gmin stepping
Note: Dynamic gmin stepping completed
Note: Starting dynamic gmin stepping
Note: Dynamic gmin stepping completed
Doing analysis at TEMP = 27.000000 and TNOM = 27.000000

Using SPARSE 1.3 as Direct Linear Solver

No. of Data Rows : 1
Doing analysis at TEMP = 27.000000 and TNOM = 27.000000

Using SPARSE 1.3 as Direct Linear Solver

No. of Data Rows : 181
dcgain_             =  1.10923e+02
ugf_hz              =  3.56261e+05
phase_at_ugf        =  8.90326e+01
ugf_hz = 3.562606e+05
pm_deg = 8.903257e+01
Reset re-loads circuit leung_nmcf_pin_3 cmos LOT MC

Circuit: leung_nmcf_pin_3 cmos LOT MC

Warning: Model issue on line 61 :
  .model nmos_rvt nmos (level=1 vto=    4.990612123255394e-01     kp=    2 ...
unrecognized parameter (tcv) - ignored
unrecognized parameter (bex) - ignored

Warning: Model issue on line 63 :
  .model pmos_rvt pmos (level=1 vto=   -4.704324365097067e-01     kp=    9 ...
unrecognized parameter (tcv) - ignored
unrecognized parameter (bex) - ignored

Note: Starting dynamic gmin stepping
Note: Dynamic gmin stepping completed
Note: Starting dynamic gmin stepping
Note: Dynamic gmin stepping completed
Doing analysis at TEMP = 27.000000 and TNOM = 27.000000

Using SPARSE 1.3 as Direct Linear Solver

No. of Data Rows : 1
Doing analysis at TEMP = 27.000000 and TNOM = 27.000000

Using SPARSE 1.3 as Direct Linear Solver

No. of Data Rows : 181
dcgain_             =  1.11045e+02
ugf_hz              =  3.61378e+05
phase_at_ugf        =  8.90351e+01
ugf_hz = 3.613776e+05
pm_deg = 8.903509e+01
Reset re-loads circuit leung_nmcf_pin_3 cmos LOT MC

Circuit: leung_nmcf_pin_3 cmos LOT MC

Warning: Model issue on line 61 :
  .model nmos_rvt nmos (level=1 vto=    5.079203852231436e-01     kp=    2 ...
unrecognized parameter (tcv) - ignored
unrecognized parameter (bex) - ignored

Warning: Model issue on line 63 :
  .model pmos_rvt pmos (level=1 vto=   -4.945917044094054e-01     kp=    9 ...
unrecognized parameter (tcv) - ignored
unrecognized parameter (bex) - ignored

Note: Starting dynamic gmin stepping
Note: Dynamic gmin stepping completed
Note: Starting dynamic gmin stepping
Note: Dynamic gmin stepping completed
Doing analysis at TEMP = 27.000000 and TNOM = 27.000000

Using SPARSE 1.3 as Direct Linear Solver

No. of Data Rows : 1
Doing analysis at TEMP = 27.000000 and TNOM = 27.000000

Using SPARSE 1.3 as Direct Linear Solver

No. of Data Rows : 181
dcgain_             =  1.11161e+02
ugf_hz              =  3.66349e+05
phase_at_ugf        =  8.90364e+01
ugf_hz = 3.663491e+05
pm_deg = 8.903640e+01
Reset re-loads circuit leung_nmcf_pin_3 cmos LOT MC

Circuit: leung_nmcf_pin_3 cmos LOT MC

Warning: Model issue on line 61 :
  .model nmos_rvt nmos (level=1 vto=    4.974012873482276e-01     kp=    1 ...
unrecognized parameter (tcv) - ignored
unrecognized parameter (bex) - ignored

Warning: Model issue on line 63 :
  .model pmos_rvt pmos (level=1 vto=   -5.076661613326695e-01     kp=    1 ...
unrecognized parameter (tcv) - ignored
unrecognized parameter (bex) - ignored

Note: Starting dynamic gmin stepping
Note: Dynamic gmin stepping completed
Note: Starting dynamic gmin stepping
Note: Dynamic gmin stepping completed
Doing analysis at TEMP = 27.000000 and TNOM = 27.000000

Using SPARSE 1.3 as Direct Linear Solver

No. of Data Rows : 1
Doing analysis at TEMP = 27.000000 and TNOM = 27.000000

Using SPARSE 1.3 as Direct Linear Solver

No. of Data Rows : 181
dcgain_             =  1.11415e+02
ugf_hz              =  3.77863e+05
phase_at_ugf        =  8.90315e+01
ugf_hz = 3.778634e+05
pm_deg = 8.903151e+01
Reset re-loads circuit leung_nmcf_pin_3 cmos LOT MC

Circuit: leung_nmcf_pin_3 cmos LOT MC

Warning: Model issue on line 61 :
  .model nmos_rvt nmos (level=1 vto=    4.969569843377934e-01     kp=    1 ...
unrecognized parameter (tcv) - ignored
unrecognized parameter (bex) - ignored

Warning: Model issue on line 63 :
  .model pmos_rvt pmos (level=1 vto=   -5.003419589358892e-01     kp=    9 ...
unrecognized parameter (tcv) - ignored
unrecognized parameter (bex) - ignored

Note: Starting dynamic gmin stepping
Note: Dynamic gmin stepping completed
Note: Starting dynamic gmin stepping
Note: Dynamic gmin stepping completed
Doing analysis at TEMP = 27.000000 and TNOM = 27.000000

Using SPARSE 1.3 as Direct Linear Solver

No. of Data Rows : 1
Doing analysis at TEMP = 27.000000 and TNOM = 27.000000

Using SPARSE 1.3 as Direct Linear Solver

No. of Data Rows : 181
dcgain_             =  1.11072e+02
ugf_hz              =  3.62619e+05
phase_at_ugf        =  8.90347e+01
ugf_hz = 3.626190e+05
pm_deg = 8.903470e+01
Reset re-loads circuit leung_nmcf_pin_3 cmos LOT MC

Circuit: leung_nmcf_pin_3 cmos LOT MC

Warning: Model issue on line 61 :
  .model nmos_rvt nmos (level=1 vto=    4.894435455077860e-01     kp=    2 ...
unrecognized parameter (tcv) - ignored
unrecognized parameter (bex) - ignored

Warning: Model issue on line 63 :
  .model pmos_rvt pmos (level=1 vto=   -4.987100957271423e-01     kp=    1 ...
unrecognized parameter (tcv) - ignored
unrecognized parameter (bex) - ignored

Note: Starting dynamic gmin stepping
Note: Dynamic gmin stepping completed
Note: Starting dynamic gmin stepping
Note: Dynamic gmin stepping completed
Doing analysis at TEMP = 27.000000 and TNOM = 27.000000

Using SPARSE 1.3 as Direct Linear Solver

No. of Data Rows : 1
Doing analysis at TEMP = 27.000000 and TNOM = 27.000000

Using SPARSE 1.3 as Direct Linear Solver

No. of Data Rows : 181
dcgain_             =  1.11675e+02
ugf_hz              =  3.88954e+05
phase_at_ugf        =  8.90364e+01
ugf_hz = 3.889537e+05
pm_deg = 8.903636e+01
Reset re-loads circuit leung_nmcf_pin_3 cmos LOT MC

Circuit: leung_nmcf_pin_3 cmos LOT MC

Warning: Model issue on line 61 :
  .model nmos_rvt nmos (level=1 vto=    5.043953124387206e-01     kp=    1 ...
unrecognized parameter (tcv) - ignored
unrecognized parameter (bex) - ignored

Warning: Model issue on line 63 :
  .model pmos_rvt pmos (level=1 vto=   -5.053105387956740e-01     kp=    9 ...
unrecognized parameter (tcv) - ignored
unrecognized parameter (bex) - ignored

Note: Starting dynamic gmin stepping
Note: Dynamic gmin stepping completed
Note: Starting dynamic gmin stepping
Note: Dynamic gmin stepping completed
Doing analysis at TEMP = 27.000000 and TNOM = 27.000000

Using SPARSE 1.3 as Direct Linear Solver

No. of Data Rows : 1
Doing analysis at TEMP = 27.000000 and TNOM = 27.000000

Using SPARSE 1.3 as Direct Linear Solver
 Reference value :  2.81838e+03
No. of Data Rows : 181
dcgain_             =  1.11017e+02
ugf_hz              =  3.60255e+05
phase_at_ugf        =  8.90336e+01
ugf_hz = 3.602552e+05
pm_deg = 8.903358e+01
Reset re-loads circuit leung_nmcf_pin_3 cmos LOT MC

Circuit: leung_nmcf_pin_3 cmos LOT MC

Warning: Model issue on line 61 :
  .model nmos_rvt nmos (level=1 vto=    5.065797567429964e-01     kp=    2 ...
unrecognized parameter (tcv) - ignored
unrecognized parameter (bex) - ignored

Warning: Model issue on line 63 :
  .model pmos_rvt pmos (level=1 vto=   -5.215026409503222e-01     kp=    9 ...
unrecognized parameter (tcv) - ignored
unrecognized parameter (bex) - ignored

Note: Starting dynamic gmin stepping
Note: Dynamic gmin stepping completed
Note: Starting dynamic gmin stepping
Note: Dynamic gmin stepping completed
Doing analysis at TEMP = 27.000000 and TNOM = 27.000000

Using SPARSE 1.3 as Direct Linear Solver

No. of Data Rows : 1
Doing analysis at TEMP = 27.000000 and TNOM = 27.000000

Using SPARSE 1.3 as Direct Linear Solver

No. of Data Rows : 181
dcgain_             =  1.10921e+02
ugf_hz              =  3.55911e+05
phase_at_ugf        =  8.90361e+01
ugf_hz = 3.559111e+05
pm_deg = 8.903615e+01
Reset re-loads circuit leung_nmcf_pin_3 cmos LOT MC

Circuit: leung_nmcf_pin_3 cmos LOT MC

Warning: Model issue on line 61 :
  .model nmos_rvt nmos (level=1 vto=    5.228622902502675e-01     kp=    1 ...
unrecognized parameter (tcv) - ignored
unrecognized parameter (bex) - ignored

Warning: Model issue on line 63 :
  .model pmos_rvt pmos (level=1 vto=   -5.059219905470613e-01     kp=    1 ...
unrecognized parameter (tcv) - ignored
unrecognized parameter (bex) - ignored

Note: Starting dynamic gmin stepping
Note: Dynamic gmin stepping completed
Note: Starting dynamic gmin stepping
Note: Dynamic gmin stepping completed
Doing analysis at TEMP = 27.000000 and TNOM = 27.000000

Using SPARSE 1.3 as Direct Linear Solver

No. of Data Rows : 1
Doing analysis at TEMP = 27.000000 and TNOM = 27.000000

Using SPARSE 1.3 as Direct Linear Solver

No. of Data Rows : 181
dcgain_             =  1.11249e+02
ugf_hz              =  3.70392e+05
phase_at_ugf        =  8.90328e+01
ugf_hz = 3.703921e+05
pm_deg = 8.903279e+01
Reset re-loads circuit leung_nmcf_pin_3 cmos LOT MC

Circuit: leung_nmcf_pin_3 cmos LOT MC

Warning: Model issue on line 61 :
  .model nmos_rvt nmos (level=1 vto=    4.938952084771611e-01     kp=    2 ...
unrecognized parameter (tcv) - ignored
unrecognized parameter (bex) - ignored

Warning: Model issue on line 63 :
  .model pmos_rvt pmos (level=1 vto=   -5.231281776253738e-01     kp=    1 ...
unrecognized parameter (tcv) - ignored
unrecognized parameter (bex) - ignored

Note: Starting dynamic gmin stepping
Note: Dynamic gmin stepping completed
Note: Starting dynamic gmin stepping
Note: Dynamic gmin stepping completed
Doing analysis at TEMP = 27.000000 and TNOM = 27.000000

Using SPARSE 1.3 as Direct Linear Solver

No. of Data Rows : 1
Doing analysis at TEMP = 27.000000 and TNOM = 27.000000

Using SPARSE 1.3 as Direct Linear Solver

No. of Data Rows : 181
dcgain_             =  1.11263e+02
ugf_hz              =  3.70958e+05
phase_at_ugf        =  8.90347e+01
ugf_hz = 3.709580e+05
pm_deg = 8.903473e+01
Reset re-loads circuit leung_nmcf_pin_3 cmos LOT MC

Circuit: leung_nmcf_pin_3 cmos LOT MC

Warning: Model issue on line 61 :
  .model nmos_rvt nmos (level=1 vto=    4.805723510851702e-01     kp=    1 ...
unrecognized parameter (tcv) - ignored
unrecognized parameter (bex) - ignored

Warning: Model issue on line 63 :
  .model pmos_rvt pmos (level=1 vto=   -4.850558241431597e-01     kp=    1 ...
unrecognized parameter (tcv) - ignored
unrecognized parameter (bex) - ignored

Note: Starting dynamic gmin stepping
Note: Dynamic gmin stepping completed
Note: Starting dynamic gmin stepping
Note: Dynamic gmin stepping completed
Doing analysis at TEMP = 27.000000 and TNOM = 27.000000

Using SPARSE 1.3 as Direct Linear Solver

No. of Data Rows : 1
Doing analysis at TEMP = 27.000000 and TNOM = 27.000000

Using SPARSE 1.3 as Direct Linear Solver

No. of Data Rows : 181
dcgain_             =  1.11491e+02
ugf_hz              =  3.81120e+05
phase_at_ugf        =  8.90328e+01
ugf_hz = 3.811196e+05
pm_deg = 8.903277e+01
Reset re-loads circuit leung_nmcf_pin_3 cmos LOT MC

Circuit: leung_nmcf_pin_3 cmos LOT MC

Warning: Model issue on line 61 :
  .model nmos_rvt nmos (level=1 vto=    5.158542612522886e-01     kp=    1 ...
unrecognized parameter (tcv) - ignored
unrecognized parameter (bex) - ignored

Warning: Model issue on line 63 :
  .model pmos_rvt pmos (level=1 vto=   -5.383492204752497e-01     kp=    9 ...
unrecognized parameter (tcv) - ignored
unrecognized parameter (bex) - ignored

Note: Starting dynamic gmin stepping
Note: Dynamic gmin stepping completed
Note: Starting dynamic gmin stepping
Note: Dynamic gmin stepping completed
Doing analysis at TEMP = 27.000000 and TNOM = 27.000000

Using SPARSE 1.3 as Direct Linear Solver

No. of Data Rows : 1
Doing analysis at TEMP = 27.000000 and TNOM = 27.000000

Using SPARSE 1.3 as Direct Linear Solver

No. of Data Rows : 181
dcgain_             =  1.10810e+02
ugf_hz              =  3.51567e+05
phase_at_ugf        =  8.90338e+01
ugf_hz = 3.515670e+05
pm_deg = 8.903382e+01
Reset re-loads circuit leung_nmcf_pin_3 cmos LOT MC

Circuit: leung_nmcf_pin_3 cmos LOT MC

Warning: Model issue on line 61 :
  .model nmos_rvt nmos (level=1 vto=    5.254886637583993e-01     kp=    2 ...
unrecognized parameter (tcv) - ignored
unrecognized parameter (bex) - ignored

Warning: Model issue on line 63 :
  .model pmos_rvt pmos (level=1 vto=   -4.894199543219537e-01     kp=    9 ...
unrecognized parameter (tcv) - ignored
unrecognized parameter (bex) - ignored

Note: Starting dynamic gmin stepping
Note: Dynamic gmin stepping completed
Note: Starting dynamic gmin stepping
Note: Dynamic gmin stepping completed
Doing analysis at TEMP = 27.000000 and TNOM = 27.000000

Using SPARSE 1.3 as Direct Linear Solver

No. of Data Rows : 1
Doing analysis at TEMP = 27.000000 and TNOM = 27.000000

Using SPARSE 1.3 as Direct Linear Solver

No. of Data Rows : 181
dcgain_             =  1.11142e+02
ugf_hz              =  3.65524e+05
phase_at_ugf        =  8.90354e+01
ugf_hz = 3.655239e+05
pm_deg = 8.903540e+01
Reset re-loads circuit leung_nmcf_pin_3 cmos LOT MC

Circuit: leung_nmcf_pin_3 cmos LOT MC

Warning: Model issue on line 61 :
  .model nmos_rvt nmos (level=1 vto=    4.810200495032090e-01     kp=    1 ...
unrecognized parameter (tcv) - ignored
unrecognized parameter (bex) - ignored

Warning: Model issue on line 63 :
  .model pmos_rvt pmos (level=1 vto=   -4.974426675892432e-01     kp=    1 ...
unrecognized parameter (tcv) - ignored
unrecognized parameter (bex) - ignored

Note: Starting dynamic gmin stepping
Note: Dynamic gmin stepping completed
Note: Starting dynamic gmin stepping
Note: Dynamic gmin stepping completed
Doing analysis at TEMP = 27.000000 and TNOM = 27.000000

Using SPARSE 1.3 as Direct Linear Solver

No. of Data Rows : 1
Doing analysis at TEMP = 27.000000 and TNOM = 27.000000

Using SPARSE 1.3 as Direct Linear Solver

No. of Data Rows : 181
dcgain_             =  1.11172e+02
ugf_hz              =  3.67083e+05
phase_at_ugf        =  8.90336e+01
ugf_hz = 3.670828e+05
pm_deg = 8.903365e+01
Reset re-loads circuit leung_nmcf_pin_3 cmos LOT MC

Circuit: leung_nmcf_pin_3 cmos LOT MC

Warning: Model issue on line 61 :
  .model nmos_rvt nmos (level=1 vto=    5.122770713085669e-01     kp=    1 ...
unrecognized parameter (tcv) - ignored
unrecognized parameter (bex) - ignored

Warning: Model issue on line 63 :
  .model pmos_rvt pmos (level=1 vto=   -4.633987073135094e-01     kp=    1 ...
unrecognized parameter (tcv) - ignored
unrecognized parameter (bex) - ignored

Note: Starting dynamic gmin stepping
Note: Dynamic gmin stepping completed
Note: Starting dynamic gmin stepping
Note: Dynamic gmin stepping completed
Doing analysis at TEMP = 27.000000 and TNOM = 27.000000

Using SPARSE 1.3 as Direct Linear Solver

No. of Data Rows : 1
Doing analysis at TEMP = 27.000000 and TNOM = 27.000000

Using SPARSE 1.3 as Direct Linear Solver

No. of Data Rows : 181
dcgain_             =  1.11579e+02
ugf_hz              =  3.84892e+05
phase_at_ugf        =  8.90332e+01
ugf_hz = 3.848921e+05
pm_deg = 8.903324e+01
Reset re-loads circuit leung_nmcf_pin_3 cmos LOT MC

Circuit: leung_nmcf_pin_3 cmos LOT MC

Warning: Model issue on line 61 :
  .model nmos_rvt nmos (level=1 vto=    4.858669380101966e-01     kp=    2 ...
unrecognized parameter (tcv) - ignored
unrecognized parameter (bex) - ignored

Warning: Model issue on line 63 :
  .model pmos_rvt pmos (level=1 vto=   -4.862871680786544e-01     kp=    9 ...
unrecognized parameter (tcv) - ignored
unrecognized parameter (bex) - ignored

Note: Starting dynamic gmin stepping
Note: Dynamic gmin stepping completed
Note: Starting dynamic gmin stepping
Note: Dynamic gmin stepping completed
Doing analysis at TEMP = 27.000000 and TNOM = 27.000000

Using SPARSE 1.3 as Direct Linear Solver

No. of Data Rows : 1
Doing analysis at TEMP = 27.000000 and TNOM = 27.000000

Using SPARSE 1.3 as Direct Linear Solver

No. of Data Rows : 181
dcgain_             =  1.11115e+02
ugf_hz              =  3.64387e+05
phase_at_ugf        =  8.90363e+01
ugf_hz = 3.643872e+05
pm_deg = 8.903628e+01
Reset re-loads circuit leung_nmcf_pin_3 cmos LOT MC

Circuit: leung_nmcf_pin_3 cmos LOT MC

Warning: Model issue on line 61 :
  .model nmos_rvt nmos (level=1 vto=    5.185902276195815e-01     kp=    2 ...
unrecognized parameter (tcv) - ignored
unrecognized parameter (bex) - ignored

Warning: Model issue on line 63 :
  .model pmos_rvt pmos (level=1 vto=   -4.830891640477743e-01     kp=    9 ...
unrecognized parameter (tcv) - ignored
unrecognized parameter (bex) - ignored

Note: Starting dynamic gmin stepping
Note: Dynamic gmin stepping completed
Note: Starting dynamic gmin stepping
Note: Dynamic gmin stepping completed
Doing analysis at TEMP = 27.000000 and TNOM = 27.000000

Using SPARSE 1.3 as Direct Linear Solver

No. of Data Rows : 1
Doing analysis at TEMP = 27.000000 and TNOM = 27.000000

Using SPARSE 1.3 as Direct Linear Solver
 Reference value :  1.58489e+08
No. of Data Rows : 181
dcgain_             =  1.11152e+02
ugf_hz              =  3.66041e+05
phase_at_ugf        =  8.90346e+01
ugf_hz = 3.660408e+05
pm_deg = 8.903457e+01
Reset re-loads circuit leung_nmcf_pin_3 cmos LOT MC

Circuit: leung_nmcf_pin_3 cmos LOT MC

Warning: Model issue on line 61 :
  .model nmos_rvt nmos (level=1 vto=    5.079237719008365e-01     kp=    2 ...
unrecognized parameter (tcv) - ignored
unrecognized parameter (bex) - ignored

Warning: Model issue on line 63 :
  .model pmos_rvt pmos (level=1 vto=   -4.835069096273643e-01     kp=    1 ...
unrecognized parameter (tcv) - ignored
unrecognized parameter (bex) - ignored

Note: Starting dynamic gmin stepping
Note: Dynamic gmin stepping completed
Note: Starting dynamic gmin stepping
Note: Dynamic gmin stepping completed
Doing analysis at TEMP = 27.000000 and TNOM = 27.000000

Using SPARSE 1.3 as Direct Linear Solver

No. of Data Rows : 1
Doing analysis at TEMP = 27.000000 and TNOM = 27.000000

Using SPARSE 1.3 as Direct Linear Solver

No. of Data Rows : 181
dcgain_             =  1.11472e+02
ugf_hz              =  3.80018e+05
phase_at_ugf        =  8.90358e+01
ugf_hz = 3.800179e+05
pm_deg = 8.903576e+01
Reset re-loads circuit leung_nmcf_pin_3 cmos LOT MC

Circuit: leung_nmcf_pin_3 cmos LOT MC

Warning: Model issue on line 61 :
  .model nmos_rvt nmos (level=1 vto=    5.345292192081537e-01     kp=    2 ...
unrecognized parameter (tcv) - ignored
unrecognized parameter (bex) - ignored

Warning: Model issue on line 63 :
  .model pmos_rvt pmos (level=1 vto=   -5.053121269310810e-01     kp=    1 ...
unrecognized parameter (tcv) - ignored
unrecognized parameter (bex) - ignored

Note: Starting dynamic gmin stepping
Note: Dynamic gmin stepping completed
Note: Starting dynamic gmin stepping
Note: Dynamic gmin stepping completed
Doing analysis at TEMP = 27.000000 and TNOM = 27.000000

Using SPARSE 1.3 as Direct Linear Solver

No. of Data Rows : 1
Doing analysis at TEMP = 27.000000 and TNOM = 27.000000

Using SPARSE 1.3 as Direct Linear Solver

No. of Data Rows : 181
dcgain_             =  1.11539e+02
ugf_hz              =  3.82985e+05
phase_at_ugf        =  8.90344e+01
ugf_hz = 3.829850e+05
pm_deg = 8.903444e+01
Reset re-loads circuit leung_nmcf_pin_3 cmos LOT MC

Circuit: leung_nmcf_pin_3 cmos LOT MC

Warning: Model issue on line 61 :
  .model nmos_rvt nmos (level=1 vto=    5.015481360445920e-01     kp=    1 ...
unrecognized parameter (tcv) - ignored
unrecognized parameter (bex) - ignored

Warning: Model issue on line 63 :
  .model pmos_rvt pmos (level=1 vto=   -4.847764593921337e-01     kp=    1 ...
unrecognized parameter (tcv) - ignored
unrecognized parameter (bex) - ignored

Note: Starting dynamic gmin stepping
Note: Dynamic gmin stepping completed
Note: Starting dynamic gmin stepping
Note: Dynamic gmin stepping completed
Doing analysis at TEMP = 27.000000 and TNOM = 27.000000

Using SPARSE 1.3 as Direct Linear Solver

No. of Data Rows : 1
Doing analysis at TEMP = 27.000000 and TNOM = 27.000000

Using SPARSE 1.3 as Direct Linear Solver

No. of Data Rows : 181
dcgain_             =  1.11390e+02
ugf_hz              =  3.76674e+05
phase_at_ugf        =  8.90323e+01
ugf_hz = 3.766743e+05
pm_deg = 8.903228e+01
Reset re-loads circuit leung_nmcf_pin_3 cmos LOT MC

Circuit: leung_nmcf_pin_3 cmos LOT MC

Warning: Model issue on line 61 :
  .model nmos_rvt nmos (level=1 vto=    5.360365078745980e-01     kp=    1 ...
unrecognized parameter (tcv) - ignored
unrecognized parameter (bex) - ignored

Warning: Model issue on line 63 :
  .model pmos_rvt pmos (level=1 vto=   -4.941365169270903e-01     kp=    9 ...
unrecognized parameter (tcv) - ignored
unrecognized parameter (bex) - ignored

Note: Starting dynamic gmin stepping
Note: Dynamic gmin stepping completed
Note: Starting dynamic gmin stepping
Note: Dynamic gmin stepping completed
Doing analysis at TEMP = 27.000000 and TNOM = 27.000000

Using SPARSE 1.3 as Direct Linear Solver

No. of Data Rows : 1
Doing analysis at TEMP = 27.000000 and TNOM = 27.000000

Using SPARSE 1.3 as Direct Linear Solver

No. of Data Rows : 181
dcgain_             =  1.10951e+02
ugf_hz              =  3.57409e+05
phase_at_ugf        =  8.90320e+01
ugf_hz = 3.574091e+05
pm_deg = 8.903202e+01
Reset re-loads circuit leung_nmcf_pin_3 cmos LOT MC

Circuit: leung_nmcf_pin_3 cmos LOT MC

Warning: Model issue on line 61 :
  .model nmos_rvt nmos (level=1 vto=    4.908458914222572e-01     kp=    1 ...
unrecognized parameter (tcv) - ignored
unrecognized parameter (bex) - ignored

Warning: Model issue on line 63 :
  .model pmos_rvt pmos (level=1 vto=   -4.986836295414691e-01     kp=    1 ...
unrecognized parameter (tcv) - ignored
unrecognized parameter (bex) - ignored

Note: Starting dynamic gmin stepping
Note: Dynamic gmin stepping completed
Note: Starting dynamic gmin stepping
Note: Dynamic gmin stepping completed
Doing analysis at TEMP = 27.000000 and TNOM = 27.000000

Using SPARSE 1.3 as Direct Linear Solver

No. of Data Rows : 1
Doing analysis at TEMP = 27.000000 and TNOM = 27.000000

Using SPARSE 1.3 as Direct Linear Solver

No. of Data Rows : 181
dcgain_             =  1.11333e+02
ugf_hz              =  3.74156e+05
phase_at_ugf        =  8.90331e+01
ugf_hz = 3.741559e+05
pm_deg = 8.903307e+01
Reset re-loads circuit leung_nmcf_pin_3 cmos LOT MC

Circuit: leung_nmcf_pin_3 cmos LOT MC

Warning: Model issue on line 61 :
  .model nmos_rvt nmos (level=1 vto=    5.262798641980057e-01     kp=    2 ...
unrecognized parameter (tcv) - ignored
unrecognized parameter (bex) - ignored

Warning: Model issue on line 63 :
  .model pmos_rvt pmos (level=1 vto=   -5.125994687853240e-01     kp=    9 ...
unrecognized parameter (tcv) - ignored
unrecognized parameter (bex) - ignored

Note: Starting dynamic gmin stepping
Note: Dynamic gmin stepping completed
Note: Starting dynamic gmin stepping
Note: Dynamic gmin stepping completed
Doing analysis at TEMP = 27.000000 and TNOM = 27.000000

Using SPARSE 1.3 as Direct Linear Solver

No. of Data Rows : 1
Doing analysis at TEMP = 27.000000 and TNOM = 27.000000

Using SPARSE 1.3 as Direct Linear Solver

No. of Data Rows : 181
dcgain_             =  1.11079e+02
ugf_hz              =  3.62817e+05
phase_at_ugf        =  8.90347e+01
ugf_hz = 3.628174e+05
pm_deg = 8.903472e+01
Reset re-loads circuit leung_nmcf_pin_3 cmos LOT MC

Circuit: leung_nmcf_pin_3 cmos LOT MC

Warning: Model issue on line 61 :
  .model nmos_rvt nmos (level=1 vto=    4.816675311089643e-01     kp=    1 ...
unrecognized parameter (tcv) - ignored
unrecognized parameter (bex) - ignored

Warning: Model issue on line 63 :
  .model pmos_rvt pmos (level=1 vto=   -4.854120193163964e-01     kp=    9 ...
unrecognized parameter (tcv) - ignored
unrecognized parameter (bex) - ignored

Note: Starting dynamic gmin stepping
Note: Dynamic gmin stepping completed
Note: Starting dynamic gmin stepping
Note: Dynamic gmin stepping completed
Doing analysis at TEMP = 27.000000 and TNOM = 27.000000

Using SPARSE 1.3 as Direct Linear Solver

No. of Data Rows : 1
Doing analysis at TEMP = 27.000000 and TNOM = 27.000000

Using SPARSE 1.3 as Direct Linear Solver

No. of Data Rows : 181
dcgain_             =  1.10952e+02
ugf_hz              =  3.57480e+05
phase_at_ugf        =  8.90337e+01
ugf_hz = 3.574798e+05
pm_deg = 8.903369e+01
Reset re-loads circuit leung_nmcf_pin_3 cmos LOT MC

Circuit: leung_nmcf_pin_3 cmos LOT MC

Warning: Model issue on line 61 :
  .model nmos_rvt nmos (level=1 vto=    4.929155158050045e-01     kp=    2 ...
unrecognized parameter (tcv) - ignored
unrecognized parameter (bex) - ignored

Warning: Model issue on line 63 :
  .model pmos_rvt pmos (level=1 vto=   -4.831420259189609e-01     kp=    1 ...
unrecognized parameter (tcv) - ignored
unrecognized parameter (bex) - ignored

Note: Starting dynamic gmin stepping
Note: Dynamic gmin stepping completed
Note: Starting dynamic gmin stepping
Note: Dynamic gmin stepping completed
Doing analysis at TEMP = 27.000000 and TNOM = 27.000000

Using SPARSE 1.3 as Direct Linear Solver

No. of Data Rows : 1
Doing analysis at TEMP = 27.000000 and TNOM = 27.000000

Using SPARSE 1.3 as Direct Linear Solver

No. of Data Rows : 181
dcgain_             =  1.11313e+02
ugf_hz              =  3.73082e+05
phase_at_ugf        =  8.90354e+01
ugf_hz = 3.730817e+05
pm_deg = 8.903541e+01
Reset re-loads circuit leung_nmcf_pin_3 cmos LOT MC

Circuit: leung_nmcf_pin_3 cmos LOT MC

Warning: Model issue on line 61 :
  .model nmos_rvt nmos (level=1 vto=    4.990802335508607e-01     kp=    1 ...
unrecognized parameter (tcv) - ignored
unrecognized parameter (bex) - ignored

Warning: Model issue on line 63 :
  .model pmos_rvt pmos (level=1 vto=   -5.312964763757171e-01     kp=    9 ...
unrecognized parameter (tcv) - ignored
unrecognized parameter (bex) - ignored

Note: Starting dynamic gmin stepping
Note: Dynamic gmin stepping completed
Note: Starting dynamic gmin stepping
Note: Dynamic gmin stepping completed
Doing analysis at TEMP = 27.000000 and TNOM = 27.000000

Using SPARSE 1.3 as Direct Linear Solver

No. of Data Rows : 1
Doing analysis at TEMP = 27.000000 and TNOM = 27.000000

Using SPARSE 1.3 as Direct Linear Solver

No. of Data Rows : 181
dcgain_             =  1.11042e+02
ugf_hz              =  3.61395e+05
phase_at_ugf        =  8.90334e+01
ugf_hz = 3.613946e+05
pm_deg = 8.903338e+01
Reset re-loads circuit leung_nmcf_pin_3 cmos LOT MC

Circuit: leung_nmcf_pin_3 cmos LOT MC

Warning: Model issue on line 61 :
  .model nmos_rvt nmos (level=1 vto=    5.170710780535244e-01     kp=    2 ...
unrecognized parameter (tcv) - ignored
unrecognized parameter (bex) - ignored

Warning: Model issue on line 63 :
  .model pmos_rvt pmos (level=1 vto=   -5.125673542145355e-01     kp=    9 ...
unrecognized parameter (tcv) - ignored
unrecognized parameter (bex) - ignored

Note: Starting dynamic gmin stepping
Note: Dynamic gmin stepping completed
Note: Starting dynamic gmin stepping
Note: Dynamic gmin stepping completed
Doing analysis at TEMP = 27.000000 and TNOM = 27.000000

Using SPARSE 1.3 as Direct Linear Solver

No. of Data Rows : 1
Doing analysis at TEMP = 27.000000 and TNOM = 27.000000

Using SPARSE 1.3 as Direct Linear Solver

No. of Data Rows : 181
dcgain_             =  1.11140e+02
ugf_hz              =  3.65461e+05
phase_at_ugf        =  8.90357e+01
ugf_hz = 3.654611e+05
pm_deg = 8.903575e+01
Reset re-loads circuit leung_nmcf_pin_3 cmos LOT MC

Circuit: leung_nmcf_pin_3 cmos LOT MC

Warning: Model issue on line 61 :
  .model nmos_rvt nmos (level=1 vto=    4.847970705813259e-01     kp=    1 ...
unrecognized parameter (tcv) - ignored
unrecognized parameter (bex) - ignored

Warning: Model issue on line 63 :
  .model pmos_rvt pmos (level=1 vto=   -4.836340762564766e-01     kp=    9 ...
unrecognized parameter (tcv) - ignored
unrecognized parameter (bex) - ignored

Note: Starting dynamic gmin stepping
Note: Dynamic gmin stepping completed
Note: Starting dynamic gmin stepping
Note: Dynamic gmin stepping completed
Doing analysis at TEMP = 27.000000 and TNOM = 27.000000

Using SPARSE 1.3 as Direct Linear Solver

No. of Data Rows : 1
Doing analysis at TEMP = 27.000000 and TNOM = 27.000000

Using SPARSE 1.3 as Direct Linear Solver
 Reference value :  5.62341e+02
No. of Data Rows : 181
dcgain_             =  1.11010e+02
ugf_hz              =  3.59972e+05
phase_at_ugf        =  8.90343e+01
ugf_hz = 3.599719e+05
pm_deg = 8.903428e+01
Reset re-loads circuit leung_nmcf_pin_3 cmos LOT MC

Circuit: leung_nmcf_pin_3 cmos LOT MC

Warning: Model issue on line 61 :
  .model nmos_rvt nmos (level=1 vto=    5.003810441070478e-01     kp=    2 ...
unrecognized parameter (tcv) - ignored
unrecognized parameter (bex) - ignored

Warning: Model issue on line 63 :
  .model pmos_rvt pmos (level=1 vto=   -4.788916343856632e-01     kp=    1 ...
unrecognized parameter (tcv) - ignored
unrecognized parameter (bex) - ignored

Note: Starting dynamic gmin stepping
Note: Dynamic gmin stepping completed
Note: Starting dynamic gmin stepping
Note: Dynamic gmin stepping completed
Doing analysis at TEMP = 27.000000 and TNOM = 27.000000

Using SPARSE 1.3 as Direct Linear Solver

No. of Data Rows : 1
Doing analysis at TEMP = 27.000000 and TNOM = 27.000000

Using SPARSE 1.3 as Direct Linear Solver

No. of Data Rows : 181
dcgain_             =  1.11274e+02
ugf_hz              =  3.71468e+05
phase_at_ugf        =  8.90340e+01
ugf_hz = 3.714677e+05
pm_deg = 8.903403e+01
Reset re-loads circuit leung_nmcf_pin_3 cmos LOT MC

Circuit: leung_nmcf_pin_3 cmos LOT MC

Warning: Model issue on line 61 :
  .model nmos_rvt nmos (level=1 vto=    5.038851969497670e-01     kp=    1 ...
unrecognized parameter (tcv) - ignored
unrecognized parameter (bex) - ignored

Warning: Model issue on line 63 :
  .model pmos_rvt pmos (level=1 vto=   -4.838321940776187e-01     kp=    1 ...
unrecognized parameter (tcv) - ignored
unrecognized parameter (bex) - ignored

Note: Starting dynamic gmin stepping
Note: Dynamic gmin stepping completed
Note: Starting dynamic gmin stepping
Note: Dynamic gmin stepping completed
Doing analysis at TEMP = 27.000000 and TNOM = 27.000000

Using SPARSE 1.3 as Direct Linear Solver

No. of Data Rows : 1
Doing analysis at TEMP = 27.000000 and TNOM = 27.000000

Using SPARSE 1.3 as Direct Linear Solver

No. of Data Rows : 181
dcgain_             =  1.11356e+02
ugf_hz              =  3.75170e+05
phase_at_ugf        =  8.90324e+01
ugf_hz = 3.751705e+05
pm_deg = 8.903235e+01
Reset re-loads circuit leung_nmcf_pin_3 cmos LOT MC

Circuit: leung_nmcf_pin_3 cmos LOT MC

Warning: Model issue on line 61 :
  .model nmos_rvt nmos (level=1 vto=    4.772639991612532e-01     kp=    1 ...
unrecognized parameter (tcv) - ignored
unrecognized parameter (bex) - ignored

Warning: Model issue on line 63 :
  .model pmos_rvt pmos (level=1 vto=   -5.061755056971574e-01     kp=    9 ...
unrecognized parameter (tcv) - ignored
unrecognized parameter (bex) - ignored

Note: Starting dynamic gmin stepping
Note: Dynamic gmin stepping completed
Note: Starting dynamic gmin stepping
Note: Dynamic gmin stepping completed
Doing analysis at TEMP = 27.000000 and TNOM = 27.000000

Using SPARSE 1.3 as Direct Linear Solver

No. of Data Rows : 1
Doing analysis at TEMP = 27.000000 and TNOM = 27.000000

Using SPARSE 1.3 as Direct Linear Solver

No. of Data Rows : 181
dcgain_             =  1.11005e+02
ugf_hz              =  3.59703e+05
phase_at_ugf        =  8.90349e+01
ugf_hz = 3.597032e+05
pm_deg = 8.903487e+01
Reset re-loads circuit leung_nmcf_pin_3 cmos LOT MC

Circuit: leung_nmcf_pin_3 cmos LOT MC

Warning: Model issue on line 61 :
  .model nmos_rvt nmos (level=1 vto=    5.428358594578285e-01     kp=    2 ...
unrecognized parameter (tcv) - ignored
unrecognized parameter (bex) - ignored

Warning: Model issue on line 63 :
  .model pmos_rvt pmos (level=1 vto=   -4.976330857940300e-01     kp=    1 ...
unrecognized parameter (tcv) - ignored
unrecognized parameter (bex) - ignored

Note: Starting dynamic gmin stepping
Note: Dynamic gmin stepping completed
Note: Starting dynamic gmin stepping
Note: Dynamic gmin stepping completed
Doing analysis at TEMP = 27.000000 and TNOM = 27.000000

Using SPARSE 1.3 as Direct Linear Solver

No. of Data Rows : 1
Doing analysis at TEMP = 27.000000 and TNOM = 27.000000

Using SPARSE 1.3 as Direct Linear Solver

No. of Data Rows : 181
dcgain_             =  1.11176e+02
ugf_hz              =  3.67050e+05
phase_at_ugf        =  8.90346e+01
ugf_hz = 3.670499e+05
pm_deg = 8.903460e+01
Reset re-loads circuit leung_nmcf_pin_3 cmos LOT MC

Circuit: leung_nmcf_pin_3 cmos LOT MC

Warning: Model issue on line 61 :
  .model nmos_rvt nmos (level=1 vto=    5.041841788842207e-01     kp=    1 ...
unrecognized parameter (tcv) - ignored
unrecognized parameter (bex) - ignored

Warning: Model issue on line 63 :
  .model pmos_rvt pmos (level=1 vto=   -5.164363236036624e-01     kp=    1 ...
unrecognized parameter (tcv) - ignored
unrecognized parameter (bex) - ignored

Note: Starting dynamic gmin stepping
Note: Dynamic gmin stepping completed
Note: Starting dynamic gmin stepping
Note: Dynamic gmin stepping completed
Doing analysis at TEMP = 27.000000 and TNOM = 27.000000

Using SPARSE 1.3 as Direct Linear Solver

No. of Data Rows : 1
Doing analysis at TEMP = 27.000000 and TNOM = 27.000000

Using SPARSE 1.3 as Direct Linear Solver

No. of Data Rows : 181
dcgain_             =  1.11184e+02
ugf_hz              =  3.67605e+05
phase_at_ugf        =  8.90327e+01
ugf_hz = 3.676052e+05
pm_deg = 8.903269e+01
Reset re-loads circuit leung_nmcf_pin_3 cmos LOT MC

Circuit: leung_nmcf_pin_3 cmos LOT MC

Warning: Model issue on line 61 :
  .model nmos_rvt nmos (level=1 vto=    4.972641765585649e-01     kp=    1 ...
unrecognized parameter (tcv) - ignored
unrecognized parameter (bex) - ignored

Warning: Model issue on line 63 :
  .model pmos_rvt pmos (level=1 vto=   -5.282783857028354e-01     kp=    9 ...
unrecognized parameter (tcv) - ignored
unrecognized parameter (bex) - ignored

Note: Starting dynamic gmin stepping
Note: Dynamic gmin stepping completed
Note: Starting dynamic gmin stepping
Note: Dynamic gmin stepping completed
Doing analysis at TEMP = 27.000000 and TNOM = 27.000000

Using SPARSE 1.3 as Direct Linear Solver

No. of Data Rows : 1
Doing analysis at TEMP = 27.000000 and TNOM = 27.000000

Using SPARSE 1.3 as Direct Linear Solver

No. of Data Rows : 181
dcgain_             =  1.10926e+02
ugf_hz              =  3.56239e+05
phase_at_ugf        =  8.90351e+01
ugf_hz = 3.562388e+05
pm_deg = 8.903513e+01
Reset re-loads circuit leung_nmcf_pin_3 cmos LOT MC

Circuit: leung_nmcf_pin_3 cmos LOT MC

Warning: Model issue on line 61 :
  .model nmos_rvt nmos (level=1 vto=    4.669681891762197e-01     kp=    1 ...
unrecognized parameter (tcv) - ignored
unrecognized parameter (bex) - ignored

Warning: Model issue on line 63 :
  .model pmos_rvt pmos (level=1 vto=   -5.303266282482836e-01     kp=    9 ...
unrecognized parameter (tcv) - ignored
unrecognized parameter (bex) - ignored

Note: Starting dynamic gmin stepping
Note: Dynamic gmin stepping completed
Note: Starting dynamic gmin stepping
Note: Dynamic gmin stepping completed
Doing analysis at TEMP = 27.000000 and TNOM = 27.000000

Using SPARSE 1.3 as Direct Linear Solver

No. of Data Rows : 1
Doing analysis at TEMP = 27.000000 and TNOM = 27.000000

Using SPARSE 1.3 as Direct Linear Solver

No. of Data Rows : 181
dcgain_             =  1.11055e+02
ugf_hz              =  3.61992e+05
phase_at_ugf        =  8.90343e+01
ugf_hz = 3.619917e+05
pm_deg = 8.903428e+01
Reset re-loads circuit leung_nmcf_pin_3 cmos LOT MC

Circuit: leung_nmcf_pin_3 cmos LOT MC

Warning: Model issue on line 61 :
  .model nmos_rvt nmos (level=1 vto=    4.878227732079721e-01     kp=    2 ...
unrecognized parameter (tcv) - ignored
unrecognized parameter (bex) - ignored

Warning: Model issue on line 63 :
  .model pmos_rvt pmos (level=1 vto=   -4.956161762881457e-01     kp=    1 ...
unrecognized parameter (tcv) - ignored
unrecognized parameter (bex) - ignored

Note: Starting dynamic gmin stepping
Note: Dynamic gmin stepping completed
Note: Starting dynamic gmin stepping
Note: Dynamic gmin stepping completed
Doing analysis at TEMP = 27.000000 and TNOM = 27.000000

Using SPARSE 1.3 as Direct Linear Solver

No. of Data Rows : 1
Doing analysis at TEMP = 27.000000 and TNOM = 27.000000

Using SPARSE 1.3 as Direct Linear Solver
 Reference value :  3.98107e+08
No. of Data Rows : 181
dcgain_             =  1.11323e+02
ugf_hz              =  3.73424e+05
phase_at_ugf        =  8.90374e+01
ugf_hz = 3.734235e+05
pm_deg = 8.903741e+01
Reset re-loads circuit leung_nmcf_pin_3 cmos LOT MC

Circuit: leung_nmcf_pin_3 cmos LOT MC

Warning: Model issue on line 61 :
  .model nmos_rvt nmos (level=1 vto=    4.962950625237644e-01     kp=    1 ...
unrecognized parameter (tcv) - ignored
unrecognized parameter (bex) - ignored

Warning: Model issue on line 63 :
  .model pmos_rvt pmos (level=1 vto=   -5.078970478144326e-01     kp=    1 ...
unrecognized parameter (tcv) - ignored
unrecognized parameter (bex) - ignored

Note: Starting dynamic gmin stepping
Note: Dynamic gmin stepping completed
Note: Starting dynamic gmin stepping
Note: Dynamic gmin stepping completed
Doing analysis at TEMP = 27.000000 and TNOM = 27.000000

Using SPARSE 1.3 as Direct Linear Solver

No. of Data Rows : 1
Doing analysis at TEMP = 27.000000 and TNOM = 27.000000

Using SPARSE 1.3 as Direct Linear Solver

No. of Data Rows : 181
dcgain_             =  1.11352e+02
ugf_hz              =  3.75033e+05
phase_at_ugf        =  8.90322e+01
ugf_hz = 3.750326e+05
pm_deg = 8.903217e+01
Reset re-loads circuit leung_nmcf_pin_3 cmos LOT MC

Circuit: leung_nmcf_pin_3 cmos LOT MC

Warning: Model issue on line 61 :
  .model nmos_rvt nmos (level=1 vto=    4.905207148651068e-01     kp=    1 ...
unrecognized parameter (tcv) - ignored
unrecognized parameter (bex) - ignored

Warning: Model issue on line 63 :
  .model pmos_rvt pmos (level=1 vto=   -5.526845249169098e-01     kp=    1 ...
unrecognized parameter (tcv) - ignored
unrecognized parameter (bex) - ignored

Note: Starting dynamic gmin stepping
Note: Dynamic gmin stepping completed
Note: Starting dynamic gmin stepping
Note: Dynamic gmin stepping completed
Doing analysis at TEMP = 27.000000 and TNOM = 27.000000

Using SPARSE 1.3 as Direct Linear Solver

No. of Data Rows : 1
Doing analysis at TEMP = 27.000000 and TNOM = 27.000000

Using SPARSE 1.3 as Direct Linear Solver

No. of Data Rows : 181
dcgain_             =  1.11315e+02
ugf_hz              =  3.73436e+05
phase_at_ugf        =  8.90321e+01
ugf_hz = 3.734359e+05
pm_deg = 8.903213e+01
Reset re-loads circuit leung_nmcf_pin_3 cmos LOT MC

Circuit: leung_nmcf_pin_3 cmos LOT MC

Warning: Model issue on line 61 :
  .model nmos_rvt nmos (level=1 vto=    5.124230306605175e-01     kp=    2 ...
unrecognized parameter (tcv) - ignored
unrecognized parameter (bex) - ignored

Warning: Model issue on line 63 :
  .model pmos_rvt pmos (level=1 vto=   -5.208285358039010e-01     kp=    9 ...
unrecognized parameter (tcv) - ignored
unrecognized parameter (bex) - ignored

Note: Starting dynamic gmin stepping
Note: Dynamic gmin stepping completed
Note: Starting dynamic gmin stepping
Note: Dynamic gmin stepping completed
Doing analysis at TEMP = 27.000000 and TNOM = 27.000000

Using SPARSE 1.3 as Direct Linear Solver

No. of Data Rows : 1
Doing analysis at TEMP = 27.000000 and TNOM = 27.000000

Using SPARSE 1.3 as Direct Linear Solver

No. of Data Rows : 181
dcgain_             =  1.11080e+02
ugf_hz              =  3.62769e+05
phase_at_ugf        =  8.90372e+01
ugf_hz = 3.627692e+05
pm_deg = 8.903718e+01
Reset re-loads circuit leung_nmcf_pin_3 cmos LOT MC

Circuit: leung_nmcf_pin_3 cmos LOT MC

Warning: Model issue on line 61 :
  .model nmos_rvt nmos (level=1 vto=    4.793496084447055e-01     kp=    1 ...
unrecognized parameter (tcv) - ignored
unrecognized parameter (bex) - ignored

Warning: Model issue on line 63 :
  .model pmos_rvt pmos (level=1 vto=   -4.673519982634339e-01     kp=    9 ...
unrecognized parameter (tcv) - ignored
unrecognized parameter (bex) - ignored

Note: Starting dynamic gmin stepping
Note: Dynamic gmin stepping completed
Note: Starting dynamic gmin stepping
Note: Dynamic gmin stepping completed
Doing analysis at TEMP = 27.000000 and TNOM = 27.000000

Using SPARSE 1.3 as Direct Linear Solver

No. of Data Rows : 1
Doing analysis at TEMP = 27.000000 and TNOM = 27.000000

Using SPARSE 1.3 as Direct Linear Solver

No. of Data Rows : 181
dcgain_             =  1.11141e+02
ugf_hz              =  3.65669e+05
phase_at_ugf        =  8.90343e+01
ugf_hz = 3.656689e+05
pm_deg = 8.903427e+01
Reset re-loads circuit leung_nmcf_pin_3 cmos LOT MC

Circuit: leung_nmcf_pin_3 cmos LOT MC

Warning: Model issue on line 61 :
  .model nmos_rvt nmos (level=1 vto=    4.738152454656665e-01     kp=    2 ...
unrecognized parameter (tcv) - ignored
unrecognized parameter (bex) - ignored

Warning: Model issue on line 63 :
  .model pmos_rvt pmos (level=1 vto=   -5.267196357955547e-01     kp=    1 ...
unrecognized parameter (tcv) - ignored
unrecognized parameter (bex) - ignored

Note: Starting dynamic gmin stepping
Note: Dynamic gmin stepping completed
Note: Starting dynamic gmin stepping
Note: Dynamic gmin stepping completed
Doing analysis at TEMP = 27.000000 and TNOM = 27.000000

Using SPARSE 1.3 as Direct Linear Solver

No. of Data Rows : 1
Doing analysis at TEMP = 27.000000 and TNOM = 27.000000

Using SPARSE 1.3 as Direct Linear Solver

No. of Data Rows : 181
dcgain_             =  1.11403e+02
ugf_hz              =  3.77060e+05
phase_at_ugf        =  8.90360e+01
ugf_hz = 3.770599e+05
pm_deg = 8.903597e+01
Reset re-loads circuit leung_nmcf_pin_3 cmos LOT MC

Circuit: leung_nmcf_pin_3 cmos LOT MC

Warning: Model issue on line 61 :
  .model nmos_rvt nmos (level=1 vto=    5.116638545991162e-01     kp=    2 ...
unrecognized parameter (tcv) - ignored
unrecognized parameter (bex) - ignored

Warning: Model issue on line 63 :
  .model pmos_rvt pmos (level=1 vto=   -5.292590709333711e-01     kp=    9 ...
unrecognized parameter (tcv) - ignored
unrecognized parameter (bex) - ignored

Note: Starting dynamic gmin stepping
Note: Dynamic gmin stepping completed
Note: Starting dynamic gmin stepping
Note: Dynamic gmin stepping completed
Doing analysis at TEMP = 27.000000 and TNOM = 27.000000

Using SPARSE 1.3 as Direct Linear Solver

No. of Data Rows : 1
Doing analysis at TEMP = 27.000000 and TNOM = 27.000000

Using SPARSE 1.3 as Direct Linear Solver

No. of Data Rows : 181
dcgain_             =  1.10891e+02
ugf_hz              =  3.54553e+05
phase_at_ugf        =  8.90374e+01
ugf_hz = 3.545528e+05
pm_deg = 8.903745e+01
Reset re-loads circuit leung_nmcf_pin_3 cmos LOT MC

Circuit: leung_nmcf_pin_3 cmos LOT MC

Warning: Model issue on line 61 :
  .model nmos_rvt nmos (level=1 vto=    4.853547139463161e-01     kp=    2 ...
unrecognized parameter (tcv) - ignored
unrecognized parameter (bex) - ignored

Warning: Model issue on line 63 :
  .model pmos_rvt pmos (level=1 vto=   -5.021181318734309e-01     kp=    8 ...
unrecognized parameter (tcv) - ignored
unrecognized parameter (bex) - ignored

Note: Starting dynamic gmin stepping
Note: Dynamic gmin stepping completed
Note: Starting dynamic gmin stepping
Note: Dynamic gmin stepping completed
Doing analysis at TEMP = 27.000000 and TNOM = 27.000000

Using SPARSE 1.3 as Direct Linear Solver

No. of Data Rows : 1
Doing analysis at TEMP = 27.000000 and TNOM = 27.000000

Using SPARSE 1.3 as Direct Linear Solver

No. of Data Rows : 181
dcgain_             =  1.10445e+02
ugf_hz              =  3.37195e+05
phase_at_ugf        =  8.90362e+01
ugf_hz = 3.371950e+05
pm_deg = 8.903624e+01
Reset re-loads circuit leung_nmcf_pin_3 cmos LOT MC

Circuit: leung_nmcf_pin_3 cmos LOT MC

Warning: Model issue on line 61 :
  .model nmos_rvt nmos (level=1 vto=    4.695158435906622e-01     kp=    2 ...
unrecognized parameter (tcv) - ignored
unrecognized parameter (bex) - ignored

Warning: Model issue on line 63 :
  .model pmos_rvt pmos (level=1 vto=   -4.962601272667780e-01     kp=    1 ...
unrecognized parameter (tcv) - ignored
unrecognized parameter (bex) - ignored

Note: Starting dynamic gmin stepping
Note: Dynamic gmin stepping completed
Note: Starting dynamic gmin stepping
Note: Dynamic gmin stepping completed
Doing analysis at TEMP = 27.000000 and TNOM = 27.000000

Using SPARSE 1.3 as Direct Linear Solver

No. of Data Rows : 1
Doing analysis at TEMP = 27.000000 and TNOM = 27.000000

Using SPARSE 1.3 as Direct Linear Solver
 Reference value :  1.00000e+02
No. of Data Rows : 181
dcgain_             =  1.11204e+02
ugf_hz              =  3.68252e+05
phase_at_ugf        =  8.90372e+01
ugf_hz = 3.682518e+05
pm_deg = 8.903715e+01
Reset re-loads circuit leung_nmcf_pin_3 cmos LOT MC

Circuit: leung_nmcf_pin_3 cmos LOT MC

Warning: Model issue on line 61 :
  .model nmos_rvt nmos (level=1 vto=    4.772344235878431e-01     kp=    1 ...
unrecognized parameter (tcv) - ignored
unrecognized parameter (bex) - ignored

Warning: Model issue on line 63 :
  .model pmos_rvt pmos (level=1 vto=   -4.986854403825536e-01     kp=    1 ...
unrecognized parameter (tcv) - ignored
unrecognized parameter (bex) - ignored

Note: Starting dynamic gmin stepping
Note: Dynamic gmin stepping completed
Note: Starting dynamic gmin stepping
Note: Dynamic gmin stepping completed
Doing analysis at TEMP = 27.000000 and TNOM = 27.000000

Using SPARSE 1.3 as Direct Linear Solver

No. of Data Rows : 1
Doing analysis at TEMP = 27.000000 and TNOM = 27.000000

Using SPARSE 1.3 as Direct Linear Solver

No. of Data Rows : 181
dcgain_             =  1.11291e+02
ugf_hz              =  3.72287e+05
phase_at_ugf        =  8.90338e+01
ugf_hz = 3.722866e+05
pm_deg = 8.903380e+01
Reset re-loads circuit leung_nmcf_pin_3 cmos LOT MC

Circuit: leung_nmcf_pin_3 cmos LOT MC

Warning: Model issue on line 61 :
  .model nmos_rvt nmos (level=1 vto=    4.822027539874483e-01     kp=    1 ...
unrecognized parameter (tcv) - ignored
unrecognized parameter (bex) - ignored

Warning: Model issue on line 63 :
  .model pmos_rvt pmos (level=1 vto=   -4.854221526257409e-01     kp=    9 ...
unrecognized parameter (tcv) - ignored
unrecognized parameter (bex) - ignored

Note: Starting dynamic gmin stepping
Note: Dynamic gmin stepping completed
Note: Starting dynamic gmin stepping
Note: Dynamic gmin stepping completed
Doing analysis at TEMP = 27.000000 and TNOM = 27.000000

Using SPARSE 1.3 as Direct Linear Solver

No. of Data Rows : 1
Doing analysis at TEMP = 27.000000 and TNOM = 27.000000

Using SPARSE 1.3 as Direct Linear Solver

No. of Data Rows : 181
dcgain_             =  1.11131e+02
ugf_hz              =  3.65333e+05
phase_at_ugf        =  8.90333e+01
ugf_hz = 3.653330e+05
pm_deg = 8.903329e+01
Reset re-loads circuit leung_nmcf_pin_3 cmos LOT MC

Circuit: leung_nmcf_pin_3 cmos LOT MC

Warning: Model issue on line 61 :
  .model nmos_rvt nmos (level=1 vto=    4.977858482198539e-01     kp=    2 ...
unrecognized parameter (tcv) - ignored
unrecognized parameter (bex) - ignored

Warning: Model issue on line 63 :
  .model pmos_rvt pmos (level=1 vto=   -4.956140293865245e-01     kp=    1 ...
unrecognized parameter (tcv) - ignored
unrecognized parameter (bex) - ignored

Note: Starting dynamic gmin stepping
Note: Dynamic gmin stepping completed
Note: Starting dynamic gmin stepping
Note: Dynamic gmin stepping completed
Doing analysis at TEMP = 27.000000 and TNOM = 27.000000

Using SPARSE 1.3 as Direct Linear Solver

No. of Data Rows : 1
Doing analysis at TEMP = 27.000000 and TNOM = 27.000000

Using SPARSE 1.3 as Direct Linear Solver

No. of Data Rows : 181
dcgain_             =  1.11303e+02
ugf_hz              =  3.72617e+05
phase_at_ugf        =  8.90360e+01
ugf_hz = 3.726168e+05
pm_deg = 8.903596e+01
Reset re-loads circuit leung_nmcf_pin_3 cmos LOT MC

Circuit: leung_nmcf_pin_3 cmos LOT MC

Warning: Model issue on line 61 :
  .model nmos_rvt nmos (level=1 vto=    4.990015867064640e-01     kp=    2 ...
unrecognized parameter (tcv) - ignored
unrecognized parameter (bex) - ignored

Warning: Model issue on line 63 :
  .model pmos_rvt pmos (level=1 vto=   -4.976332200283115e-01     kp=    1 ...
unrecognized parameter (tcv) - ignored
unrecognized parameter (bex) - ignored

Note: Starting dynamic gmin stepping
Note: Dynamic gmin stepping completed
Note: Starting dynamic gmin stepping
Note: Dynamic gmin stepping completed
Doing analysis at TEMP = 27.000000 and TNOM = 27.000000

Using SPARSE 1.3 as Direct Linear Solver

No. of Data Rows : 1
Doing analysis at TEMP = 27.000000 and TNOM = 27.000000

Using SPARSE 1.3 as Direct Linear Solver

No. of Data Rows : 181
dcgain_             =  1.11209e+02
ugf_hz              =  3.68325e+05
phase_at_ugf        =  8.90383e+01
ugf_hz = 3.683245e+05
pm_deg = 8.903828e+01
Reset re-loads circuit leung_nmcf_pin_3 cmos LOT MC

Circuit: leung_nmcf_pin_3 cmos LOT MC

Warning: Model issue on line 61 :
  .model nmos_rvt nmos (level=1 vto=    5.245043942210794e-01     kp=    1 ...
unrecognized parameter (tcv) - ignored
unrecognized parameter (bex) - ignored

Warning: Model issue on line 63 :
  .model pmos_rvt pmos (level=1 vto=   -4.894769049992740e-01     kp=    1 ...
unrecognized parameter (tcv) - ignored
unrecognized parameter (bex) - ignored

Note: Starting dynamic gmin stepping
Note: Dynamic gmin stepping completed
Note: Starting dynamic gmin stepping
Note: Dynamic gmin stepping completed
Doing analysis at TEMP = 27.000000 and TNOM = 27.000000

Using SPARSE 1.3 as Direct Linear Solver

No. of Data Rows : 1
Doing analysis at TEMP = 27.000000 and TNOM = 27.000000

Using SPARSE 1.3 as Direct Linear Solver

No. of Data Rows : 181
dcgain_             =  1.11310e+02
ugf_hz              =  3.73328e+05
phase_at_ugf        =  8.90292e+01
ugf_hz = 3.733280e+05
pm_deg = 8.902923e+01
Reset re-loads circuit leung_nmcf_pin_3 cmos LOT MC

Circuit: leung_nmcf_pin_3 cmos LOT MC

Warning: Model issue on line 61 :
  .model nmos_rvt nmos (level=1 vto=    5.212046418522408e-01     kp=    1 ...
unrecognized parameter (tcv) - ignored
unrecognized parameter (bex) - ignored

Warning: Model issue on line 63 :
  .model pmos_rvt pmos (level=1 vto=   -4.984569027040950e-01     kp=    9 ...
unrecognized parameter (tcv) - ignored
unrecognized parameter (bex) - ignored

Note: Starting dynamic gmin stepping
Note: Dynamic gmin stepping completed
Note: Starting dynamic gmin stepping
Note: Dynamic gmin stepping completed
Doing analysis at TEMP = 27.000000 and TNOM = 27.000000

Using SPARSE 1.3 as Direct Linear Solver

No. of Data Rows : 1
Doing analysis at TEMP = 27.000000 and TNOM = 27.000000

Using SPARSE 1.3 as Direct Linear Solver

No. of Data Rows : 181
dcgain_             =  1.10954e+02
ugf_hz              =  3.57530e+05
phase_at_ugf        =  8.90330e+01
ugf_hz = 3.575302e+05
pm_deg = 8.903296e+01
Reset re-loads circuit leung_nmcf_pin_3 cmos LOT MC

Circuit: leung_nmcf_pin_3 cmos LOT MC

Warning: Model issue on line 61 :
  .model nmos_rvt nmos (level=1 vto=    4.950293072948569e-01     kp=    2 ...
unrecognized parameter (tcv) - ignored
unrecognized parameter (bex) - ignored

Warning: Model issue on line 63 :
  .model pmos_rvt pmos (level=1 vto=   -4.982413356830496e-01     kp=    9 ...
unrecognized parameter (tcv) - ignored
unrecognized parameter (bex) - ignored

Note: Starting dynamic gmin stepping
Note: Dynamic gmin stepping completed
Note: Starting dynamic gmin stepping
Note: Dynamic gmin stepping completed
Doing analysis at TEMP = 27.000000 and TNOM = 27.000000

Using SPARSE 1.3 as Direct Linear Solver

No. of Data Rows : 1
Doing analysis at TEMP = 27.000000 and TNOM = 27.000000

Using SPARSE 1.3 as Direct Linear Solver
 Reference value :  1.00000e+00
No. of Data Rows : 181
dcgain_             =  1.10892e+02
ugf_hz              =  3.54671e+05
phase_at_ugf        =  8.90362e+01
ugf_hz = 3.546709e+05
pm_deg = 8.903617e+01
Reset re-loads circuit leung_nmcf_pin_3 cmos LOT MC

Circuit: leung_nmcf_pin_3 cmos LOT MC

Warning: Model issue on line 61 :
  .model nmos_rvt nmos (level=1 vto=    4.730192662559812e-01     kp=    2 ...
unrecognized parameter (tcv) - ignored
unrecognized parameter (bex) - ignored

Warning: Model issue on line 63 :
  .model pmos_rvt pmos (level=1 vto=   -4.984803375142676e-01     kp=    9 ...
unrecognized parameter (tcv) - ignored
unrecognized parameter (bex) - ignored

Note: Starting dynamic gmin stepping
Note: Dynamic gmin stepping completed
Note: Starting dynamic gmin stepping
Note: Dynamic gmin stepping completed
Doing analysis at TEMP = 27.000000 and TNOM = 27.000000

Using SPARSE 1.3 as Direct Linear Solver

No. of Data Rows : 1
Doing analysis at TEMP = 27.000000 and TNOM = 27.000000

Using SPARSE 1.3 as Direct Linear Solver

No. of Data Rows : 181
dcgain_             =  1.11104e+02
ugf_hz              =  3.63925e+05
phase_at_ugf        =  8.90368e+01
ugf_hz = 3.639253e+05
pm_deg = 8.903681e+01
Reset re-loads circuit leung_nmcf_pin_3 cmos LOT MC

Circuit: leung_nmcf_pin_3 cmos LOT MC

Warning: Model issue on line 61 :
  .model nmos_rvt nmos (level=1 vto=    5.002464850895109e-01     kp=    1 ...
unrecognized parameter (tcv) - ignored
unrecognized parameter (bex) - ignored

Warning: Model issue on line 63 :
  .model pmos_rvt pmos (level=1 vto=   -4.851100420211276e-01     kp=    9 ...
unrecognized parameter (tcv) - ignored
unrecognized parameter (bex) - ignored

Note: Starting dynamic gmin stepping
Note: Dynamic gmin stepping completed
Note: Starting dynamic gmin stepping
Note: Dynamic gmin stepping completed
Doing analysis at TEMP = 27.000000 and TNOM = 27.000000

Using SPARSE 1.3 as Direct Linear Solver

No. of Data Rows : 1
Doing analysis at TEMP = 27.000000 and TNOM = 27.000000

Using SPARSE 1.3 as Direct Linear Solver

No. of Data Rows : 181
dcgain_             =  1.11131e+02
ugf_hz              =  3.65241e+05
phase_at_ugf        =  8.90337e+01
ugf_hz = 3.652406e+05
pm_deg = 8.903369e+01
Reset re-loads circuit leung_nmcf_pin_3 cmos LOT MC

Circuit: leung_nmcf_pin_3 cmos LOT MC

Warning: Model issue on line 61 :
  .model nmos_rvt nmos (level=1 vto=    5.008563165519726e-01     kp=    1 ...
unrecognized parameter (tcv) - ignored
unrecognized parameter (bex) - ignored

Warning: Model issue on line 63 :
  .model pmos_rvt pmos (level=1 vto=   -5.110185840163952e-01     kp=    9 ...
unrecognized parameter (tcv) - ignored
unrecognized parameter (bex) - ignored

Note: Starting dynamic gmin stepping
Note: Dynamic gmin stepping completed
Note: Starting dynamic gmin stepping
Note: Dynamic gmin stepping completed
Doing analysis at TEMP = 27.000000 and TNOM = 27.000000

Using SPARSE 1.3 as Direct Linear Solver

No. of Data Rows : 1
Doing analysis at TEMP = 27.000000 and TNOM = 27.000000

Using SPARSE 1.3 as Direct Linear Solver

No. of Data Rows : 181
dcgain_             =  1.10971e+02
ugf_hz              =  3.58214e+05
phase_at_ugf        =  8.90345e+01
ugf_hz = 3.582138e+05
pm_deg = 8.903454e+01
Reset re-loads circuit leung_nmcf_pin_3 cmos LOT MC

Circuit: leung_nmcf_pin_3 cmos LOT MC

Warning: Model issue on line 61 :
  .model nmos_rvt nmos (level=1 vto=    4.976312921854226e-01     kp=    1 ...
unrecognized parameter (tcv) - ignored
unrecognized parameter (bex) - ignored

Warning: Model issue on line 63 :
  .model pmos_rvt pmos (level=1 vto=   -5.132761957119606e-01     kp=    9 ...
unrecognized parameter (tcv) - ignored
unrecognized parameter (bex) - ignored

Note: Starting dynamic gmin stepping
Note: Dynamic gmin stepping completed
Note: Starting dynamic gmin stepping
Note: Dynamic gmin stepping completed
Doing analysis at TEMP = 27.000000 and TNOM = 27.000000

Using SPARSE 1.3 as Direct Linear Solver

No. of Data Rows : 1
Doing analysis at TEMP = 27.000000 and TNOM = 27.000000

Using SPARSE 1.3 as Direct Linear Solver

No. of Data Rows : 181
dcgain_             =  1.11090e+02
ugf_hz              =  3.63828e+05
phase_at_ugf        =  8.90286e+01
ugf_hz = 3.638281e+05
pm_deg = 8.902864e+01
Reset re-loads circuit leung_nmcf_pin_3 cmos LOT MC

Circuit: leung_nmcf_pin_3 cmos LOT MC

Warning: Model issue on line 61 :
  .model nmos_rvt nmos (level=1 vto=    4.785044307797447e-01     kp=    1 ...
unrecognized parameter (tcv) - ignored
unrecognized parameter (bex) - ignored

Warning: Model issue on line 63 :
  .model pmos_rvt pmos (level=1 vto=   -4.877660827336148e-01     kp=    9 ...
unrecognized parameter (tcv) - ignored
unrecognized parameter (bex) - ignored

Note: Starting dynamic gmin stepping
Note: Dynamic gmin stepping completed
Note: Starting dynamic gmin stepping
Note: Dynamic gmin stepping completed
Doing analysis at TEMP = 27.000000 and TNOM = 27.000000

Using SPARSE 1.3 as Direct Linear Solver

No. of Data Rows : 1
Doing analysis at TEMP = 27.000000 and TNOM = 27.000000

Using SPARSE 1.3 as Direct Linear Solver

No. of Data Rows : 181
dcgain_             =  1.10911e+02
ugf_hz              =  3.55658e+05
phase_at_ugf        =  8.90343e+01
ugf_hz = 3.556583e+05
pm_deg = 8.903432e+01
Reset re-loads circuit leung_nmcf_pin_3 cmos LOT MC

Circuit: leung_nmcf_pin_3 cmos LOT MC

Warning: Model issue on line 61 :
  .model nmos_rvt nmos (level=1 vto=    4.743470683566399e-01     kp=    1 ...
unrecognized parameter (tcv) - ignored
unrecognized parameter (bex) - ignored

Warning: Model issue on line 63 :
  .model pmos_rvt pmos (level=1 vto=   -5.146717698316956e-01     kp=    8 ...
unrecognized parameter (tcv) - ignored
unrecognized parameter (bex) - ignored

Note: Starting dynamic gmin stepping
Note: Dynamic gmin stepping completed
Note: Starting dynamic gmin stepping
Note: Dynamic gmin stepping completed
Doing analysis at TEMP = 27.000000 and TNOM = 27.000000

Using SPARSE 1.3 as Direct Linear Solver

No. of Data Rows : 1
Doing analysis at TEMP = 27.000000 and TNOM = 27.000000

Using SPARSE 1.3 as Direct Linear Solver

No. of Data Rows : 181
dcgain_             =  1.10558e+02
ugf_hz              =  3.41751e+05
phase_at_ugf        =  8.90342e+01
ugf_hz = 3.417514e+05
pm_deg = 8.903425e+01
Reset re-loads circuit leung_nmcf_pin_3 cmos LOT MC

Circuit: leung_nmcf_pin_3 cmos LOT MC

Warning: Model issue on line 61 :
  .model nmos_rvt nmos (level=1 vto=    5.121857808446799e-01     kp=    1 ...
unrecognized parameter (tcv) - ignored
unrecognized parameter (bex) - ignored

Warning: Model issue on line 63 :
  .model pmos_rvt pmos (level=1 vto=   -4.816109647692560e-01     kp=    1 ...
unrecognized parameter (tcv) - ignored
unrecognized parameter (bex) - ignored

Note: Starting dynamic gmin stepping
Note: Dynamic gmin stepping completed
Note: Starting dynamic gmin stepping
Note: Dynamic gmin stepping completed
Doing analysis at TEMP = 27.000000 and TNOM = 27.000000

Using SPARSE 1.3 as Direct Linear Solver

No. of Data Rows : 1
Doing analysis at TEMP = 27.000000 and TNOM = 27.000000

Using SPARSE 1.3 as Direct Linear Solver

No. of Data Rows : 181
dcgain_             =  1.11618e+02
ugf_hz              =  3.86803e+05
phase_at_ugf        =  8.90307e+01
ugf_hz = 3.868032e+05
pm_deg = 8.903073e+01
Reset re-loads circuit leung_nmcf_pin_3 cmos LOT MC

Circuit: leung_nmcf_pin_3 cmos LOT MC

Warning: Model issue on line 61 :
  .model nmos_rvt nmos (level=1 vto=    4.764465042090317e-01     kp=    1 ...
unrecognized parameter (tcv) - ignored
unrecognized parameter (bex) - ignored

Warning: Model issue on line 63 :
  .model pmos_rvt pmos (level=1 vto=   -5.192134212821309e-01     kp=    1 ...
unrecognized parameter (tcv) - ignored
unrecognized parameter (bex) - ignored

Note: Starting dynamic gmin stepping
Note: Dynamic gmin stepping completed
Doing analysis at TEMP = 27.000000 and TNOM = 27.000000

Using SPARSE 1.3 as Direct Linear Solver
 Reference value :  0.00000e+00Note: Starting dynamic gmin stepping
Note: Dynamic gmin stepping completed

No. of Data Rows : 1
Doing analysis at TEMP = 27.000000 and TNOM = 27.000000

Using SPARSE 1.3 as Direct Linear Solver

No. of Data Rows : 181
dcgain_             =  1.11189e+02
ugf_hz              =  3.68002e+05
phase_at_ugf        =  8.90313e+01
ugf_hz = 3.680022e+05
pm_deg = 8.903127e+01
Reset re-loads circuit leung_nmcf_pin_3 cmos LOT MC

Circuit: leung_nmcf_pin_3 cmos LOT MC

Warning: Model issue on line 61 :
  .model nmos_rvt nmos (level=1 vto=    4.699125387093578e-01     kp=    1 ...
unrecognized parameter (tcv) - ignored
unrecognized parameter (bex) - ignored

Warning: Model issue on line 63 :
  .model pmos_rvt pmos (level=1 vto=   -4.861046983515881e-01     kp=    9 ...
unrecognized parameter (tcv) - ignored
unrecognized parameter (bex) - ignored

Note: Starting dynamic gmin stepping
Note: Dynamic gmin stepping completed
Note: Starting dynamic gmin stepping
Note: Dynamic gmin stepping completed
Doing analysis at TEMP = 27.000000 and TNOM = 27.000000

Using SPARSE 1.3 as Direct Linear Solver

No. of Data Rows : 1
Doing analysis at TEMP = 27.000000 and TNOM = 27.000000

Using SPARSE 1.3 as Direct Linear Solver

No. of Data Rows : 181
dcgain_             =  1.10896e+02
ugf_hz              =  3.55009e+05
phase_at_ugf        =  8.90345e+01
ugf_hz = 3.550090e+05
pm_deg = 8.903454e+01
Reset re-loads circuit leung_nmcf_pin_3 cmos LOT MC

Circuit: leung_nmcf_pin_3 cmos LOT MC

Warning: Model issue on line 61 :
  .model nmos_rvt nmos (level=1 vto=    4.936810804510574e-01     kp=    2 ...
unrecognized parameter (tcv) - ignored
unrecognized parameter (bex) - ignored

Warning: Model issue on line 63 :
  .model pmos_rvt pmos (level=1 vto=   -5.108010553365222e-01     kp=    9 ...
unrecognized parameter (tcv) - ignored
unrecognized parameter (bex) - ignored

Note: Starting dynamic gmin stepping
Note: Dynamic gmin stepping completed
Note: Starting dynamic gmin stepping
Note: Dynamic gmin stepping completed
Doing analysis at TEMP = 27.000000 and TNOM = 27.000000

Using SPARSE 1.3 as Direct Linear Solver

No. of Data Rows : 1
Doing analysis at TEMP = 27.000000 and TNOM = 27.000000

Using SPARSE 1.3 as Direct Linear Solver

No. of Data Rows : 181
dcgain_             =  1.10826e+02
ugf_hz              =  3.51983e+05
phase_at_ugf        =  8.90382e+01
ugf_hz = 3.519833e+05
pm_deg = 8.903821e+01
Reset re-loads circuit leung_nmcf_pin_3 cmos LOT MC

Circuit: leung_nmcf_pin_3 cmos LOT MC

Warning: Model issue on line 61 :
  .model nmos_rvt nmos (level=1 vto=    5.213056352264388e-01     kp=    1 ...
unrecognized parameter (tcv) - ignored
unrecognized parameter (bex) - ignored

Warning: Model issue on line 63 :
  .model pmos_rvt pmos (level=1 vto=   -4.905923207627679e-01     kp=    1 ...
unrecognized parameter (tcv) - ignored
unrecognized parameter (bex) - ignored

Note: Starting dynamic gmin stepping
Note: Dynamic gmin stepping completed
Note: Starting dynamic gmin stepping
Note: Dynamic gmin stepping completed
Doing analysis at TEMP = 27.000000 and TNOM = 27.000000

Using SPARSE 1.3 as Direct Linear Solver

No. of Data Rows : 1
Doing analysis at TEMP = 27.000000 and TNOM = 27.000000

Using SPARSE 1.3 as Direct Linear Solver

No. of Data Rows : 181
dcgain_             =  1.11247e+02
ugf_hz              =  3.70593e+05
phase_at_ugf        =  8.90292e+01
ugf_hz = 3.705928e+05
pm_deg = 8.902920e+01
Reset re-loads circuit leung_nmcf_pin_3 cmos LOT MC

Circuit: leung_nmcf_pin_3 cmos LOT MC

Warning: Model issue on line 61 :
  .model nmos_rvt nmos (level=1 vto=    4.864354554835172e-01     kp=    2 ...
unrecognized parameter (tcv) - ignored
unrecognized parameter (bex) - ignored

Warning: Model issue on line 63 :
  .model pmos_rvt pmos (level=1 vto=   -4.893861690385974e-01     kp=    9 ...
unrecognized parameter (tcv) - ignored
unrecognized parameter (bex) - ignored

Note: Starting dynamic gmin stepping
Note: Dynamic gmin stepping completed
Note: Starting dynamic gmin stepping
Note: Dynamic gmin stepping completed
Doing analysis at TEMP = 27.000000 and TNOM = 27.000000

Using SPARSE 1.3 as Direct Linear Solver

No. of Data Rows : 1
Doing analysis at TEMP = 27.000000 and TNOM = 27.000000

Using SPARSE 1.3 as Direct Linear Solver

No. of Data Rows : 181
dcgain_             =  1.10918e+02
ugf_hz              =  3.55831e+05
phase_at_ugf        =  8.90362e+01
ugf_hz = 3.558313e+05
pm_deg = 8.903624e+01
Reset re-loads circuit leung_nmcf_pin_3 cmos LOT MC

Circuit: leung_nmcf_pin_3 cmos LOT MC

Warning: Model issue on line 61 :
  .model nmos_rvt nmos (level=1 vto=    4.974687070983002e-01     kp=    2 ...
unrecognized parameter (tcv) - ignored
unrecognized parameter (bex) - ignored

Warning: Model issue on line 63 :
  .model pmos_rvt pmos (level=1 vto=   -4.847665267610221e-01     kp=    1 ...
unrecognized parameter (tcv) - ignored
unrecognized parameter (bex) - ignored

Note: Starting dynamic gmin stepping
Note: Dynamic gmin stepping completed
Note: Starting dynamic gmin stepping
Note: Dynamic gmin stepping completed
Doing analysis at TEMP = 27.000000 and TNOM = 27.000000

Using SPARSE 1.3 as Direct Linear Solver

No. of Data Rows : 1
Doing analysis at TEMP = 27.000000 and TNOM = 27.000000

Using SPARSE 1.3 as Direct Linear Solver

No. of Data Rows : 181
dcgain_             =  1.11307e+02
ugf_hz              =  3.72819e+05
phase_at_ugf        =  8.90354e+01
ugf_hz = 3.728187e+05
pm_deg = 8.903542e+01
Reset re-loads circuit leung_nmcf_pin_3 cmos LOT MC

Circuit: leung_nmcf_pin_3 cmos LOT MC

Warning: Model issue on line 61 :
  .model nmos_rvt nmos (level=1 vto=    4.988478094027984e-01     kp=    2 ...
unrecognized parameter (tcv) - ignored
unrecognized parameter (bex) - ignored

Warning: Model issue on line 63 :
  .model pmos_rvt pmos (level=1 vto=   -5.173981740519217e-01     kp=    8 ...
unrecognized parameter (tcv) - ignored
unrecognized parameter (bex) - ignored

Note: Starting dynamic gmin stepping
Note: Dynamic gmin stepping completed
Note: Starting dynamic gmin stepping
Note: Dynamic gmin stepping completed
Doing analysis at TEMP = 27.000000 and TNOM = 27.000000

Using SPARSE 1.3 as Direct Linear Solver

No. of Data Rows : 1
Doing analysis at TEMP = 27.000000 and TNOM = 27.000000

Using SPARSE 1.3 as Direct Linear Solver

No. of Data Rows : 181
dcgain_             =  1.10640e+02
ugf_hz              =  3.44867e+05
phase_at_ugf        =  8.90350e+01
ugf_hz = 3.448668e+05
pm_deg = 8.903500e+01
Reset re-loads circuit leung_nmcf_pin_3 cmos LOT MC

Circuit: leung_nmcf_pin_3 cmos LOT MC

Warning: Model issue on line 61 :
  .model nmos_rvt nmos (level=1 vto=    5.150297874512743e-01     kp=    1 ...
unrecognized parameter (tcv) - ignored
unrecognized parameter (bex) - ignored

Warning: Model issue on line 63 :
  .model pmos_rvt pmos (level=1 vto=   -4.913697723081927e-01     kp=    1 ...
unrecognized parameter (tcv) - ignored
unrecognized parameter (bex) - ignored

Note: Starting dynamic gmin stepping
Note: Dynamic gmin stepping completed
Note: Starting dynamic gmin stepping
Note: Dynamic gmin stepping completed
Doing analysis at TEMP = 27.000000 and TNOM = 27.000000

Using SPARSE 1.3 as Direct Linear Solver

No. of Data Rows : 1
Doing analysis at TEMP = 27.000000 and TNOM = 27.000000

Using SPARSE 1.3 as Direct Linear Solver
 Reference value :  1.58489e+05
No. of Data Rows : 181
dcgain_             =  1.11267e+02
ugf_hz              =  3.71362e+05
phase_at_ugf        =  8.90308e+01
ugf_hz = 3.713622e+05
pm_deg = 8.903075e+01
Reset re-loads circuit leung_nmcf_pin_3 cmos LOT MC

Circuit: leung_nmcf_pin_3 cmos LOT MC

Warning: Model issue on line 61 :
  .model nmos_rvt nmos (level=1 vto=    5.106169496019980e-01     kp=    2 ...
unrecognized parameter (tcv) - ignored
unrecognized parameter (bex) - ignored

Warning: Model issue on line 63 :
  .model pmos_rvt pmos (level=1 vto=   -5.041094396876449e-01     kp=    9 ...
unrecognized parameter (tcv) - ignored
unrecognized parameter (bex) - ignored

Note: Starting dynamic gmin stepping
Note: Dynamic gmin stepping completed
Note: Starting dynamic gmin stepping
Note: Dynamic gmin stepping completed
Doing analysis at TEMP = 27.000000 and TNOM = 27.000000

Using SPARSE 1.3 as Direct Linear Solver

No. of Data Rows : 1
Doing analysis at TEMP = 27.000000 and TNOM = 27.000000

Using SPARSE 1.3 as Direct Linear Solver

No. of Data Rows : 181
dcgain_             =  1.10777e+02
ugf_hz              =  3.50172e+05
phase_at_ugf        =  8.90357e+01
ugf_hz = 3.501724e+05
pm_deg = 8.903572e+01
Reset re-loads circuit leung_nmcf_pin_3 cmos LOT MC

Circuit: leung_nmcf_pin_3 cmos LOT MC

Warning: Model issue on line 61 :
  .model nmos_rvt nmos (level=1 vto=    5.190044895308259e-01     kp=    1 ...
unrecognized parameter (tcv) - ignored
unrecognized parameter (bex) - ignored

Warning: Model issue on line 63 :
  .model pmos_rvt pmos (level=1 vto=   -4.778863995636494e-01     kp=    1 ...
unrecognized parameter (tcv) - ignored
unrecognized parameter (bex) - ignored

Note: Starting dynamic gmin stepping
Note: Dynamic gmin stepping completed
Note: Starting dynamic gmin stepping
Note: Dynamic gmin stepping completed
Doing analysis at TEMP = 27.000000 and TNOM = 27.000000

Using SPARSE 1.3 as Direct Linear Solver

No. of Data Rows : 1
Doing analysis at TEMP = 27.000000 and TNOM = 27.000000

Using SPARSE 1.3 as Direct Linear Solver

No. of Data Rows : 181
dcgain_             =  1.11417e+02
ugf_hz              =  3.77874e+05
phase_at_ugf        =  8.90317e+01
ugf_hz = 3.778742e+05
pm_deg = 8.903170e+01
Reset re-loads circuit leung_nmcf_pin_3 cmos LOT MC

Circuit: leung_nmcf_pin_3 cmos LOT MC

Warning: Model issue on line 61 :
  .model nmos_rvt nmos (level=1 vto=    5.044615344470554e-01     kp=    2 ...
unrecognized parameter (tcv) - ignored
unrecognized parameter (bex) - ignored

Warning: Model issue on line 63 :
  .model pmos_rvt pmos (level=1 vto=   -4.922666038175800e-01     kp=    9 ...
unrecognized parameter (tcv) - ignored
unrecognized parameter (bex) - ignored

Note: Starting dynamic gmin stepping
Note: Dynamic gmin stepping completed
Note: Starting dynamic gmin stepping
Note: Dynamic gmin stepping completed
Doing analysis at TEMP = 27.000000 and TNOM = 27.000000

Using SPARSE 1.3 as Direct Linear Solver

No. of Data Rows : 1
Doing analysis at TEMP = 27.000000 and TNOM = 27.000000

Using SPARSE 1.3 as Direct Linear Solver

No. of Data Rows : 181
dcgain_             =  1.10937e+02
ugf_hz              =  3.56527e+05
phase_at_ugf        =  8.90370e+01
ugf_hz = 3.565270e+05
pm_deg = 8.903704e+01
Reset re-loads circuit leung_nmcf_pin_3 cmos LOT MC

Circuit: leung_nmcf_pin_3 cmos LOT MC

Warning: Model issue on line 61 :
  .model nmos_rvt nmos (level=1 vto=    5.065372695430858e-01     kp=    2 ...
unrecognized parameter (tcv) - ignored
unrecognized parameter (bex) - ignored

Warning: Model issue on line 63 :
  .model pmos_rvt pmos (level=1 vto=   -4.821657745031408e-01     kp=    1 ...
unrecognized parameter (tcv) - ignored
unrecognized parameter (bex) - ignored

Note: Starting dynamic gmin stepping
Note: Dynamic gmin stepping completed
Note: Starting dynamic gmin stepping
Note: Dynamic gmin stepping completed
Doing analysis at TEMP = 27.000000 and TNOM = 27.000000

Using SPARSE 1.3 as Direct Linear Solver

No. of Data Rows : 1
Doing analysis at TEMP = 27.000000 and TNOM = 27.000000

Using SPARSE 1.3 as Direct Linear Solver

No. of Data Rows : 181
dcgain_             =  1.11246e+02
ugf_hz              =  3.70105e+05
phase_at_ugf        =  8.90356e+01
ugf_hz = 3.701055e+05
pm_deg = 8.903556e+01
Reset re-loads circuit leung_nmcf_pin_3 cmos LOT MC

Circuit: leung_nmcf_pin_3 cmos LOT MC

Warning: Model issue on line 61 :
  .model nmos_rvt nmos (level=1 vto=    5.096672789331783e-01     kp=    2 ...
unrecognized parameter (tcv) - ignored
unrecognized parameter (bex) - ignored

Warning: Model issue on line 63 :
  .model pmos_rvt pmos (level=1 vto=   -4.820795676295175e-01     kp=    9 ...
unrecognized parameter (tcv) - ignored
unrecognized parameter (bex) - ignored

Note: Starting dynamic gmin stepping
Note: Dynamic gmin stepping completed
Note: Starting dynamic gmin stepping
Note: Dynamic gmin stepping completed
Doing analysis at TEMP = 27.000000 and TNOM = 27.000000

Using SPARSE 1.3 as Direct Linear Solver

No. of Data Rows : 1
Doing analysis at TEMP = 27.000000 and TNOM = 27.000000

Using SPARSE 1.3 as Direct Linear Solver

No. of Data Rows : 181
dcgain_             =  1.11130e+02
ugf_hz              =  3.65123e+05
phase_at_ugf        =  8.90346e+01
ugf_hz = 3.651230e+05
pm_deg = 8.903465e+01
Reset re-loads circuit leung_nmcf_pin_3 cmos LOT MC

Circuit: leung_nmcf_pin_3 cmos LOT MC

Warning: Model issue on line 61 :
  .model nmos_rvt nmos (level=1 vto=    4.985215035762285e-01     kp=    1 ...
unrecognized parameter (tcv) - ignored
unrecognized parameter (bex) - ignored

Warning: Model issue on line 63 :
  .model pmos_rvt pmos (level=1 vto=   -4.903837475170928e-01     kp=    1 ...
unrecognized parameter (tcv) - ignored
unrecognized parameter (bex) - ignored

Note: Starting dynamic gmin stepping
Note: Dynamic gmin stepping completed
Note: Starting dynamic gmin stepping
Note: Dynamic gmin stepping completed
Doing analysis at TEMP = 27.000000 and TNOM = 27.000000

Using SPARSE 1.3 as Direct Linear Solver

No. of Data Rows : 1
Doing analysis at TEMP = 27.000000 and TNOM = 27.000000

Using SPARSE 1.3 as Direct Linear Solver

No. of Data Rows : 181
dcgain_             =  1.11188e+02
ugf_hz              =  3.67776e+05
phase_at_ugf        =  8.90329e+01
ugf_hz = 3.677759e+05
pm_deg = 8.903293e+01
Reset re-loads circuit leung_nmcf_pin_3 cmos LOT MC

Circuit: leung_nmcf_pin_3 cmos LOT MC

Warning: Model issue on line 61 :
  .model nmos_rvt nmos (level=1 vto=    4.856195320711377e-01     kp=    1 ...
unrecognized parameter (tcv) - ignored
unrecognized parameter (bex) - ignored

Warning: Model issue on line 63 :
  .model pmos_rvt pmos (level=1 vto=   -4.956269018864393e-01     kp=    9 ...
unrecognized parameter (tcv) - ignored
unrecognized parameter (bex) - ignored

Note: Starting dynamic gmin stepping
Note: Dynamic gmin stepping completed
Note: Starting dynamic gmin stepping
Note: Dynamic gmin stepping completed
Doing analysis at TEMP = 27.000000 and TNOM = 27.000000

Using SPARSE 1.3 as Direct Linear Solver

No. of Data Rows : 1
Doing analysis at TEMP = 27.000000 and TNOM = 27.000000

Using SPARSE 1.3 as Direct Linear Solver
 Reference value :  1.99526e+00
No. of Data Rows : 181
dcgain_             =  1.10708e+02
ugf_hz              =  3.47703e+05
phase_at_ugf        =  8.90323e+01
ugf_hz = 3.477031e+05
pm_deg = 8.903231e+01
Reset re-loads circuit leung_nmcf_pin_3 cmos LOT MC

Circuit: leung_nmcf_pin_3 cmos LOT MC

Warning: Model issue on line 61 :
  .model nmos_rvt nmos (level=1 vto=    4.880572395710014e-01     kp=    1 ...
unrecognized parameter (tcv) - ignored
unrecognized parameter (bex) - ignored

Warning: Model issue on line 63 :
  .model pmos_rvt pmos (level=1 vto=   -4.863380152548520e-01     kp=    9 ...
unrecognized parameter (tcv) - ignored
unrecognized parameter (bex) - ignored

Note: Starting dynamic gmin stepping
Note: Dynamic gmin stepping completed
Note: Starting dynamic gmin stepping
Note: Dynamic gmin stepping completed
Doing analysis at TEMP = 27.000000 and TNOM = 27.000000

Using SPARSE 1.3 as Direct Linear Solver

No. of Data Rows : 1
Doing analysis at TEMP = 27.000000 and TNOM = 27.000000

Using SPARSE 1.3 as Direct Linear Solver

No. of Data Rows : 181
dcgain_             =  1.11054e+02
ugf_hz              =  3.61848e+05
phase_at_ugf        =  8.90347e+01
ugf_hz = 3.618481e+05
pm_deg = 8.903471e+01
Reset re-loads circuit leung_nmcf_pin_3 cmos LOT MC

Circuit: leung_nmcf_pin_3 cmos LOT MC

Warning: Model issue on line 61 :
  .model nmos_rvt nmos (level=1 vto=    4.774840777953754e-01     kp=    1 ...
unrecognized parameter (tcv) - ignored
unrecognized parameter (bex) - ignored

Warning: Model issue on line 63 :
  .model pmos_rvt pmos (level=1 vto=   -4.678274146494406e-01     kp=    1 ...
unrecognized parameter (tcv) - ignored
unrecognized parameter (bex) - ignored

Note: Starting dynamic gmin stepping
Note: Dynamic gmin stepping completed
Note: Starting dynamic gmin stepping
Note: Dynamic gmin stepping completed
Doing analysis at TEMP = 27.000000 and TNOM = 27.000000

Using SPARSE 1.3 as Direct Linear Solver

No. of Data Rows : 1
Doing analysis at TEMP = 27.000000 and TNOM = 27.000000

Using SPARSE 1.3 as Direct Linear Solver

No. of Data Rows : 181
dcgain_             =  1.11397e+02
ugf_hz              =  3.76975e+05
phase_at_ugf        =  8.90333e+01
ugf_hz = 3.769753e+05
pm_deg = 8.903328e+01
Reset re-loads circuit leung_nmcf_pin_3 cmos LOT MC

Circuit: leung_nmcf_pin_3 cmos LOT MC

Warning: Model issue on line 61 :
  .model nmos_rvt nmos (level=1 vto=    4.804741882349694e-01     kp=    2 ...
unrecognized parameter (tcv) - ignored
unrecognized parameter (bex) - ignored

Warning: Model issue on line 63 :
  .model pmos_rvt pmos (level=1 vto=   -5.019856287745620e-01     kp=    1 ...
unrecognized parameter (tcv) - ignored
unrecognized parameter (bex) - ignored

Note: Starting dynamic gmin stepping
Note: Dynamic gmin stepping completed
Note: Starting dynamic gmin stepping
Note: Dynamic gmin stepping completed
Doing analysis at TEMP = 27.000000 and TNOM = 27.000000

Using SPARSE 1.3 as Direct Linear Solver

No. of Data Rows : 1
Doing analysis at TEMP = 27.000000 and TNOM = 27.000000

Using SPARSE 1.3 as Direct Linear Solver

No. of Data Rows : 181
dcgain_             =  1.11198e+02
ugf_hz              =  3.67985e+05
phase_at_ugf        =  8.90373e+01
ugf_hz = 3.679849e+05
pm_deg = 8.903732e+01
Reset re-loads circuit leung_nmcf_pin_3 cmos LOT MC

Circuit: leung_nmcf_pin_3 cmos LOT MC

Warning: Model issue on line 61 :
  .model nmos_rvt nmos (level=1 vto=    5.005443787968232e-01     kp=    2 ...
unrecognized parameter (tcv) - ignored
unrecognized parameter (bex) - ignored

Warning: Model issue on line 63 :
  .model pmos_rvt pmos (level=1 vto=   -4.912918673161467e-01     kp=    1 ...
unrecognized parameter (tcv) - ignored
unrecognized parameter (bex) - ignored

Note: Starting dynamic gmin stepping
Note: Dynamic gmin stepping completed
Note: Starting dynamic gmin stepping
Note: Dynamic gmin stepping completed
Doing analysis at TEMP = 27.000000 and TNOM = 27.000000

Using SPARSE 1.3 as Direct Linear Solver

No. of Data Rows : 1
Doing analysis at TEMP = 27.000000 and TNOM = 27.000000

Using SPARSE 1.3 as Direct Linear Solver

No. of Data Rows : 181
dcgain_             =  1.11694e+02
ugf_hz              =  3.89768e+05
phase_at_ugf        =  8.90363e+01
ugf_hz = 3.897676e+05
pm_deg = 8.903634e+01
Reset re-loads circuit leung_nmcf_pin_3 cmos LOT MC

Circuit: leung_nmcf_pin_3 cmos LOT MC

Warning: Model issue on line 61 :
  .model nmos_rvt nmos (level=1 vto=    4.802585907417386e-01     kp=    2 ...
unrecognized parameter (tcv) - ignored
unrecognized parameter (bex) - ignored

Warning: Model issue on line 63 :
  .model pmos_rvt pmos (level=1 vto=   -5.502717612032869e-01     kp=    9 ...
unrecognized parameter (tcv) - ignored
unrecognized parameter (bex) - ignored

Note: Starting dynamic gmin stepping
Note: Dynamic gmin stepping completed
Note: Starting dynamic gmin stepping
Note: Dynamic gmin stepping completed
Doing analysis at TEMP = 27.000000 and TNOM = 27.000000

Using SPARSE 1.3 as Direct Linear Solver

No. of Data Rows : 1
Doing analysis at TEMP = 27.000000 and TNOM = 27.000000

Using SPARSE 1.3 as Direct Linear Solver

No. of Data Rows : 181
dcgain_             =  1.10855e+02
ugf_hz              =  3.53222e+05
phase_at_ugf        =  8.90370e+01
ugf_hz = 3.532225e+05
pm_deg = 8.903703e+01
Reset re-loads circuit leung_nmcf_pin_3 cmos LOT MC

Circuit: leung_nmcf_pin_3 cmos LOT MC

Warning: Model issue on line 61 :
  .model nmos_rvt nmos (level=1 vto=    5.065576865189880e-01     kp=    2 ...
unrecognized parameter (tcv) - ignored
unrecognized parameter (bex) - ignored

Warning: Model issue on line 63 :
  .model pmos_rvt pmos (level=1 vto=   -4.949295978271949e-01     kp=    1 ...
unrecognized parameter (tcv) - ignored
unrecognized parameter (bex) - ignored

Note: Starting dynamic gmin stepping
Note: Dynamic gmin stepping completed
Note: Starting dynamic gmin stepping
Note: Dynamic gmin stepping completed
Doing analysis at TEMP = 27.000000 and TNOM = 27.000000

Using SPARSE 1.3 as Direct Linear Solver

No. of Data Rows : 1
Doing analysis at TEMP = 27.000000 and TNOM = 27.000000

Using SPARSE 1.3 as Direct Linear Solver
 Reference value :  5.62341e+07
No. of Data Rows : 181
dcgain_             =  1.11217e+02
ugf_hz              =  3.68928e+05
phase_at_ugf        =  8.90342e+01
ugf_hz = 3.689285e+05
pm_deg = 8.903420e+01
Reset re-loads circuit leung_nmcf_pin_3 cmos LOT MC

Circuit: leung_nmcf_pin_3 cmos LOT MC

Warning: Model issue on line 61 :
  .model nmos_rvt nmos (level=1 vto=    5.043181708537119e-01     kp=    1 ...
unrecognized parameter (tcv) - ignored
unrecognized parameter (bex) - ignored

Warning: Model issue on line 63 :
  .model pmos_rvt pmos (level=1 vto=   -4.912439329734710e-01     kp=    9 ...
unrecognized parameter (tcv) - ignored
unrecognized parameter (bex) - ignored

Note: Starting dynamic gmin stepping
Note: Dynamic gmin stepping completed
Note: Starting dynamic gmin stepping
Note: Dynamic gmin stepping completed
Doing analysis at TEMP = 27.000000 and TNOM = 27.000000

Using SPARSE 1.3 as Direct Linear Solver

No. of Data Rows : 1
Doing analysis at TEMP = 27.000000 and TNOM = 27.000000

Using SPARSE 1.3 as Direct Linear Solver

No. of Data Rows : 181
dcgain_             =  1.11064e+02
ugf_hz              =  3.62363e+05
phase_at_ugf        =  8.90331e+01
ugf_hz = 3.623630e+05
pm_deg = 8.903310e+01
Reset re-loads circuit leung_nmcf_pin_3 cmos LOT MC

Circuit: leung_nmcf_pin_3 cmos LOT MC

Warning: Model issue on line 61 :
  .model nmos_rvt nmos (level=1 vto=    4.835130928170579e-01     kp=    1 ...
unrecognized parameter (tcv) - ignored
unrecognized parameter (bex) - ignored

Warning: Model issue on line 63 :
  .model pmos_rvt pmos (level=1 vto=   -5.079318589211386e-01     kp=    1 ...
unrecognized parameter (tcv) - ignored
unrecognized parameter (bex) - ignored

Note: Starting dynamic gmin stepping
Note: Dynamic gmin stepping completed
Note: Starting dynamic gmin stepping
Note: Dynamic gmin stepping completed
Doing analysis at TEMP = 27.000000 and TNOM = 27.000000

Using SPARSE 1.3 as Direct Linear Solver

No. of Data Rows : 1
Doing analysis at TEMP = 27.000000 and TNOM = 27.000000

Using SPARSE 1.3 as Direct Linear Solver

No. of Data Rows : 181
dcgain_             =  1.11285e+02
ugf_hz              =  3.71969e+05
phase_at_ugf        =  8.90342e+01
ugf_hz = 3.719693e+05
pm_deg = 8.903424e+01
Reset re-loads circuit leung_nmcf_pin_3 cmos LOT MC

Circuit: leung_nmcf_pin_3 cmos LOT MC

Warning: Model issue on line 61 :
  .model nmos_rvt nmos (level=1 vto=    5.030332060587832e-01     kp=    1 ...
unrecognized parameter (tcv) - ignored
unrecognized parameter (bex) - ignored

Warning: Model issue on line 63 :
  .model pmos_rvt pmos (level=1 vto=   -4.787802299765251e-01     kp=    1 ...
unrecognized parameter (tcv) - ignored
unrecognized parameter (bex) - ignored

Note: Starting dynamic gmin stepping
Note: Dynamic gmin stepping completed
Note: Starting dynamic gmin stepping
Note: Dynamic gmin stepping completed
Doing analysis at TEMP = 27.000000 and TNOM = 27.000000

Using SPARSE 1.3 as Direct Linear Solver

No. of Data Rows : 1
Doing analysis at TEMP = 27.000000 and TNOM = 27.000000

Using SPARSE 1.3 as Direct Linear Solver

No. of Data Rows : 181
dcgain_             =  1.11228e+02
ugf_hz              =  3.69497e+05
phase_at_ugf        =  8.90335e+01
ugf_hz = 3.694967e+05
pm_deg = 8.903348e+01
Reset re-loads circuit leung_nmcf_pin_3 cmos LOT MC

Circuit: leung_nmcf_pin_3 cmos LOT MC

Warning: Model issue on line 61 :
  .model nmos_rvt nmos (level=1 vto=    4.874806248135359e-01     kp=    2 ...
unrecognized parameter (tcv) - ignored
unrecognized parameter (bex) - ignored

Warning: Model issue on line 63 :
  .model pmos_rvt pmos (level=1 vto=   -4.996094846932479e-01     kp=    9 ...
unrecognized parameter (tcv) - ignored
unrecognized parameter (bex) - ignored

Note: Starting dynamic gmin stepping
Note: Dynamic gmin stepping completed
Note: Starting dynamic gmin stepping
Note: Dynamic gmin stepping completed
Doing analysis at TEMP = 27.000000 and TNOM = 27.000000

Using SPARSE 1.3 as Direct Linear Solver

No. of Data Rows : 1
Doing analysis at TEMP = 27.000000 and TNOM = 27.000000

Using SPARSE 1.3 as Direct Linear Solver

No. of Data Rows : 181
dcgain_             =  1.11149e+02
ugf_hz              =  3.65923e+05
phase_at_ugf        =  8.90360e+01
ugf_hz = 3.659231e+05
pm_deg = 8.903599e+01
Reset re-loads circuit leung_nmcf_pin_3 cmos LOT MC

Circuit: leung_nmcf_pin_3 cmos LOT MC

Warning: Model issue on line 61 :
  .model nmos_rvt nmos (level=1 vto=    4.869791079390744e-01     kp=    1 ...
unrecognized parameter (tcv) - ignored
unrecognized parameter (bex) - ignored

Warning: Model issue on line 63 :
  .model pmos_rvt pmos (level=1 vto=   -5.086815928756981e-01     kp=    1 ...
unrecognized parameter (tcv) - ignored
unrecognized parameter (bex) - ignored

Note: Starting dynamic gmin stepping
Note: Dynamic gmin stepping completed
Note: Starting dynamic gmin stepping
Note: Dynamic gmin stepping completed
Doing analysis at TEMP = 27.000000 and TNOM = 27.000000

Using SPARSE 1.3 as Direct Linear Solver

No. of Data Rows : 1
Doing analysis at TEMP = 27.000000 and TNOM = 27.000000

Using SPARSE 1.3 as Direct Linear Solver

No. of Data Rows : 181
dcgain_             =  1.11357e+02
ugf_hz              =  3.75225e+05
phase_at_ugf        =  8.90332e+01
ugf_hz = 3.752253e+05
pm_deg = 8.903318e+01
Reset re-loads circuit leung_nmcf_pin_3 cmos LOT MC

Circuit: leung_nmcf_pin_3 cmos LOT MC

Warning: Model issue on line 61 :
  .model nmos_rvt nmos (level=1 vto=    5.263924951215325e-01     kp=    2 ...
unrecognized parameter (tcv) - ignored
unrecognized parameter (bex) - ignored

Warning: Model issue on line 63 :
  .model pmos_rvt pmos (level=1 vto=   -4.871582094620243e-01     kp=    9 ...
unrecognized parameter (tcv) - ignored
unrecognized parameter (bex) - ignored

Note: Starting dynamic gmin stepping
Note: Dynamic gmin stepping completed
Note: Starting dynamic gmin stepping
Note: Dynamic gmin stepping completed
Doing analysis at TEMP = 27.000000 and TNOM = 27.000000

Using SPARSE 1.3 as Direct Linear Solver

No. of Data Rows : 1
Doing analysis at TEMP = 27.000000 and TNOM = 27.000000

Using SPARSE 1.3 as Direct Linear Solver
 Reference value :  3.16228e+08
No. of Data Rows : 181
dcgain_             =  1.11090e+02
ugf_hz              =  3.63383e+05
phase_at_ugf        =  8.90338e+01
ugf_hz = 3.633827e+05
pm_deg = 8.903382e+01
Reset re-loads circuit leung_nmcf_pin_3 cmos LOT MC

Circuit: leung_nmcf_pin_3 cmos LOT MC

Warning: Model issue on line 61 :
  .model nmos_rvt nmos (level=1 vto=    4.637503812676874e-01     kp=    1 ...
unrecognized parameter (tcv) - ignored
unrecognized parameter (bex) - ignored

Warning: Model issue on line 63 :
  .model pmos_rvt pmos (level=1 vto=   -5.086530264880164e-01     kp=    9 ...
unrecognized parameter (tcv) - ignored
unrecognized parameter (bex) - ignored

Note: Starting dynamic gmin stepping
Note: Dynamic gmin stepping completed
Note: Starting dynamic gmin stepping
Note: Dynamic gmin stepping completed
Doing analysis at TEMP = 27.000000 and TNOM = 27.000000

Using SPARSE 1.3 as Direct Linear Solver

No. of Data Rows : 1
Doing analysis at TEMP = 27.000000 and TNOM = 27.000000

Using SPARSE 1.3 as Direct Linear Solver

No. of Data Rows : 181
dcgain_             =  1.10712e+02
ugf_hz              =  3.47775e+05
phase_at_ugf        =  8.90346e+01
ugf_hz = 3.477745e+05
pm_deg = 8.903463e+01
Reset re-loads circuit leung_nmcf_pin_3 cmos LOT MC

Circuit: leung_nmcf_pin_3 cmos LOT MC

Warning: Model issue on line 61 :
  .model nmos_rvt nmos (level=1 vto=    4.585179226122891e-01     kp=    2 ...
unrecognized parameter (tcv) - ignored
unrecognized parameter (bex) - ignored

Warning: Model issue on line 63 :
  .model pmos_rvt pmos (level=1 vto=   -5.051354728289518e-01     kp=    8 ...
unrecognized parameter (tcv) - ignored
unrecognized parameter (bex) - ignored

Note: Starting dynamic gmin stepping
Note: Dynamic gmin stepping completed
Note: Starting dynamic gmin stepping
Note: Dynamic gmin stepping completed
Doing analysis at TEMP = 27.000000 and TNOM = 27.000000

Using SPARSE 1.3 as Direct Linear Solver

No. of Data Rows : 1
Doing analysis at TEMP = 27.000000 and TNOM = 27.000000

Using SPARSE 1.3 as Direct Linear Solver

No. of Data Rows : 181
dcgain_             =  1.10657e+02
ugf_hz              =  3.45481e+05
phase_at_ugf        =  8.90374e+01
ugf_hz = 3.454811e+05
pm_deg = 8.903736e+01
Reset re-loads circuit leung_nmcf_pin_3 cmos LOT MC

Circuit: leung_nmcf_pin_3 cmos LOT MC

Warning: Model issue on line 61 :
  .model nmos_rvt nmos (level=1 vto=    5.096086746458642e-01     kp=    2 ...
unrecognized parameter (tcv) - ignored
unrecognized parameter (bex) - ignored

Warning: Model issue on line 63 :
  .model pmos_rvt pmos (level=1 vto=   -5.181426698937790e-01     kp=    9 ...
unrecognized parameter (tcv) - ignored
unrecognized parameter (bex) - ignored

Note: Starting dynamic gmin stepping
Note: Dynamic gmin stepping completed
Note: Starting dynamic gmin stepping
Note: Dynamic gmin stepping completed
Doing analysis at TEMP = 27.000000 and TNOM = 27.000000

Using SPARSE 1.3 as Direct Linear Solver

No. of Data Rows : 1
Doing analysis at TEMP = 27.000000 and TNOM = 27.000000

Using SPARSE 1.3 as Direct Linear Solver

No. of Data Rows : 181
dcgain_             =  1.11029e+02
ugf_hz              =  3.60481e+05
phase_at_ugf        =  8.90377e+01
ugf_hz = 3.604812e+05
pm_deg = 8.903773e+01
Reset re-loads circuit leung_nmcf_pin_3 cmos LOT MC

Circuit: leung_nmcf_pin_3 cmos LOT MC

Warning: Model issue on line 61 :
  .model nmos_rvt nmos (level=1 vto=    5.269778291702190e-01     kp=    2 ...
unrecognized parameter (tcv) - ignored
unrecognized parameter (bex) - ignored

Warning: Model issue on line 63 :
  .model pmos_rvt pmos (level=1 vto=   -4.522897359992973e-01     kp=    9 ...
unrecognized parameter (tcv) - ignored
unrecognized parameter (bex) - ignored

Note: Starting dynamic gmin stepping
Note: Dynamic gmin stepping completed
Note: Starting dynamic gmin stepping
Note: Dynamic gmin stepping completed
Doing analysis at TEMP = 27.000000 and TNOM = 27.000000

Using SPARSE 1.3 as Direct Linear Solver

No. of Data Rows : 1
Doing analysis at TEMP = 27.000000 and TNOM = 27.000000

Using SPARSE 1.3 as Direct Linear Solver

No. of Data Rows : 181
dcgain_             =  1.10798e+02
ugf_hz              =  3.50995e+05
phase_at_ugf        =  8.90349e+01
ugf_hz = 3.509950e+05
pm_deg = 8.903495e+01
Reset re-loads circuit leung_nmcf_pin_3 cmos LOT MC

Circuit: leung_nmcf_pin_3 cmos LOT MC

Warning: Model issue on line 61 :
  .model nmos_rvt nmos (level=1 vto=    5.044412409848644e-01     kp=    1 ...
unrecognized parameter (tcv) - ignored
unrecognized parameter (bex) - ignored

Warning: Model issue on line 63 :
  .model pmos_rvt pmos (level=1 vto=   -4.815455871892577e-01     kp=    9 ...
unrecognized parameter (tcv) - ignored
unrecognized parameter (bex) - ignored

Note: Starting dynamic gmin stepping
Note: Dynamic gmin stepping completed
Note: Starting dynamic gmin stepping
Note: Dynamic gmin stepping completed
Doing analysis at TEMP = 27.000000 and TNOM = 27.000000

Using SPARSE 1.3 as Direct Linear Solver

No. of Data Rows : 1
Doing analysis at TEMP = 27.000000 and TNOM = 27.000000

Using SPARSE 1.3 as Direct Linear Solver

No. of Data Rows : 181
dcgain_             =  1.11052e+02
ugf_hz              =  3.61811e+05
phase_at_ugf        =  8.90335e+01
ugf_hz = 3.618106e+05
pm_deg = 8.903348e+01
Reset re-loads circuit leung_nmcf_pin_3 cmos LOT MC

Circuit: leung_nmcf_pin_3 cmos LOT MC

Warning: Model issue on line 61 :
  .model nmos_rvt nmos (level=1 vto=    4.856568255408530e-01     kp=    1 ...
unrecognized parameter (tcv) - ignored
unrecognized parameter (bex) - ignored

Warning: Model issue on line 63 :
  .model pmos_rvt pmos (level=1 vto=   -4.959678507742911e-01     kp=    1 ...
unrecognized parameter (tcv) - ignored
unrecognized parameter (bex) - ignored

Note: Starting dynamic gmin stepping
Note: Dynamic gmin stepping completed
Note: Starting dynamic gmin stepping
Note: Dynamic gmin stepping completed
Doing analysis at TEMP = 27.000000 and TNOM = 27.000000

Using SPARSE 1.3 as Direct Linear Solver

No. of Data Rows : 1
Doing analysis at TEMP = 27.000000 and TNOM = 27.000000

Using SPARSE 1.3 as Direct Linear Solver

No. of Data Rows : 181
dcgain_             =  1.11566e+02
ugf_hz              =  3.84288e+05
phase_at_ugf        =  8.90346e+01
ugf_hz = 3.842880e+05
pm_deg = 8.903461e+01
Reset re-loads circuit leung_nmcf_pin_3 cmos LOT MC

Circuit: leung_nmcf_pin_3 cmos LOT MC

Warning: Model issue on line 61 :
  .model nmos_rvt nmos (level=1 vto=    5.209447623755646e-01     kp=    2 ...
unrecognized parameter (tcv) - ignored
unrecognized parameter (bex) - ignored

Warning: Model issue on line 63 :
  .model pmos_rvt pmos (level=1 vto=   -5.088331030433357e-01     kp=    1 ...
unrecognized parameter (tcv) - ignored
unrecognized parameter (bex) - ignored

Note: Starting dynamic gmin stepping
Note: Dynamic gmin stepping completed
Doing analysis at TEMP = 27.000000 and TNOM = 27.000000

Using SPARSE 1.3 as Direct Linear Solver
 Reference value :  0.00000e+00Note: Starting dynamic gmin stepping
Note: Dynamic gmin stepping completed

No. of Data Rows : 1
Doing analysis at TEMP = 27.000000 and TNOM = 27.000000

Using SPARSE 1.3 as Direct Linear Solver

No. of Data Rows : 181
dcgain_             =  1.11324e+02
ugf_hz              =  3.73647e+05
phase_at_ugf        =  8.90336e+01
ugf_hz = 3.736465e+05
pm_deg = 8.903360e+01
Reset re-loads circuit leung_nmcf_pin_3 cmos LOT MC

Circuit: leung_nmcf_pin_3 cmos LOT MC

Warning: Model issue on line 61 :
  .model nmos_rvt nmos (level=1 vto=    5.195139421678459e-01     kp=    1 ...
unrecognized parameter (tcv) - ignored
unrecognized parameter (bex) - ignored

Warning: Model issue on line 63 :
  .model pmos_rvt pmos (level=1 vto=   -4.769285797539854e-01     kp=    9 ...
unrecognized parameter (tcv) - ignored
unrecognized parameter (bex) - ignored

Note: Starting dynamic gmin stepping
Note: Dynamic gmin stepping completed
Note: Starting dynamic gmin stepping
Note: Dynamic gmin stepping completed
Doing analysis at TEMP = 27.000000 and TNOM = 27.000000

Using SPARSE 1.3 as Direct Linear Solver

No. of Data Rows : 1
Doing analysis at TEMP = 27.000000 and TNOM = 27.000000

Using SPARSE 1.3 as Direct Linear Solver

No. of Data Rows : 181
dcgain_             =  1.11090e+02
ugf_hz              =  3.63639e+05
phase_at_ugf        =  8.90305e+01
ugf_hz = 3.636386e+05
pm_deg = 8.903049e+01
Reset re-loads circuit leung_nmcf_pin_3 cmos LOT MC

Circuit: leung_nmcf_pin_3 cmos LOT MC

Warning: Model issue on line 61 :
  .model nmos_rvt nmos (level=1 vto=    5.007425159741307e-01     kp=    1 ...
unrecognized parameter (tcv) - ignored
unrecognized parameter (bex) - ignored

Warning: Model issue on line 63 :
  .model pmos_rvt pmos (level=1 vto=   -4.824176615706017e-01     kp=    1 ...
unrecognized parameter (tcv) - ignored
unrecognized parameter (bex) - ignored

Note: Starting dynamic gmin stepping
Note: Dynamic gmin stepping completed
Note: Starting dynamic gmin stepping
Note: Dynamic gmin stepping completed
Doing analysis at TEMP = 27.000000 and TNOM = 27.000000

Using SPARSE 1.3 as Direct Linear Solver

No. of Data Rows : 1
Doing analysis at TEMP = 27.000000 and TNOM = 27.000000

Using SPARSE 1.3 as Direct Linear Solver

No. of Data Rows : 181
dcgain_             =  1.11218e+02
ugf_hz              =  3.69010e+05
phase_at_ugf        =  8.90339e+01
ugf_hz = 3.690103e+05
pm_deg = 8.903389e+01
Reset re-loads circuit leung_nmcf_pin_3 cmos LOT MC

Circuit: leung_nmcf_pin_3 cmos LOT MC

Warning: Model issue on line 61 :
  .model nmos_rvt nmos (level=1 vto=    4.950446290119732e-01     kp=    1 ...
unrecognized parameter (tcv) - ignored
unrecognized parameter (bex) - ignored

Warning: Model issue on line 63 :
  .model pmos_rvt pmos (level=1 vto=   -5.138071798116597e-01     kp=    1 ...
unrecognized parameter (tcv) - ignored
unrecognized parameter (bex) - ignored

Note: Starting dynamic gmin stepping
Note: Dynamic gmin stepping completed
Note: Starting dynamic gmin stepping
Note: Dynamic gmin stepping completed
Doing analysis at TEMP = 27.000000 and TNOM = 27.000000

Using SPARSE 1.3 as Direct Linear Solver

No. of Data Rows : 1
Doing analysis at TEMP = 27.000000 and TNOM = 27.000000

Using SPARSE 1.3 as Direct Linear Solver

No. of Data Rows : 181
dcgain_             =  1.11383e+02
ugf_hz              =  3.76302e+05
phase_at_ugf        =  8.90337e+01
ugf_hz = 3.763025e+05
pm_deg = 8.903367e+01
Reset re-loads circuit leung_nmcf_pin_3 cmos LOT MC

Circuit: leung_nmcf_pin_3 cmos LOT MC

Warning: Model issue on line 61 :
  .model nmos_rvt nmos (level=1 vto=    5.159967656220744e-01     kp=    1 ...
unrecognized parameter (tcv) - ignored
unrecognized parameter (bex) - ignored

Warning: Model issue on line 63 :
  .model pmos_rvt pmos (level=1 vto=   -4.966766545076355e-01     kp=    1 ...
unrecognized parameter (tcv) - ignored
unrecognized parameter (bex) - ignored

Note: Starting dynamic gmin stepping
Note: Dynamic gmin stepping completed
Note: Starting dynamic gmin stepping
Note: Dynamic gmin stepping completed
Doing analysis at TEMP = 27.000000 and TNOM = 27.000000

Using SPARSE 1.3 as Direct Linear Solver

No. of Data Rows : 1
Doing analysis at TEMP = 27.000000 and TNOM = 27.000000

Using SPARSE 1.3 as Direct Linear Solver

No. of Data Rows : 181
dcgain_             =  1.11542e+02
ugf_hz              =  3.83241e+05
phase_at_ugf        =  8.90333e+01
ugf_hz = 3.832410e+05
pm_deg = 8.903331e+01
Reset re-loads circuit leung_nmcf_pin_3 cmos LOT MC

Circuit: leung_nmcf_pin_3 cmos LOT MC

Warning: Model issue on line 61 :
  .model nmos_rvt nmos (level=1 vto=    5.000058529507377e-01     kp=    2 ...
unrecognized parameter (tcv) - ignored
unrecognized parameter (bex) - ignored

Warning: Model issue on line 63 :
  .model pmos_rvt pmos (level=1 vto=   -4.846621519328353e-01     kp=    1 ...
unrecognized parameter (tcv) - ignored
unrecognized parameter (bex) - ignored

Note: Starting dynamic gmin stepping
Note: Dynamic gmin stepping completed
Note: Starting dynamic gmin stepping
Note: Dynamic gmin stepping completed
Doing analysis at TEMP = 27.000000 and TNOM = 27.000000

Using SPARSE 1.3 as Direct Linear Solver

No. of Data Rows : 1
Doing analysis at TEMP = 27.000000 and TNOM = 27.000000

Using SPARSE 1.3 as Direct Linear Solver

No. of Data Rows : 181
dcgain_             =  1.11348e+02
ugf_hz              =  3.74601e+05
phase_at_ugf        =  8.90355e+01
ugf_hz = 3.746011e+05
pm_deg = 8.903552e+01
Reset re-loads circuit leung_nmcf_pin_3 cmos LOT MC

Circuit: leung_nmcf_pin_3 cmos LOT MC

Warning: Model issue on line 61 :
  .model nmos_rvt nmos (level=1 vto=    4.896809403971886e-01     kp=    2 ...
unrecognized parameter (tcv) - ignored
unrecognized parameter (bex) - ignored

Warning: Model issue on line 63 :
  .model pmos_rvt pmos (level=1 vto=   -5.039293802963652e-01     kp=    9 ...
unrecognized parameter (tcv) - ignored
unrecognized parameter (bex) - ignored

Note: Starting dynamic gmin stepping
Note: Dynamic gmin stepping completed
Note: Starting dynamic gmin stepping
Note: Dynamic gmin stepping completed
Doing analysis at TEMP = 27.000000 and TNOM = 27.000000

Using SPARSE 1.3 as Direct Linear Solver

No. of Data Rows : 1
Doing analysis at TEMP = 27.000000 and TNOM = 27.000000

Using SPARSE 1.3 as Direct Linear Solver

No. of Data Rows : 181
dcgain_             =  1.11036e+02
ugf_hz              =  3.61026e+05
phase_at_ugf        =  8.90353e+01
ugf_hz = 3.610263e+05
pm_deg = 8.903533e+01
Reset re-loads circuit leung_nmcf_pin_3 cmos LOT MC

Circuit: leung_nmcf_pin_3 cmos LOT MC

Warning: Model issue on line 61 :
  .model nmos_rvt nmos (level=1 vto=    4.989902755855442e-01     kp=    2 ...
unrecognized parameter (tcv) - ignored
unrecognized parameter (bex) - ignored

Warning: Model issue on line 63 :
  .model pmos_rvt pmos (level=1 vto=   -5.342087080818942e-01     kp=    1 ...
unrecognized parameter (tcv) - ignored
unrecognized parameter (bex) - ignored

Note: Starting dynamic gmin stepping
Note: Dynamic gmin stepping completed
Note: Starting dynamic gmin stepping
Note: Dynamic gmin stepping completed
Doing analysis at TEMP = 27.000000 and TNOM = 27.000000

Using SPARSE 1.3 as Direct Linear Solver

No. of Data Rows : 1
Doing analysis at TEMP = 27.000000 and TNOM = 27.000000

Using SPARSE 1.3 as Direct Linear Solver
 Reference value :  7.07946e+04
No. of Data Rows : 181
dcgain_             =  1.11280e+02
ugf_hz              =  3.71558e+05
phase_at_ugf        =  8.90365e+01
ugf_hz = 3.715579e+05
pm_deg = 8.903647e+01
Reset re-loads circuit leung_nmcf_pin_3 cmos LOT MC

Circuit: leung_nmcf_pin_3 cmos LOT MC

Warning: Model issue on line 61 :
  .model nmos_rvt nmos (level=1 vto=    5.013691950888044e-01     kp=    2 ...
unrecognized parameter (tcv) - ignored
unrecognized parameter (bex) - ignored

Warning: Model issue on line 63 :
  .model pmos_rvt pmos (level=1 vto=   -5.183544060007675e-01     kp=    9 ...
unrecognized parameter (tcv) - ignored
unrecognized parameter (bex) - ignored

Note: Starting dynamic gmin stepping
Note: Dynamic gmin stepping completed
Note: Starting dynamic gmin stepping
Note: Dynamic gmin stepping completed
Doing analysis at TEMP = 27.000000 and TNOM = 27.000000

Using SPARSE 1.3 as Direct Linear Solver

No. of Data Rows : 1
Doing analysis at TEMP = 27.000000 and TNOM = 27.000000

Using SPARSE 1.3 as Direct Linear Solver

No. of Data Rows : 181
dcgain_             =  1.10862e+02
ugf_hz              =  3.53504e+05
phase_at_ugf        =  8.90363e+01
ugf_hz = 3.535044e+05
pm_deg = 8.903631e+01
Reset re-loads circuit leung_nmcf_pin_3 cmos LOT MC

Circuit: leung_nmcf_pin_3 cmos LOT MC

Warning: Model issue on line 61 :
  .model nmos_rvt nmos (level=1 vto=    5.013333424288040e-01     kp=    1 ...
unrecognized parameter (tcv) - ignored
unrecognized parameter (bex) - ignored

Warning: Model issue on line 63 :
  .model pmos_rvt pmos (level=1 vto=   -5.442169675208022e-01     kp=    9 ...
unrecognized parameter (tcv) - ignored
unrecognized parameter (bex) - ignored

Note: Starting dynamic gmin stepping
Note: Dynamic gmin stepping completed
Note: Starting dynamic gmin stepping
Note: Dynamic gmin stepping completed
Doing analysis at TEMP = 27.000000 and TNOM = 27.000000

Using SPARSE 1.3 as Direct Linear Solver

No. of Data Rows : 1
Doing analysis at TEMP = 27.000000 and TNOM = 27.000000

Using SPARSE 1.3 as Direct Linear Solver

No. of Data Rows : 181
dcgain_             =  1.10909e+02
ugf_hz              =  3.55510e+05
phase_at_ugf        =  8.90346e+01
ugf_hz = 3.555096e+05
pm_deg = 8.903464e+01
Reset re-loads circuit leung_nmcf_pin_3 cmos LOT MC

Circuit: leung_nmcf_pin_3 cmos LOT MC

Warning: Model issue on line 61 :
  .model nmos_rvt nmos (level=1 vto=    4.925677716815608e-01     kp=    2 ...
unrecognized parameter (tcv) - ignored
unrecognized parameter (bex) - ignored

Warning: Model issue on line 63 :
  .model pmos_rvt pmos (level=1 vto=   -4.897239010875343e-01     kp=    1 ...
unrecognized parameter (tcv) - ignored
unrecognized parameter (bex) - ignored

Note: Starting dynamic gmin stepping
Note: Dynamic gmin stepping completed
Note: Starting dynamic gmin stepping
Note: Dynamic gmin stepping completed
Doing analysis at TEMP = 27.000000 and TNOM = 27.000000

Using SPARSE 1.3 as Direct Linear Solver

No. of Data Rows : 1
Doing analysis at TEMP = 27.000000 and TNOM = 27.000000

Using SPARSE 1.3 as Direct Linear Solver

No. of Data Rows : 181
dcgain_             =  1.11196e+02
ugf_hz              =  3.67798e+05
phase_at_ugf        =  8.90382e+01
ugf_hz = 3.677978e+05
pm_deg = 8.903816e+01
Reset re-loads circuit leung_nmcf_pin_3 cmos LOT MC

Circuit: leung_nmcf_pin_3 cmos LOT MC

Warning: Model issue on line 61 :
  .model nmos_rvt nmos (level=1 vto=    5.066466787421182e-01     kp=    2 ...
unrecognized parameter (tcv) - ignored
unrecognized parameter (bex) - ignored

Warning: Model issue on line 63 :
  .model pmos_rvt pmos (level=1 vto=   -4.857032460222567e-01     kp=    1 ...
unrecognized parameter (tcv) - ignored
unrecognized parameter (bex) - ignored

Note: Starting dynamic gmin stepping
Note: Dynamic gmin stepping completed
Note: Starting dynamic gmin stepping
Note: Dynamic gmin stepping completed
Doing analysis at TEMP = 27.000000 and TNOM = 27.000000

Using SPARSE 1.3 as Direct Linear Solver

No. of Data Rows : 1
Doing analysis at TEMP = 27.000000 and TNOM = 27.000000

Using SPARSE 1.3 as Direct Linear Solver

No. of Data Rows : 181
dcgain_             =  1.11537e+02
ugf_hz              =  3.82970e+05
phase_at_ugf        =  8.90343e+01
ugf_hz = 3.829697e+05
pm_deg = 8.903427e+01
Reset re-loads circuit leung_nmcf_pin_3 cmos LOT MC

Circuit: leung_nmcf_pin_3 cmos LOT MC

Warning: Model issue on line 61 :
  .model nmos_rvt nmos (level=1 vto=    5.245499747797205e-01     kp=    1 ...
unrecognized parameter (tcv) - ignored
unrecognized parameter (bex) - ignored

Warning: Model issue on line 63 :
  .model pmos_rvt pmos (level=1 vto=   -4.805722747899767e-01     kp=    9 ...
unrecognized parameter (tcv) - ignored
unrecognized parameter (bex) - ignored

Note: Starting dynamic gmin stepping
Note: Dynamic gmin stepping completed
Note: Starting dynamic gmin stepping
Note: Dynamic gmin stepping completed
Doing analysis at TEMP = 27.000000 and TNOM = 27.000000

Using SPARSE 1.3 as Direct Linear Solver

No. of Data Rows : 1
Doing analysis at TEMP = 27.000000 and TNOM = 27.000000

Using SPARSE 1.3 as Direct Linear Solver

No. of Data Rows : 181
dcgain_             =  1.11085e+02
ugf_hz              =  3.63311e+05
phase_at_ugf        =  8.90315e+01
ugf_hz = 3.633107e+05
pm_deg = 8.903150e+01
Reset re-loads circuit leung_nmcf_pin_3 cmos LOT MC

Circuit: leung_nmcf_pin_3 cmos LOT MC

Warning: Model issue on line 61 :
  .model nmos_rvt nmos (level=1 vto=    5.044288366946232e-01     kp=    2 ...
unrecognized parameter (tcv) - ignored
unrecognized parameter (bex) - ignored

Warning: Model issue on line 63 :
  .model pmos_rvt pmos (level=1 vto=   -4.942403135175044e-01     kp=    1 ...
unrecognized parameter (tcv) - ignored
unrecognized parameter (bex) - ignored

Note: Starting dynamic gmin stepping
Note: Dynamic gmin stepping completed
Note: Starting dynamic gmin stepping
Note: Dynamic gmin stepping completed
Doing analysis at TEMP = 27.000000 and TNOM = 27.000000

Using SPARSE 1.3 as Direct Linear Solver

No. of Data Rows : 1
Doing analysis at TEMP = 27.000000 and TNOM = 27.000000

Using SPARSE 1.3 as Direct Linear Solver

No. of Data Rows : 181
dcgain_             =  1.11288e+02
ugf_hz              =  3.72067e+05
phase_at_ugf        =  8.90341e+01
ugf_hz = 3.720670e+05
pm_deg = 8.903411e+01
Reset re-loads circuit leung_nmcf_pin_3 cmos LOT MC

Circuit: leung_nmcf_pin_3 cmos LOT MC

Warning: Model issue on line 61 :
  .model nmos_rvt nmos (level=1 vto=    4.895110422603685e-01     kp=    2 ...
unrecognized parameter (tcv) - ignored
unrecognized parameter (bex) - ignored

Warning: Model issue on line 63 :
  .model pmos_rvt pmos (level=1 vto=   -5.269947634652724e-01     kp=    1 ...
unrecognized parameter (tcv) - ignored
unrecognized parameter (bex) - ignored

Note: Starting dynamic gmin stepping
Note: Dynamic gmin stepping completed
Note: Starting dynamic gmin stepping
Note: Dynamic gmin stepping completed
Doing analysis at TEMP = 27.000000 and TNOM = 27.000000

Using SPARSE 1.3 as Direct Linear Solver

No. of Data Rows : 1
Doing analysis at TEMP = 27.000000 and TNOM = 27.000000

Using SPARSE 1.3 as Direct Linear Solver

No. of Data Rows : 181
dcgain_             =  1.11371e+02
ugf_hz              =  3.75543e+05
phase_at_ugf        =  8.90372e+01
ugf_hz = 3.755431e+05
pm_deg = 8.903721e+01
Reset re-loads circuit leung_nmcf_pin_3 cmos LOT MC

Circuit: leung_nmcf_pin_3 cmos LOT MC

Warning: Model issue on line 61 :
  .model nmos_rvt nmos (level=1 vto=    5.186022400301987e-01     kp=    1 ...
unrecognized parameter (tcv) - ignored
unrecognized parameter (bex) - ignored

Warning: Model issue on line 63 :
  .model pmos_rvt pmos (level=1 vto=   -5.070847026910474e-01     kp=    1 ...
unrecognized parameter (tcv) - ignored
unrecognized parameter (bex) - ignored

Note: Starting dynamic gmin stepping
Note: Dynamic gmin stepping completed
Note: Starting dynamic gmin stepping
Note: Dynamic gmin stepping completed
Doing analysis at TEMP = 27.000000 and TNOM = 27.000000

Using SPARSE 1.3 as Direct Linear Solver

No. of Data Rows : 1
Doing analysis at TEMP = 27.000000 and TNOM = 27.000000

Using SPARSE 1.3 as Direct Linear Solver

No. of Data Rows : 181
dcgain_             =  1.11266e+02
ugf_hz              =  3.71171e+05
phase_at_ugf        =  8.90328e+01
ugf_hz = 3.711709e+05
pm_deg = 8.903285e+01
Reset re-loads circuit leung_nmcf_pin_3 cmos LOT MC

Circuit: leung_nmcf_pin_3 cmos LOT MC

Warning: Model issue on line 61 :
  .model nmos_rvt nmos (level=1 vto=    4.836016038414318e-01     kp=    1 ...
unrecognized parameter (tcv) - ignored
unrecognized parameter (bex) - ignored

Warning: Model issue on line 63 :
  .model pmos_rvt pmos (level=1 vto=   -5.202898026917188e-01     kp=    9 ...
unrecognized parameter (tcv) - ignored
unrecognized parameter (bex) - ignored

Note: Starting dynamic gmin stepping
Note: Dynamic gmin stepping completed
Note: Starting dynamic gmin stepping
Note: Dynamic gmin stepping completed
Doing analysis at TEMP = 27.000000 and TNOM = 27.000000

Using SPARSE 1.3 as Direct Linear Solver

No. of Data Rows : 1
Doing analysis at TEMP = 27.000000 and TNOM = 27.000000

Using SPARSE 1.3 as Direct Linear Solver
 Reference value :  3.98107e+00
No. of Data Rows : 181
dcgain_             =  1.11137e+02
ugf_hz              =  3.65558e+05
phase_at_ugf        =  8.90336e+01
ugf_hz = 3.655578e+05
pm_deg = 8.903363e+01
Reset re-loads circuit leung_nmcf_pin_3 cmos LOT MC

Circuit: leung_nmcf_pin_3 cmos LOT MC

Warning: Model issue on line 61 :
  .model nmos_rvt nmos (level=1 vto=    5.142360640767076e-01     kp=    2 ...
unrecognized parameter (tcv) - ignored
unrecognized parameter (bex) - ignored

Warning: Model issue on line 63 :
  .model pmos_rvt pmos (level=1 vto=   -4.802711697793268e-01     kp=    1 ...
unrecognized parameter (tcv) - ignored
unrecognized parameter (bex) - ignored

Note: Starting dynamic gmin stepping
Note: Dynamic gmin stepping completed
Note: Starting dynamic gmin stepping
Note: Dynamic gmin stepping completed
Doing analysis at TEMP = 27.000000 and TNOM = 27.000000

Using SPARSE 1.3 as Direct Linear Solver

No. of Data Rows : 1
Doing analysis at TEMP = 27.000000 and TNOM = 27.000000

Using SPARSE 1.3 as Direct Linear Solver

No. of Data Rows : 181
dcgain_             =  1.11381e+02
ugf_hz              =  3.75911e+05
phase_at_ugf        =  8.90371e+01
ugf_hz = 3.759106e+05
pm_deg = 8.903707e+01
Reset re-loads circuit leung_nmcf_pin_3 cmos LOT MC

Circuit: leung_nmcf_pin_3 cmos LOT MC

Warning: Model issue on line 61 :
  .model nmos_rvt nmos (level=1 vto=    5.006628261562310e-01     kp=    1 ...
unrecognized parameter (tcv) - ignored
unrecognized parameter (bex) - ignored

Warning: Model issue on line 63 :
  .model pmos_rvt pmos (level=1 vto=   -5.239530939219177e-01     kp=    1 ...
unrecognized parameter (tcv) - ignored
unrecognized parameter (bex) - ignored

Note: Starting dynamic gmin stepping
Note: Dynamic gmin stepping completed
Note: Starting dynamic gmin stepping
Note: Dynamic gmin stepping completed
Doing analysis at TEMP = 27.000000 and TNOM = 27.000000

Using SPARSE 1.3 as Direct Linear Solver

No. of Data Rows : 1
Doing analysis at TEMP = 27.000000 and TNOM = 27.000000

Using SPARSE 1.3 as Direct Linear Solver

No. of Data Rows : 181
dcgain_             =  1.11228e+02
ugf_hz              =  3.69596e+05
phase_at_ugf        =  8.90324e+01
ugf_hz = 3.695955e+05
pm_deg = 8.903238e+01
Reset re-loads circuit leung_nmcf_pin_3 cmos LOT MC

Circuit: leung_nmcf_pin_3 cmos LOT MC

Warning: Model issue on line 61 :
  .model nmos_rvt nmos (level=1 vto=    4.534768940030498e-01     kp=    1 ...
unrecognized parameter (tcv) - ignored
unrecognized parameter (bex) - ignored

Warning: Model issue on line 63 :
  .model pmos_rvt pmos (level=1 vto=   -4.897772603661418e-01     kp=    1 ...
unrecognized parameter (tcv) - ignored
unrecognized parameter (bex) - ignored

Note: Starting dynamic gmin stepping
Note: Dynamic gmin stepping completed
Note: Starting dynamic gmin stepping
Note: Dynamic gmin stepping completed
Doing analysis at TEMP = 27.000000 and TNOM = 27.000000

Using SPARSE 1.3 as Direct Linear Solver

No. of Data Rows : 1
Doing analysis at TEMP = 27.000000 and TNOM = 27.000000

Using SPARSE 1.3 as Direct Linear Solver

No. of Data Rows : 181
dcgain_             =  1.11680e+02
ugf_hz              =  3.89305e+05
phase_at_ugf        =  8.90359e+01
ugf_hz = 3.893051e+05
pm_deg = 8.903593e+01
Reset re-loads circuit leung_nmcf_pin_3 cmos LOT MC

Circuit: leung_nmcf_pin_3 cmos LOT MC

Warning: Model issue on line 61 :
  .model nmos_rvt nmos (level=1 vto=    4.956361284595865e-01     kp=    1 ...
unrecognized parameter (tcv) - ignored
unrecognized parameter (bex) - ignored

Warning: Model issue on line 63 :
  .model pmos_rvt pmos (level=1 vto=   -4.976279487292959e-01     kp=    1 ...
unrecognized parameter (tcv) - ignored
unrecognized parameter (bex) - ignored

Note: Starting dynamic gmin stepping
Note: Dynamic gmin stepping completed
Note: Starting dynamic gmin stepping
Note: Dynamic gmin stepping completed
Doing analysis at TEMP = 27.000000 and TNOM = 27.000000

Using SPARSE 1.3 as Direct Linear Solver

No. of Data Rows : 1
Doing analysis at TEMP = 27.000000 and TNOM = 27.000000

Using SPARSE 1.3 as Direct Linear Solver

No. of Data Rows : 181
dcgain_             =  1.11232e+02
ugf_hz              =  3.69627e+05
phase_at_ugf        =  8.90341e+01
ugf_hz = 3.696268e+05
pm_deg = 8.903409e+01
Reset re-loads circuit leung_nmcf_pin_3 cmos LOT MC

Circuit: leung_nmcf_pin_3 cmos LOT MC

Warning: Model issue on line 61 :
  .model nmos_rvt nmos (level=1 vto=    4.646660382246379e-01     kp=    1 ...
unrecognized parameter (tcv) - ignored
unrecognized parameter (bex) - ignored

Warning: Model issue on line 63 :
  .model pmos_rvt pmos (level=1 vto=   -4.862629854873897e-01     kp=    9 ...
unrecognized parameter (tcv) - ignored
unrecognized parameter (bex) - ignored

Note: Starting dynamic gmin stepping
Note: Dynamic gmin stepping completed
Note: Starting dynamic gmin stepping
Note: Dynamic gmin stepping completed
Doing analysis at TEMP = 27.000000 and TNOM = 27.000000

Using SPARSE 1.3 as Direct Linear Solver

No. of Data Rows : 1
Doing analysis at TEMP = 27.000000 and TNOM = 27.000000

Using SPARSE 1.3 as Direct Linear Solver

No. of Data Rows : 181
dcgain_             =  1.11155e+02
ugf_hz              =  3.66344e+05
phase_at_ugf        =  8.90340e+01
ugf_hz = 3.663444e+05
pm_deg = 8.903396e+01
Reset re-loads circuit leung_nmcf_pin_3 cmos LOT MC

Circuit: leung_nmcf_pin_3 cmos LOT MC

Warning: Model issue on line 61 :
  .model nmos_rvt nmos (level=1 vto=    4.581505672955766e-01     kp=    1 ...
unrecognized parameter (tcv) - ignored
unrecognized parameter (bex) - ignored

Warning: Model issue on line 63 :
  .model pmos_rvt pmos (level=1 vto=   -4.780305350911841e-01     kp=    9 ...
unrecognized parameter (tcv) - ignored
unrecognized parameter (bex) - ignored

Note: Starting dynamic gmin stepping
Note: Dynamic gmin stepping completed
Doing analysis at TEMP = 27.000000 and TNOM = 27.000000

Using SPARSE 1.3 as Direct Linear Solver
 Reference value :  0.00000e+00Note: Starting dynamic gmin stepping
Note: Dynamic gmin stepping completed

No. of Data Rows : 1
Doing analysis at TEMP = 27.000000 and TNOM = 27.000000

Using SPARSE 1.3 as Direct Linear Solver

No. of Data Rows : 181
dcgain_             =  1.11026e+02
ugf_hz              =  3.60634e+05
phase_at_ugf        =  8.90356e+01
ugf_hz = 3.606336e+05
pm_deg = 8.903555e+01
Reset re-loads circuit leung_nmcf_pin_3 cmos LOT MC

Circuit: leung_nmcf_pin_3 cmos LOT MC

Warning: Model issue on line 61 :
  .model nmos_rvt nmos (level=1 vto=    4.906113380385571e-01     kp=    1 ...
unrecognized parameter (tcv) - ignored
unrecognized parameter (bex) - ignored

Warning: Model issue on line 63 :
  .model pmos_rvt pmos (level=1 vto=   -4.982181687881136e-01     kp=    1 ...
unrecognized parameter (tcv) - ignored
unrecognized parameter (bex) - ignored

Note: Starting dynamic gmin stepping
Note: Dynamic gmin stepping completed
Note: Starting dynamic gmin stepping
Note: Dynamic gmin stepping completed
Doing analysis at TEMP = 27.000000 and TNOM = 27.000000

Using SPARSE 1.3 as Direct Linear Solver

No. of Data Rows : 1
Doing analysis at TEMP = 27.000000 and TNOM = 27.000000

Using SPARSE 1.3 as Direct Linear Solver

No. of Data Rows : 181
dcgain_             =  1.11347e+02
ugf_hz              =  3.74859e+05
phase_at_ugf        =  8.90320e+01
ugf_hz = 3.748592e+05
pm_deg = 8.903204e+01
Reset re-loads circuit leung_nmcf_pin_3 cmos LOT MC

Circuit: leung_nmcf_pin_3 cmos LOT MC

Warning: Model issue on line 61 :
  .model nmos_rvt nmos (level=1 vto=    5.128616972214042e-01     kp=    2 ...
unrecognized parameter (tcv) - ignored
unrecognized parameter (bex) - ignored

Warning: Model issue on line 63 :
  .model pmos_rvt pmos (level=1 vto=   -5.021140609276840e-01     kp=    1 ...
unrecognized parameter (tcv) - ignored
unrecognized parameter (bex) - ignored

Note: Starting dynamic gmin stepping
Note: Dynamic gmin stepping completed
Note: Starting dynamic gmin stepping
Note: Dynamic gmin stepping completed
Doing analysis at TEMP = 27.000000 and TNOM = 27.000000

Using SPARSE 1.3 as Direct Linear Solver

No. of Data Rows : 1
Doing analysis at TEMP = 27.000000 and TNOM = 27.000000

Using SPARSE 1.3 as Direct Linear Solver

No. of Data Rows : 181
dcgain_             =  1.11290e+02
ugf_hz              =  3.72122e+05
phase_at_ugf        =  8.90345e+01
ugf_hz = 3.721223e+05
pm_deg = 8.903455e+01
Reset re-loads circuit leung_nmcf_pin_3 cmos LOT MC

Circuit: leung_nmcf_pin_3 cmos LOT MC

Warning: Model issue on line 61 :
  .model nmos_rvt nmos (level=1 vto=    5.145601307936281e-01     kp=    1 ...
unrecognized parameter (tcv) - ignored
unrecognized parameter (bex) - ignored

Warning: Model issue on line 63 :
  .model pmos_rvt pmos (level=1 vto=   -5.240864927856065e-01     kp=    9 ...
unrecognized parameter (tcv) - ignored
unrecognized parameter (bex) - ignored

Note: Starting dynamic gmin stepping
Note: Dynamic gmin stepping completed
Note: Starting dynamic gmin stepping
Note: Dynamic gmin stepping completed
Doing analysis at TEMP = 27.000000 and TNOM = 27.000000

Using SPARSE 1.3 as Direct Linear Solver

No. of Data Rows : 1
Doing analysis at TEMP = 27.000000 and TNOM = 27.000000

Using SPARSE 1.3 as Direct Linear Solver

No. of Data Rows : 181
dcgain_             =  1.11155e+02
ugf_hz              =  3.66297e+05
phase_at_ugf        =  8.90329e+01
ugf_hz = 3.662971e+05
pm_deg = 8.903295e+01
Reset re-loads circuit leung_nmcf_pin_3 cmos LOT MC

Circuit: leung_nmcf_pin_3 cmos LOT MC

Warning: Model issue on line 61 :
  .model nmos_rvt nmos (level=1 vto=    4.751976323270482e-01     kp=    1 ...
unrecognized parameter (tcv) - ignored
unrecognized parameter (bex) - ignored

Warning: Model issue on line 63 :
  .model pmos_rvt pmos (level=1 vto=   -4.856375379341343e-01     kp=    1 ...
unrecognized parameter (tcv) - ignored
unrecognized parameter (bex) - ignored

Note: Starting dynamic gmin stepping
Note: Dynamic gmin stepping completed
Note: Starting dynamic gmin stepping
Note: Dynamic gmin stepping completed
Doing analysis at TEMP = 27.000000 and TNOM = 27.000000

Using SPARSE 1.3 as Direct Linear Solver

No. of Data Rows : 1
Doing analysis at TEMP = 27.000000 and TNOM = 27.000000

Using SPARSE 1.3 as Direct Linear Solver

No. of Data Rows : 181
dcgain_             =  1.11374e+02
ugf_hz              =  3.75884e+05
phase_at_ugf        =  8.90347e+01
ugf_hz = 3.758844e+05
pm_deg = 8.903471e+01
Reset re-loads circuit leung_nmcf_pin_3 cmos LOT MC

Circuit: leung_nmcf_pin_3 cmos LOT MC

Warning: Model issue on line 61 :
  .model nmos_rvt nmos (level=1 vto=    5.140661948513003e-01     kp=    2 ...
unrecognized parameter (tcv) - ignored
unrecognized parameter (bex) - ignored

Warning: Model issue on line 63 :
  .model pmos_rvt pmos (level=1 vto=   -4.878390060809282e-01     kp=    1 ...
unrecognized parameter (tcv) - ignored
unrecognized parameter (bex) - ignored

Note: Starting dynamic gmin stepping
Note: Dynamic gmin stepping completed
Note: Starting dynamic gmin stepping
Note: Dynamic gmin stepping completed
Doing analysis at TEMP = 27.000000 and TNOM = 27.000000

Using SPARSE 1.3 as Direct Linear Solver

No. of Data Rows : 1
Doing analysis at TEMP = 27.000000 and TNOM = 27.000000

Using SPARSE 1.3 as Direct Linear Solver
 Reference value :  7.07946e+04
No. of Data Rows : 181
dcgain_             =  1.11320e+02
ugf_hz              =  3.73393e+05
phase_at_ugf        =  8.90345e+01
ugf_hz = 3.733929e+05
pm_deg = 8.903453e+01
Reset re-loads circuit leung_nmcf_pin_3 cmos LOT MC

Circuit: leung_nmcf_pin_3 cmos LOT MC

Warning: Model issue on line 61 :
  .model nmos_rvt nmos (level=1 vto=    5.154421413106766e-01     kp=    2 ...
unrecognized parameter (tcv) - ignored
unrecognized parameter (bex) - ignored

Warning: Model issue on line 63 :
  .model pmos_rvt pmos (level=1 vto=   -4.800815128232642e-01     kp=    1 ...
unrecognized parameter (tcv) - ignored
unrecognized parameter (bex) - ignored

Note: Starting dynamic gmin stepping
Note: Dynamic gmin stepping completed
Note: Starting dynamic gmin stepping
Note: Dynamic gmin stepping completed
Doing analysis at TEMP = 27.000000 and TNOM = 27.000000

Using SPARSE 1.3 as Direct Linear Solver

No. of Data Rows : 1
Doing analysis at TEMP = 27.000000 and TNOM = 27.000000

Using SPARSE 1.3 as Direct Linear Solver

No. of Data Rows : 181
dcgain_             =  1.11261e+02
ugf_hz              =  3.70858e+05
phase_at_ugf        =  8.90339e+01
ugf_hz = 3.708583e+05
pm_deg = 8.903386e+01
Reset re-loads circuit leung_nmcf_pin_3 cmos LOT MC

Circuit: leung_nmcf_pin_3 cmos LOT MC

Warning: Model issue on line 61 :
  .model nmos_rvt nmos (level=1 vto=    5.074705203090977e-01     kp=    1 ...
unrecognized parameter (tcv) - ignored
unrecognized parameter (bex) - ignored

Warning: Model issue on line 63 :
  .model pmos_rvt pmos (level=1 vto=   -5.274838803958845e-01     kp=    1 ...
unrecognized parameter (tcv) - ignored
unrecognized parameter (bex) - ignored

Note: Starting dynamic gmin stepping
Note: Dynamic gmin stepping completed
Note: Starting dynamic gmin stepping
Note: Dynamic gmin stepping completed
Doing analysis at TEMP = 27.000000 and TNOM = 27.000000

Using SPARSE 1.3 as Direct Linear Solver

No. of Data Rows : 1
Doing analysis at TEMP = 27.000000 and TNOM = 27.000000

Using SPARSE 1.3 as Direct Linear Solver

No. of Data Rows : 181
dcgain_             =  1.11416e+02
ugf_hz              =  3.77792e+05
phase_at_ugf        =  8.90323e+01
ugf_hz = 3.777922e+05
pm_deg = 8.903233e+01
Reset re-loads circuit leung_nmcf_pin_3 cmos LOT MC

Circuit: leung_nmcf_pin_3 cmos LOT MC

Warning: Model issue on line 61 :
  .model nmos_rvt nmos (level=1 vto=    5.139933283618143e-01     kp=    2 ...
unrecognized parameter (tcv) - ignored
unrecognized parameter (bex) - ignored

Warning: Model issue on line 63 :
  .model pmos_rvt pmos (level=1 vto=   -4.842550424881069e-01     kp=    9 ...
unrecognized parameter (tcv) - ignored
unrecognized parameter (bex) - ignored

Note: Starting dynamic gmin stepping
Note: Dynamic gmin stepping completed
Note: Starting dynamic gmin stepping
Note: Dynamic gmin stepping completed
Doing analysis at TEMP = 27.000000 and TNOM = 27.000000

Using SPARSE 1.3 as Direct Linear Solver

No. of Data Rows : 1
Doing analysis at TEMP = 27.000000 and TNOM = 27.000000

Using SPARSE 1.3 as Direct Linear Solver

No. of Data Rows : 181
dcgain_             =  1.11034e+02
ugf_hz              =  3.60842e+05
phase_at_ugf        =  8.90356e+01
ugf_hz = 3.608423e+05
pm_deg = 8.903555e+01
Reset re-loads circuit leung_nmcf_pin_3 cmos LOT MC

Circuit: leung_nmcf_pin_3 cmos LOT MC

Warning: Model issue on line 61 :
  .model nmos_rvt nmos (level=1 vto=    4.689794145374419e-01     kp=    1 ...
unrecognized parameter (tcv) - ignored
unrecognized parameter (bex) - ignored

Warning: Model issue on line 63 :
  .model pmos_rvt pmos (level=1 vto=   -5.029022608396451e-01     kp=    9 ...
unrecognized parameter (tcv) - ignored
unrecognized parameter (bex) - ignored

Note: Starting dynamic gmin stepping
Note: Dynamic gmin stepping completed
Note: Starting dynamic gmin stepping
Note: Dynamic gmin stepping completed
Doing analysis at TEMP = 27.000000 and TNOM = 27.000000

Using SPARSE 1.3 as Direct Linear Solver

No. of Data Rows : 1
Doing analysis at TEMP = 27.000000 and TNOM = 27.000000

Using SPARSE 1.3 as Direct Linear Solver

No. of Data Rows : 181
dcgain_             =  1.11068e+02
ugf_hz              =  3.62451e+05
phase_at_ugf        =  8.90355e+01
ugf_hz = 3.624513e+05
pm_deg = 8.903553e+01
Reset re-loads circuit leung_nmcf_pin_3 cmos LOT MC

Circuit: leung_nmcf_pin_3 cmos LOT MC

Warning: Model issue on line 61 :
  .model nmos_rvt nmos (level=1 vto=    5.037934280408062e-01     kp=    2 ...
unrecognized parameter (tcv) - ignored
unrecognized parameter (bex) - ignored

Warning: Model issue on line 63 :
  .model pmos_rvt pmos (level=1 vto=   -4.993795858409626e-01     kp=    9 ...
unrecognized parameter (tcv) - ignored
unrecognized parameter (bex) - ignored

Note: Starting dynamic gmin stepping
Note: Dynamic gmin stepping completed
Note: Starting dynamic gmin stepping
Note: Dynamic gmin stepping completed
Doing analysis at TEMP = 27.000000 and TNOM = 27.000000

Using SPARSE 1.3 as Direct Linear Solver

No. of Data Rows : 1
Doing analysis at TEMP = 27.000000 and TNOM = 27.000000

Using SPARSE 1.3 as Direct Linear Solver

No. of Data Rows : 181
dcgain_             =  1.10745e+02
ugf_hz              =  3.48930e+05
phase_at_ugf        =  8.90355e+01
ugf_hz = 3.489300e+05
pm_deg = 8.903553e+01
Reset re-loads circuit leung_nmcf_pin_3 cmos LOT MC

Circuit: leung_nmcf_pin_3 cmos LOT MC

Warning: Model issue on line 61 :
  .model nmos_rvt nmos (level=1 vto=    5.060304981217205e-01     kp=    2 ...
unrecognized parameter (tcv) - ignored
unrecognized parameter (bex) - ignored

Warning: Model issue on line 63 :
  .model pmos_rvt pmos (level=1 vto=   -4.993805874893065e-01     kp=    9 ...
unrecognized parameter (tcv) - ignored
unrecognized parameter (bex) - ignored

Note: Starting dynamic gmin stepping
Note: Dynamic gmin stepping completed
Doing analysis at TEMP = 27.000000 and TNOM = 27.000000

Using SPARSE 1.3 as Direct Linear Solver
 Reference value :  0.00000e+00Note: Starting dynamic gmin stepping
Note: Dynamic gmin stepping completed

No. of Data Rows : 1
Doing analysis at TEMP = 27.000000 and TNOM = 27.000000

Using SPARSE 1.3 as Direct Linear Solver

No. of Data Rows : 181
dcgain_             =  1.11155e+02
ugf_hz              =  3.66080e+05
phase_at_ugf        =  8.90363e+01
ugf_hz = 3.660798e+05
pm_deg = 8.903626e+01
Reset re-loads circuit leung_nmcf_pin_3 cmos LOT MC

Circuit: leung_nmcf_pin_3 cmos LOT MC

Warning: Model issue on line 61 :
  .model nmos_rvt nmos (level=1 vto=    4.701364150040899e-01     kp=    1 ...
unrecognized parameter (tcv) - ignored
unrecognized parameter (bex) - ignored

Warning: Model issue on line 63 :
  .model pmos_rvt pmos (level=1 vto=   -5.039521312993137e-01     kp=    9 ...
unrecognized parameter (tcv) - ignored
unrecognized parameter (bex) - ignored

Note: Starting dynamic gmin stepping
Note: Dynamic gmin stepping completed
Note: Starting dynamic gmin stepping
Note: Dynamic gmin stepping completed
Doing analysis at TEMP = 27.000000 and TNOM = 27.000000

Using SPARSE 1.3 as Direct Linear Solver

No. of Data Rows : 1
Doing analysis at TEMP = 27.000000 and TNOM = 27.000000

Using SPARSE 1.3 as Direct Linear Solver

No. of Data Rows : 181
dcgain_             =  1.10871e+02
ugf_hz              =  3.53871e+05
phase_at_ugf        =  8.90366e+01
ugf_hz = 3.538706e+05
pm_deg = 8.903663e+01
Reset re-loads circuit leung_nmcf_pin_3 cmos LOT MC

Circuit: leung_nmcf_pin_3 cmos LOT MC

Warning: Model issue on line 61 :
  .model nmos_rvt nmos (level=1 vto=    4.925859471894768e-01     kp=    1 ...
unrecognized parameter (tcv) - ignored
unrecognized parameter (bex) - ignored

Warning: Model issue on line 63 :
  .model pmos_rvt pmos (level=1 vto=   -4.835324230216391e-01     kp=    9 ...
unrecognized parameter (tcv) - ignored
unrecognized parameter (bex) - ignored

Note: Starting dynamic gmin stepping
Note: Dynamic gmin stepping completed
Note: Starting dynamic gmin stepping
Note: Dynamic gmin stepping completed
Doing analysis at TEMP = 27.000000 and TNOM = 27.000000

Using SPARSE 1.3 as Direct Linear Solver

No. of Data Rows : 1
Doing analysis at TEMP = 27.000000 and TNOM = 27.000000

Using SPARSE 1.3 as Direct Linear Solver

No. of Data Rows : 181
dcgain_             =  1.10897e+02
ugf_hz              =  3.55314e+05
phase_at_ugf        =  8.90299e+01
ugf_hz = 3.553138e+05
pm_deg = 8.902986e+01
MC_END
Note: Simulation executed from .control section 
